"status","p_value","morans_test_statistic","morans_I","gene_short_name","q_value","gene_id"
"OK",0,217.138663521266,0.75986870567383,"CRABP2",0,"CRABP2"
"OK",0,211.147628792936,0.73891030568985,"TSEN34",0,"TSEN34"
"OK",0,207.90483831331,0.727533401180049,"CDKN2A",0,"CDKN2A"
"OK",0,205.10388106161,0.717751040463096,"CALML5",0,"CALML5"
"OK",0,203.850900411117,0.713111349970199,"IGKC",0,"IGKC"
"OK",0,197.997920925483,0.692858998002002,"KRT14",0,"KRT14"
"OK",0,196.807906437733,0.686547695430883,"PIGR",0,"PIGR"
"OK",0,194.221649226845,0.679649078773371,"SLPI",0,"SLPI"
"OK",0,192.842144581724,0.674257639278037,"RPL13A",0,"RPL13A"
"OK",0,191.216428951206,0.669149455237025,"KRT5",0,"KRT5"
"OK",0,192.040068663664,0.665646036545419,"CSN1S1",0,"CSN1S1"
"OK",0,188.703384352093,0.657395814722574,"AGR3",0,"AGR3"
"OK",0,185.704229133427,0.649448912897848,"ASPM",0,"ASPM"
"OK",0,182.569424150949,0.638910869703028,"NDUFA4L2",0,"NDUFA4L2"
"OK",0,182.327331164357,0.638058200335103,"IGFBP5",0,"IGFBP5"
"OK",0,181.151970313373,0.633814274550937,"UBE2C",0,"UBE2C"
"OK",0,178.847263469323,0.625858844356527,"C6orf48",0,"C6orf48"
"OK",0,178.429999064452,0.624416468302103,"TTYH1",0,"TTYH1"
"OK",0,178.199991895398,0.623537572286121,"MT-ND3",0,"MT-ND3"
"OK",0,176.947298516137,0.619171671430458,"KRT19",0,"KRT19"
"OK",0,176.643900417584,0.617440537806273,"RPS6",0,"RPS6"
"OK",0,176.432182116871,0.617161672494684,"CENPA",0,"CENPA"
"OK",0,175.606326639694,0.614116511532738,"RPS5",0,"RPS5"
"OK",0,174.95403190749,0.612052068021106,"CD74",0,"CD74"
"OK",0,174.72717726073,0.611325757304657,"CENPF",0,"CENPF"
"OK",0,174.524707335378,0.61066560480154,"TRIR",0,"TRIR"
"OK",0,174.535942244354,0.610433036134764,"TAGLN",0,"TAGLN"
"OK",0,173.264325179558,0.606247654032595,"LAPTM4A",0,"LAPTM4A"
"OK",0,173.033766969409,0.605474510141916,"ATP5F1C",0,"ATP5F1C"
"OK",0,172.662761183257,0.604089442367244,"CDK1",0,"CDK1"
"OK",0,172.718048401171,0.601259543452843,"ANKRD30A",0,"ANKRD30A"
"OK",0,171.775481417662,0.600297696391835,"MYLK",0,"MYLK"
"OK",0,170.995905755453,0.597419232944446,"RPS18",0,"RPS18"
"OK",0,170.256602065961,0.595555492540897,"RPL23A",0,"RPL23A"
"OK",0,170.117349642099,0.595147467741519,"CDC20",0,"CDC20"
"OK",0,168.573233219777,0.589504037425608,"MALAT1",0,"MALAT1"
"OK",0,168.53730704086,0.589266771357195,"RPS23",0,"RPS23"
"OK",0,167.907954171089,0.587340633320198,"TOP2A",0,"TOP2A"
"OK",0,167.574117108752,0.586333291840618,"SF3B6",0,"SF3B6"
"OK",0,166.348627979512,0.582081366274704,"ATP5F1B",0,"ATP5F1B"
"OK",0,165.821808245976,0.580254274740243,"NDUFB5",0,"NDUFB5"
"OK",0,165.763559745646,0.579780831607169,"CDCA3",0,"CDCA3"
"OK",0,165.496457040496,0.578593193522786,"LTF",0,"LTF"
"OK",0,164.094036976683,0.573336164781164,"ACTA2",0,"ACTA2"
"OK",0,163.103065361919,0.570691560916917,"ATP5PO",0,"ATP5PO"
"OK",0,162.998143926085,0.570406441782322,"CALML3",0,"CALML3"
"OK",0,161.423145000483,0.564811101949833,"PRDX2",0,"PRDX2"
"OK",0,161.113006807519,0.563780262799785,"POLR2H",0,"POLR2H"
"OK",0,160.584370204306,0.561832555632953,"PERP",0,"PERP"
"OK",0,160.361972228124,0.561162677836341,"NUDT5",0,"NUDT5"
"OK",0,159.756285761777,0.559055921546638,"TCTEX1D2",0,"TCTEX1D2"
"OK",0,159.608889863492,0.558429610563218,"KRT8",0,"KRT8"
"OK",0,159.597054737073,0.558349342788745,"MT-CO2",0,"MT-CO2"
"OK",0,159.468269524802,0.557870439943487,"CSTB",0,"CSTB"
"OK",0,159.454582934672,0.557749500675653,"RPL27",0,"RPL27"
"OK",0,158.440712203413,0.553736872402644,"RPL35A",0,"RPL35A"
"OK",0,158.094372844152,0.552971861099913,"CDCA8",0,"CDCA8"
"OK",0,155.937123887214,0.545278230668821,"DEPDC1",0,"DEPDC1"
"OK",0,155.406452853862,0.543435943170426,"NACA",0,"NACA"
"OK",0,155.829988000014,0.541882815242493,"TFF3",0,"TFF3"
"OK",0,154.613572293269,0.540795642149042,"HLA-DRA",0,"HLA-DRA"
"OK",0,154.426692647517,0.5403908386725,"COMT",0,"COMT"
"OK",0,154.423511473502,0.540379552118976,"HOOK2",0,"HOOK2"
"OK",0,154.265860608032,0.539496377778812,"NUF2",0,"NUF2"
"OK",0,154.093171879923,0.53914201550744,"FXYD3",0,"FXYD3"
"OK",0,153.708478544284,0.537816879092013,"SLC25A5",0,"SLC25A5"
"OK",0,153.689722351191,0.537693454322018,"MT-ATP6",0,"MT-ATP6"
"OK",0,153.328155610761,0.536274203140153,"SPC25",0,"SPC25"
"OK",0,153.02196848019,0.535245430680934,"CCNB1",0,"CCNB1"
"OK",0,152.633387963138,0.534049710989323,"EIF4A2",0,"EIF4A2"
"OK",0,152.518571683993,0.533175910033109,"RPS7",0,"RPS7"
"OK",0,151.56233751325,0.530277973811493,"SOD1",0,"SOD1"
"OK",0,151.418502511475,0.529871350800126,"CBR3",0,"CBR3"
"OK",0,151.514037413846,0.529508743096021,"RPL28",0,"RPL28"
"OK",0,149.955344780082,0.524703812361822,"AP2M1",0,"AP2M1"
"OK",0,149.719426236643,0.523926688070064,"VCAN",0,"VCAN"
"OK",0,149.740996676935,0.523869423185503,"SEC61B",0,"SEC61B"
"OK",0,149.344720248755,0.522341856170069,"MKI67",0,"MKI67"
"OK",0,149.192258820872,0.521925650333954,"CDKN3",0,"CDKN3"
"OK",0,149.083755419514,0.521605446709386,"TUBA1B",0,"TUBA1B"
"OK",0,149.444101586888,0.520045543673238,"AFF3",0,"AFF3"
"OK",0,148.171293745739,0.518482549981031,"RAD23A",0,"RAD23A"
"OK",0,147.621472255289,0.516248656917821,"AURKB",0,"AURKB"
"OK",0,147.47494205377,0.51601948119082,"EPCAM",0,"EPCAM"
"OK",0,147.343428190988,0.514274130835997,"AGR2",0,"AGR2"
"OK",0,146.817368017819,0.513612547945294,"CD63",0,"CD63"
"OK",0,146.771522962106,0.513580910218983,"CYC1",0,"CYC1"
"OK",0,148.878376999524,0.512350082931699,"CSN3",0,"CSN3"
"OK",0,146.392144535468,0.511657560307901,"RPS16",0,"RPS16"
"OK",0,145.485221611022,0.508989654689734,"SPINT2",0,"SPINT2"
"OK",0,145.021443554286,0.50738425181593,"OST4",0,"OST4"
"OK",0,148.984074486955,0.507264408079262,"CSN2",0,"CSN2"
"OK",0,144.809221558552,0.50662990466063,"ALDH1A1",0,"ALDH1A1"
"OK",0,144.878403333333,0.505787823374039,"RPL41",0,"RPL41"
"OK",0,144.353320699596,0.505060291417124,"NEAT1",0,"NEAT1"
"OK",0,144.326524342618,0.504904657095019,"NUSAP1",0,"NUSAP1"
"OK",0,143.932258436177,0.503491805001281,"HMGN1",0,"HMGN1"
"OK",0,143.355232672868,0.501574477779934,"BRK1",0,"BRK1"
"OK",0,143.44065321157,0.501508169047187,"RPL24",0,"RPL24"
"OK",0,143.089155797001,0.499698094503558,"EEF1A1",0,"EEF1A1"
