"Gene","Spearman_rho","p_value","FDR","Absolute_Spearman_rho","Direction","Stage16B_Strong_Gene"
"IGFBP5",0.719362546762184,0,0,0.719362546762184,"Increasing",TRUE
"NDUFA4L2",0.675276779162637,0,0,0.675276779162637,"Increasing",TRUE
"SEC61B",0.600375507456073,0,0,0.600375507456073,"Increasing",TRUE
"PRDX2",0.585776113240977,0,0,0.585776113240977,"Increasing",TRUE
"RPL7",0.582354482566612,0,0,0.582354482566612,"Increasing",TRUE
"COL8A1",0.580176389418047,0,0,0.580176389418047,"Increasing",TRUE
"VCAN",0.57867653729523,0,0,0.57867653729523,"Increasing",TRUE
"HOOK2",0.576549638973405,0,0,0.576549638973405,"Increasing",TRUE
"CD63",0.575913577677913,0,0,0.575913577677913,"Increasing",TRUE
"MT-ND3",-0.574276974003456,0,0,0.574276974003456,"Decreasing",TRUE
"TMEM205",0.568451988113821,0,0,0.568451988113821,"Increasing",TRUE
"RPL18A",0.559785808303111,0,0,0.559785808303111,"Increasing",TRUE
"TRIR",0.559303031352432,0,0,0.559303031352432,"Increasing",TRUE
"MT-CO2",-0.555364740660432,0,0,0.555364740660432,"Decreasing",TRUE
"CALML3",0.554866901562164,0,0,0.554866901562164,"Increasing",TRUE
"RPL35A",0.552918825462557,0,0,0.552918825462557,"Increasing",TRUE
"IGKC",-0.552405550769452,0,0,0.552405550769452,"Decreasing",TRUE
"CBR3",0.550328456678267,0,0,0.550328456678267,"Increasing",TRUE
"MT-ATP6",-0.548294865200941,0,0,0.548294865200941,"Decreasing",TRUE
"LAPTM4A",0.548176805176369,0,0,0.548176805176369,"Increasing",TRUE
"CSTB",0.547025787303256,0,0,0.547025787303256,"Increasing",TRUE
"ATP5PO",0.545500957877733,0,0,0.545500957877733,"Increasing",TRUE
"NACA",0.543451798688263,0,0,0.543451798688263,"Increasing",TRUE
"C6orf48",0.541803305202623,0,0,0.541803305202623,"Increasing",TRUE
"RPS16",0.541664963480819,0,0,0.541664963480819,"Increasing",TRUE
"EEF1A1",0.539541658697496,0,0,0.539541658697496,"Increasing",TRUE
"HEY1",0.537946634736291,0,0,0.537946634736291,"Increasing",TRUE
"RPL13A",0.534452940042684,0,0,0.534452940042684,"Increasing",TRUE
"ALDH1A1",0.528805395260455,0,0,0.528805395260455,"Increasing",TRUE
"RPS23",0.526487221593964,0,0,0.526487221593964,"Increasing",TRUE
"RPS25",0.525349372442673,0,0,0.525349372442673,"Increasing",TRUE
"B2M",-0.522482200885127,0,0,0.522482200885127,"Decreasing",TRUE
"ATP5F1C",0.519190317549584,0,0,0.519190317549584,"Increasing",TRUE
"SLPI",0.516345890794957,0,0,0.516345890794957,"Increasing",TRUE
"RPS7",0.515266245704721,0,0,0.515266245704721,"Increasing",TRUE
"RPS18",0.513008453214054,0,0,0.513008453214054,"Increasing",TRUE
"CRABP1",0.512690845273554,0,0,0.512690845273554,"Increasing",TRUE
"EIF3H",0.512636591234209,0,0,0.512636591234209,"Increasing",TRUE
"KRT8",0.508338306819001,0,0,0.508338306819001,"Increasing",TRUE
"HLA-DRA",-0.508314084727711,0,0,0.508314084727711,"Decreasing",TRUE
"CNPY2",0.508083820716561,0,0,0.508083820716561,"Increasing",TRUE
"NUDT5",0.506232263340715,0,0,0.506232263340715,"Increasing",TRUE
"SH3YL1",0.505710756256692,0,0,0.505710756256692,"Increasing",TRUE
"SOD1",0.50191539099476,0,0,0.50191539099476,"Increasing",TRUE
"ERH",0.50134177844653,0,0,0.50134177844653,"Increasing",TRUE
"RPL36",-0.500235051791285,0,0,0.500235051791285,"Decreasing",TRUE
"TSEN34",0.49468640730094,0,0,0.49468640730094,"Increasing",TRUE
"TMEM213",0.494422405210493,0,0,0.494422405210493,"Increasing",TRUE
"MMADHC",0.494102149058543,0,0,0.494102149058543,"Increasing",TRUE
"ETFB",0.49249510127185,0,0,0.49249510127185,"Increasing",TRUE
"ATP5F1B",0.49196732621297,0,0,0.49196732621297,"Increasing",TRUE
"CD74",-0.490343005550872,0,0,0.490343005550872,"Decreasing",TRUE
"RPL27",0.489680127919161,0,0,0.489680127919161,"Increasing",TRUE
"TTYH1",0.488412053451446,0,0,0.488412053451446,"Increasing",TRUE
"DNASE2",0.487898097653757,0,0,0.487898097653757,"Increasing",TRUE
"CRABP2",0.487332606596354,0,0,0.487332606596354,"Increasing",TRUE
"SPINT2",0.486003107955693,0,0,0.486003107955693,"Increasing",TRUE
"TMEM167A",0.484514297183495,0,0,0.484514297183495,"Increasing",TRUE
"RPS5",0.479567450968385,0,0,0.479567450968385,"Increasing",TRUE
"NDUFB5",0.479253439685392,0,0,0.479253439685392,"Increasing",TRUE
"CCSER2",0.477952769054031,0,0,0.477952769054031,"Increasing",TRUE
"PPIC",0.476809531113481,0,0,0.476809531113481,"Increasing",TRUE
"OST4",0.47648812295066,0,0,0.47648812295066,"Increasing",TRUE
"PAM",0.476221678305135,0,0,0.476221678305135,"Increasing",TRUE
"CSRP2",0.474347640346317,0,0,0.474347640346317,"Increasing",TRUE
"RPL23A",0.474126770794861,0,0,0.474126770794861,"Increasing",TRUE
"MT-CYB",-0.47245146564588,0,0,0.47245146564588,"Decreasing",TRUE
"ACTB",-0.471908382419786,0,0,0.471908382419786,"Decreasing",TRUE
"TMSB10",-0.471592218647229,0,0,0.471592218647229,"Decreasing",TRUE
"CYC1",0.469450420056082,0,0,0.469450420056082,"Increasing",TRUE
"TCTEX1D2",0.469053053020482,0,0,0.469053053020482,"Increasing",TRUE
"TSTA3",0.466975199708877,0,0,0.466975199708877,"Increasing",TRUE
"SF3B6",0.466446783378146,0,0,0.466446783378146,"Increasing",TRUE
"SLC9A3R1",0.463676029866492,0,0,0.463676029866492,"Increasing",TRUE
"GHITM",0.463639695116659,0,0,0.463639695116659,"Increasing",TRUE
"CUTA",0.462624367938463,0,0,0.462624367938463,"Increasing",TRUE
"ABRACL",0.461402173427744,0,0,0.461402173427744,"Increasing",TRUE
"RBP4",0.45989921355435,0,0,0.45989921355435,"Increasing",TRUE
"NPW",0.457836322578181,0,0,0.457836322578181,"Increasing",TRUE
"NFIX",0.457521024042189,0,0,0.457521024042189,"Increasing",TRUE
"H3F3A",0.457192242700308,0,0,0.457192242700308,"Increasing",TRUE
"RPL8",0.456178572996333,0,0,0.456178572996333,"Increasing",TRUE
"RAD23A",0.454648644746673,0,0,0.454648644746673,"Increasing",TRUE
"CHST1",0.45431838875555,0,0,0.45431838875555,"Increasing",TRUE
"MT-CO1",-0.453247019627337,0,0,0.453247019627337,"Decreasing",TRUE
"MT-CO3",-0.452315730127152,0,0,0.452315730127152,"Decreasing",TRUE
"PPA1",0.452271605574864,0,0,0.452271605574864,"Increasing",TRUE
"BASP1",0.45202380413968,0,0,0.45202380413968,"Increasing",TRUE
"TBCB",0.451642431924118,0,0,0.451642431924118,"Increasing",TRUE
"COPE",0.450886184293079,0,0,0.450886184293079,"Increasing",TRUE
"HMGN1",0.450155413500934,0,0,0.450155413500934,"Increasing",TRUE
"CXCR4",0.44939991654742,0,0,0.44939991654742,"Increasing",TRUE
"COMT",0.449197945129162,0,0,0.449197945129162,"Increasing",TRUE
"DPM1",0.448835531030498,0,0,0.448835531030498,"Increasing",TRUE
"POLR2H",0.448770184053168,0,0,0.448770184053168,"Increasing",TRUE
"HSD17B1",0.447570749464536,0,0,0.447570749464536,"Increasing",TRUE
"CYB5A",0.44743000701941,0,0,0.44743000701941,"Increasing",TRUE
"WDR83OS",0.447037774692014,0,0,0.447037774692014,"Increasing",TRUE
"PHGDH",0.446055588783426,0,0,0.446055588783426,"Increasing",TRUE
"SIX1",0.44490491435866,0,0,0.44490491435866,"Increasing",TRUE
"PDCD6",0.444439392742654,0,0,0.444439392742654,"Increasing",TRUE
"RPS6",0.443735596867716,5.92878775009496e-323,1.25591487172845e-320,0.443735596867716,"Increasing",TRUE
"PERP",0.44332724546754,2.56914135837448e-322,5.390256196128e-320,0.44332724546754,"Increasing",TRUE
"RPS11",0.442622072613125,3.47822214672238e-321,7.22734048705951e-319,0.442622072613125,"Increasing",TRUE
"PIGP",0.440564858936856,6.97877606063678e-318,1.43629857993038e-315,0.440564858936856,"Increasing",TRUE
"VDAC2",0.439548385354511,2.93000147137482e-316,5.97333318846175e-314,0.439548385354511,"Increasing",TRUE
"CDK4",0.438859023774574,3.66840982186428e-315,7.40881647198459e-313,0.438859023774574,"Increasing",TRUE
"AP2M1",0.438447194615039,1.65571090303616e-314,3.31295487172217e-312,0.438447194615039,"Increasing",TRUE
"TNNT1",0.436621670402965,1.28628973337717e-311,2.55015790259456e-309,0.436621670402965,"Increasing",TRUE
"CXCL14",0.436129562805988,7.68174345139982e-311,1.50911341804318e-308,0.436129562805988,"Increasing",TRUE
"TECR",0.436102837704086,8.46393159336198e-311,1.64779785344642e-308,0.436102837704086,"Increasing",TRUE
"MRPL36",0.435004347861045,4.52119794492651e-309,8.72348996338053e-307,0.435004347861045,"Increasing",TRUE
"KRT19",0.434760141670913,1.09261755297784e-308,2.08951020529656e-306,0.434760141670913,"Increasing",TRUE
"HINT2",0.434322527707086,5.30145552932194e-308,1.00495135077761e-305,0.434322527707086,"Increasing",TRUE
"MTRNR2L12",-0.433379884257962,1.57937854237012e-306,2.96785828701028e-304,0.433379884257962,"Decreasing",TRUE
"DBI",0.432940736502825,7.64928773688192e-306,1.42500955167257e-303,0.432940736502825,"Increasing",TRUE
"VIM",0.432661364837952,2.08427018246648e-305,3.84966484129066e-303,0.432661364837952,"Increasing",TRUE
"C19orf53",0.431682859453649,6.92607547446819e-304,1.26841094070557e-301,0.431682859453649,"Increasing",TRUE
"MT-ND4",-0.431521785712698,1.23159746171916e-303,2.23653959224798e-301,0.431521785712698,"Decreasing",TRUE
"CA2",0.4305480313846,3.97022965917898e-302,7.14972191123815e-300,0.4305480313846,"Increasing",TRUE
"RPL34",-0.42962967656335,1.03947114702641e-300,1.85644392456535e-298,0.42962967656335,"Decreasing",TRUE
"RAB10",0.429155477364846,5.58837344871045e-300,9.89875001857646e-298,0.429155477364846,"Increasing",TRUE
"LMO4",0.427909158291283,4.5876199382863e-298,8.0600379566152e-296,0.427909158291283,"Increasing",TRUE
"SH3BGR",0.427882593039977,5.03852022008799e-298,8.78084048033076e-296,0.427882593039977,"Increasing",TRUE
"BABAM1",0.426970739294554,1.25213835521831e-296,2.16469678850141e-294,0.426970739294554,"Increasing",TRUE
"ATP5PF",0.425909752690069,5.19758475100489e-295,8.91427035469965e-293,0.425909752690069,"Increasing",TRUE
"CDC123",0.425706057057659,1.06120907610411e-294,1.80572662477242e-292,0.425706057057659,"Increasing",TRUE
"CBR1",0.425500572185154,2.17924887793878e-294,3.67918501970758e-292,0.425500572185154,"Increasing",TRUE
"PPP1R16A",0.424999107076603,1.25902350955772e-293,2.10910837531336e-291,0.424999107076603,"Increasing",TRUE
"COX4I1",0.424308040180428,1.40491177264944e-292,2.33539564668881e-290,0.424308040180428,"Increasing",TRUE
"ATP5MG",0.423050364207247,1.11667319911993e-290,1.84208456740318e-288,0.423050364207247,"Increasing",TRUE
"PEPD",0.422520516905758,7.01573104560278e-290,1.14856021132936e-287,0.422520516905758,"Increasing",TRUE
"GPAA1",0.422517802888257,7.08202669433478e-290,1.15069621702688e-287,0.422517802888257,"Increasing",TRUE
"GJA1",0.422131550104905,2.69829347705405e-289,4.35150164471179e-287,0.422131550104905,"Increasing",TRUE
"TTC3",0.420975831404963,1.46141096675294e-287,2.33934007344675e-285,0.420975831404963,"Increasing",TRUE
"CISD1",0.420310009718299,1.44704485038708e-286,2.29931170712241e-284,0.420310009718299,"Increasing",TRUE
"ISOC2",0.420017975411298,3.94909694609626e-286,6.22919598577666e-284,0.420017975411298,"Increasing",TRUE
"UTP11",0.419698726482696,1.18209185244285e-285,1.85108731386159e-283,0.419698726482696,"Increasing",TRUE
"PDIA6",0.419314738774722,4.4124265399376e-285,6.85989478619076e-283,0.419314738774722,"Increasing",TRUE
"REXO2",0.419076769312662,9.97254501154022e-285,1.5393335549956e-282,0.419076769312662,"Increasing",TRUE
"CFAP298",0.418117588976129,2.65024602520834e-283,4.06183096487604e-281,0.418117588976129,"Increasing",TRUE
"THUMPD3-AS1",0.416928878549948,1.5212680032087e-281,2.31511278516479e-279,0.416928878549948,"Increasing",TRUE
"SCRG1",0.416562698940379,5.27964865870468e-281,7.97854598004253e-279,0.416562698940379,"Increasing",TRUE
"KDELR1",0.415892689443418,5.1244447896576e-280,7.69022582670143e-278,0.415892689443418,"Increasing",TRUE
"CADM1",0.415863040217606,5.66595766252565e-280,8.44423069566754e-278,0.415863040217606,"Increasing",TRUE
"HMGA1",0.413538210770577,1.44673641363341e-276,2.14136807524781e-274,0.413538210770577,"Increasing",TRUE
"GAPDH",0.412213700523812,1.22873171308492e-274,1.8063192054262e-272,0.412213700523812,"Increasing",TRUE
"SLC25A5",0.411143308188265,4.38586956717097e-273,6.40396225314626e-271,0.411143308188265,"Increasing",TRUE
"RPS27A",0.411118471860811,4.7644559738595e-273,6.91005997282575e-271,0.411118471860811,"Increasing",TRUE
"RPL24",0.410578193930228,2.88047036413905e-272,4.14979763793632e-270,0.410578193930228,"Increasing",TRUE
"DDX39A",0.409727642119468,4.8614702366757e-271,6.9573756168584e-269,0.409727642119468,"Increasing",TRUE
"TAGLN",-0.409705261239574,5.23617251649233e-271,7.44432158430259e-269,0.409705261239574,"Decreasing",TRUE
"KRT14",0.409672832535518,5.83086198506748e-271,8.23561617629465e-269,0.409672832535518,"Increasing",TRUE
"CALML5",0.409551916738104,8.70734831316629e-271,1.22185582498392e-268,0.409551916738104,"Increasing",TRUE
"DYNLT1",0.409264407327046,2.25783418896476e-270,3.14785785958248e-268,0.409264407327046,"Increasing",TRUE
"TF",0.409223184184684,2.58815489231755e-270,3.58525815531938e-268,0.409223184184684,"Increasing",TRUE
"UQCRH",0.409074363991493,4.23637031169513e-270,5.83108040991922e-268,0.409074363991493,"Increasing",TRUE
"UBXN4",0.408787946199524,1.09283964500398e-269,1.49470029927443e-267,0.408787946199524,"Increasing",TRUE
"LSR",0.407929745627515,1.85916287243165e-268,2.52682450775144e-266,0.407929745627515,"Increasing",TRUE
"GPX3",0.407657576332069,4.55916525798828e-268,6.15772257657042e-266,0.407657576332069,"Increasing",TRUE
"IFI16",-0.407167189232907,2.29024306719839e-267,3.07404675044455e-265,0.407167189232907,"Decreasing",TRUE
"NQO1",0.404990689629228,2.86382391685684e-264,3.82019968168372e-262,0.404990689629228,"Increasing",TRUE
"RPL7A",0.404848512094031,4.55464990315964e-264,6.03840395136686e-262,0.404848512094031,"Increasing",TRUE
"BRK1",0.404783999192852,5.62156069312267e-264,7.40743454746225e-262,0.404783999192852,"Increasing",TRUE
"ATP5MC3",0.404174508741496,4.09623078020005e-263,5.36482104000746e-261,0.404174508741496,"Increasing",TRUE
"EXOSC4",0.40413170892703,4.70852886398939e-263,6.12959691269944e-261,0.40413170892703,"Increasing",TRUE
"STX10",0.403146324775773,1.15702581813851e-261,1.49720526526785e-259,0.403146324775773,"Increasing",TRUE
"FBL",0.402453431984036,1.09207965412486e-260,1.40475245985942e-258,0.402453431984036,"Increasing",TRUE
"PSMC4",0.402366913947157,1.44485233287521e-260,1.8475301132209e-258,0.402366913947157,"Increasing",TRUE
"TMEM45A",0.400706211417465,3.06424560775639e-258,3.89519691668327e-256,0.400706211417465,"Increasing",TRUE
"RPS27",-0.400293930982909,1.15301135379859e-257,1.4571096699174e-255,0.400293930982909,"Decreasing",TRUE
"SPATS2",0.399672143892611,8.47719943267562e-257,1.06507139383791e-254,0.399672143892611,"Increasing",TRUE
"HLA-DRB1",-0.399233729596566,3.45173665083151e-256,4.311677978293e-254,0.399233729596566,"Decreasing",TRUE
"S100A1",0.399065270020111,5.91699120828186e-256,7.34863103511327e-254,0.399065270020111,"Increasing",TRUE
"TMEM147",0.399055733015335,6.10025350475269e-256,7.53294161358318e-254,0.399055733015335,"Increasing",TRUE
"SSR3",0.398960184806397,8.28020104996469e-256,1.01667695846441e-253,0.398960184806397,"Increasing",TRUE
"PPP1R1B",0.397879906450434,2.60160678370386e-254,3.17631201106443e-252,0.397879906450434,"Increasing",TRUE
"UCHL3",0.396814577491074,7.69595378030377e-253,9.34323377485194e-251,0.396814577491074,"Increasing",TRUE
"LTF",-0.396065542481714,8.26611465649941e-252,9.97937082273477e-250,0.396065542481714,"Decreasing",TRUE
"MDH1",0.394671867655366,6.73881009826789e-250,8.09031590130939e-248,0.394671867655366,"Increasing",TRUE
"LARP6",0.394461650470667,1.30639577584902e-249,1.55973550917664e-247,0.394461650470667,"Increasing",TRUE
"SEC13",0.394249645173685,2.54565614486189e-249,3.02261699398161e-247,0.394249645173685,"Increasing",TRUE
"LINC00623",0.394154487372861,3.43378061105597e-249,4.05486333360216e-247,0.394154487372861,"Increasing",TRUE
"RPL5",0.393816628668727,9.92878561949826e-249,1.16609270237694e-246,0.393816628668727,"Increasing",TRUE
"RPS28",-0.393352828956924,4.25628070975278e-248,4.97179600744635e-246,0.393352828956924,"Decreasing",TRUE
"YBEY",0.392455391580796,7.06814484961093e-247,8.21196829032753e-245,0.392455391580796,"Increasing",TRUE
"KRT6B",0.392284356042195,1.20624981338554e-246,1.39396034584286e-244,0.392284356042195,"Increasing",TRUE
"ACP1",0.392259365320228,1.30419784060478e-246,1.49913379443985e-244,0.392259365320228,"Increasing",TRUE
"RHOBTB3",0.391987890741218,3.04423182454568e-246,3.48073278986414e-244,0.391987890741218,"Increasing",TRUE
"PSAP",0.389728234113547,3.42182089216045e-243,3.89187102524143e-241,0.389728234113547,"Increasing",TRUE
"MYO10",0.389605135107642,5.00917959775338e-243,5.66745398468327e-241,0.389605135107642,"Increasing",TRUE
"RPL28",0.389061649607161,2.68935233416459e-242,3.02692208027587e-240,0.389061649607161,"Increasing",TRUE
"SAA1",-0.388630687680326,1.01726164563741e-241,1.13901679597018e-239,0.388630687680326,"Decreasing",TRUE
"ACTL6A",0.387924142907662,8.97042327454199e-241,9.99231169911611e-239,0.387924142907662,"Increasing",TRUE
"ODC1",0.387804150336188,1.29758503889775e-240,1.43799039438874e-238,0.387804150336188,"Increasing",TRUE
"CDKN2A",0.387665204357325,1.98929284264382e-240,2.1932968535476e-238,0.387665204357325,"Increasing",TRUE
"MPZL2",0.387614919567231,2.32183898577568e-240,2.54695129353363e-238,0.387614919567231,"Increasing",TRUE
"FXYD3",0.387515901662546,3.14769659278837e-240,3.43544057425034e-238,0.387515901662546,"Increasing",TRUE
"PSMA5",0.387496002112715,3.34616691789017e-240,3.63370186410084e-238,0.387496002112715,"Increasing",TRUE
"MRPS6",0.387433699568629,4.05204850470755e-240,4.37823840933651e-238,0.387433699568629,"Increasing",TRUE
"ARL1",0.38706942651933,1.23977746547553e-239,1.33291497656349e-237,0.38706942651933,"Increasing",TRUE
"P4HA1",0.386889876532599,2.1503184375169e-239,2.30041492251189e-237,0.386889876532599,"Increasing",TRUE
"RPL18",0.386356379621146,1.1021292528046e-238,1.17325187946342e-236,0.386356379621146,"Increasing",TRUE
"HLA-DPA1",-0.386088448800019,2.50133591573218e-238,2.64969946759668e-236,0.386088448800019,"Decreasing",TRUE
"DDIT4",0.385237819093363,3.35743402709829e-237,3.53922679637044e-235,0.385237819093363,"Increasing",TRUE
"RPS15",-0.385172530535553,4.09669870321296e-237,4.29755626099185e-235,0.385172530535553,"Decreasing",TRUE
"SDHC",0.385032626308857,6.27433306502511e-237,6.55016123358419e-235,0.385032626308857,"Increasing",TRUE
"FAM162A",0.384992872911018,7.0820050799697e-237,7.35779470087236e-235,0.384992872911018,"Increasing",TRUE
"SMAGP",0.384735226166148,1.55171800308401e-236,1.60443186826055e-234,0.384735226166148,"Increasing",TRUE
"FAM84A",0.38468827018307,1.79004611499534e-236,1.84204269262139e-234,0.38468827018307,"Increasing",TRUE
"RPL31",0.384359931357867,4.85817267754964e-236,4.97559770435297e-234,0.384359931357867,"Increasing",TRUE
"TMED10",0.383714440046409,3.44720152022604e-235,3.51386909679645e-233,0.383714440046409,"Increasing",TRUE
"MRPL47",0.383397771925584,9.00012644690931e-235,9.1311142027094e-233,0.383397771925584,"Increasing",TRUE
"PSMB1",0.38329640985652,1.22337169325528e-234,1.23537674258161e-232,0.38329640985652,"Increasing",TRUE
"MTRNR2L8",-0.383230276678264,1.49454930562201e-234,1.5021958369531e-232,0.383230276678264,"Decreasing",TRUE
"CCT8",0.383192117557841,1.67753908655413e-234,1.67831572502012e-232,0.383192117557841,"Increasing",TRUE
"TSFM",0.382695052109932,7.54192308891993e-234,7.51064322357418e-232,0.382695052109932,"Increasing",TRUE
"PCMT1",0.381898054891695,8.3527451305906e-233,8.2799459757827e-231,0.381898054891695,"Increasing",TRUE
"RPL22L1",0.381506360099433,2.71655556507502e-232,2.68058291147357e-230,0.381506360099433,"Increasing",TRUE
"PSMB5",0.38142654126006,3.45386444543405e-232,3.39263684844681e-230,0.38142654126006,"Increasing",TRUE
"DLX5",0.38129030584547,5.20277647609703e-232,5.0874207985727e-230,0.38129030584547,"Increasing",TRUE
"RPL21",0.381152400110739,7.87517002322499e-232,7.6658749640492e-230,0.381152400110739,"Increasing",TRUE
"NNMT",-0.38082071486187,2.13251189985746e-231,2.06652834779909e-229,0.38082071486187,"Decreasing",TRUE
"ADI1",0.380104190928419,1.82711730630277e-230,1.76267879416084e-228,0.380104190928419,"Increasing",TRUE
"EPCAM",0.379515471371957,1.06289730597134e-229,1.02085381253514e-227,0.379515471371957,"Increasing",TRUE
"RER1",0.378061571409912,8.09623295840346e-228,7.74157496597782e-226,0.378061571409912,"Increasing",TRUE
"NEBL",0.376830174685279,3.12297754408867e-226,2.9730195915311e-224,0.376830174685279,"Increasing",TRUE
"FABP5",0.376329795831664,1.3714877168005e-225,1.29990568245872e-223,0.376329795831664,"Increasing",TRUE
"KRT5",0.376080952697899,2.8599095538387e-225,2.69880547853512e-223,0.376080952697899,"Increasing",TRUE
"MALL",0.37581651996216,6.24022806770675e-225,5.86310124100621e-223,0.37581651996216,"Increasing",TRUE
"ANP32B",0.375657194335288,9.98182839704355e-225,9.33797885974507e-223,0.375657194335288,"Increasing",TRUE
"ELOF1",0.375641395742679,1.04576298612669e-224,9.74092160784383e-223,0.375641395742679,"Increasing",TRUE
"RPL41",0.375467172589688,1.74732933825087e-224,1.62059171672108e-222,0.375467172589688,"Increasing",TRUE
"LTBP4",0.374972780349771,7.48631808289461e-224,6.91364674236549e-222,0.374972780349771,"Increasing",TRUE
"DDAH2",0.374905642314046,9.11997752533502e-224,8.38649848180808e-222,0.374905642314046,"Increasing",TRUE
"ARL6IP6",0.374864465151008,1.02934496627526e-223,9.42548505135952e-222,0.374864465151008,"Increasing",TRUE
"MT-ND5",-0.374287111482514,5.60804081806952e-223,5.11349207082204e-221,0.374287111482514,"Decreasing",TRUE
"PFN1",0.374006889773802,1.27530098972531e-222,1.1579518650405e-220,0.374006889773802,"Increasing",TRUE
"MRPL9",0.373991313981764,1.33485690873198e-222,1.20695639320912e-220,0.373991313981764,"Increasing",TRUE
"IGHA1",-0.372030066920876,4.09861347936259e-220,3.69045988704273e-218,0.372030066920876,"Decreasing",TRUE
"TUBA1B",0.371792853530685,8.17136715951434e-220,7.32710557332385e-218,0.371792853530685,"Increasing",TRUE
"SDC1",0.371706619397348,1.04994555946656e-219,9.3757535289555e-218,0.371706619397348,"Increasing",TRUE
"GMPR",0.371242765571789,4.03849007058396e-219,3.59143088170038e-217,0.371242765571789,"Increasing",TRUE
"EIF3L",0.370947764043652,9.50166144422975e-219,8.41520097581168e-217,0.370947764043652,"Increasing",TRUE
"RPL37",-0.370916922196475,1.03902291234753e-218,9.16460617788982e-217,0.370916922196475,"Decreasing",TRUE
"MRPL14",0.370394015809935,4.7232871055462e-218,4.14919651832737e-216,0.370394015809935,"Increasing",TRUE
"MAP1LC3B",0.36919908744684,1.48742536295881e-216,1.30134664346316e-214,0.36919908744684,"Increasing",TRUE
"ATG101",0.368662303266966,6.97237465019168e-216,6.07552484639686e-214,0.368662303266966,"Increasing",TRUE
"IDH2",0.368610991882867,8.08071018729952e-216,7.01301795773264e-214,0.368610991882867,"Increasing",TRUE
"PPP2R1A",0.367491412381273,2.0066727972684e-214,1.73456796595881e-212,0.367491412381273,"Increasing",TRUE
"TMEM134",0.367276245631103,3.71486682101941e-214,3.1983375299693e-212,0.367276245631103,"Increasing",TRUE
"EBPL",0.367168045906833,5.06250230082665e-214,4.34129661590729e-212,0.367168045906833,"Increasing",TRUE
"RAB5IF",0.366993455172239,8.33986030119673e-214,7.12349332446092e-212,0.366993455172239,"Increasing",TRUE
"LMAN1",0.36675733374834,1.63735091808036e-213,1.39303753305971e-211,0.36675733374834,"Increasing",TRUE
"CCT5",0.366074135719644,1.14940953459406e-212,9.74068236963833e-211,0.366074135719644,"Increasing",TRUE
"DGUOK",0.365984660845345,1.48307052304648e-212,1.25192007824353e-210,0.365984660845345,"Increasing",TRUE
"MRPS15",0.365647397273601,3.87314579461319e-212,3.25675800084012e-210,0.365647397273601,"Increasing",TRUE
"PTRHD1",0.365522273325458,5.52848020388818e-212,4.63063787620246e-210,0.365522273325458,"Increasing",TRUE
"TMEM14B",0.365507210769708,5.77038807520249e-212,4.81459792683883e-210,0.365507210769708,"Increasing",TRUE
"PIH1D1",0.365391012575866,8.02884455986812e-212,6.67320503610577e-210,0.365391012575866,"Increasing",TRUE
"PSMB9",-0.365340902386205,9.25755459982295e-212,7.66497145219057e-210,0.365340902386205,"Decreasing",TRUE
"CCT2",0.36523726922864,1.2426804663378e-211,1.02497423196793e-209,0.36523726922864,"Increasing",TRUE
"TIMP1",-0.365040003280202,2.17578748222731e-211,1.78778583615712e-209,0.365040003280202,"Decreasing",TRUE
"NCBP2-AS2",0.364764939291478,4.74813681068561e-211,3.88663774541349e-209,0.364764939291478,"Increasing",TRUE
"AL139393.2",0.364742339358828,5.06236920245521e-211,4.12821881000216e-209,0.364742339358828,"Increasing",TRUE
"MRPL34",0.364569795417397,8.25578121202922e-211,6.70704631548689e-209,0.364569795417397,"Increasing",TRUE
"ATP5PD",0.364400913875754,1.33207023509789e-210,1.07812875582268e-208,0.364400913875754,"Increasing",TRUE
"ATRAID",0.364313225885147,1.70748550378715e-210,1.37681946779255e-208,0.364313225885147,"Increasing",TRUE
"NDUFA8",0.363915698032121,5.25741976890172e-210,4.22352569538908e-208,0.363915698032121,"Increasing",TRUE
"TFG",0.363830306157289,6.6926361914012e-210,5.35658770726592e-208,0.363830306157289,"Increasing",TRUE
"NDUFB3",0.363481153316072,1.79421154671434e-209,1.43073474260136e-207,0.363481153316072,"Increasing",TRUE
"RABAC1",0.363302903643028,2.96695575681858e-209,2.35720271709005e-207,0.363302903643028,"Increasing",TRUE
"GRHPR",0.363173474556793,4.27399016971781e-209,3.38318415998542e-207,0.363173474556793,"Increasing",TRUE
"PRDX1",0.363094065353573,5.34633429685432e-209,4.21657971368693e-207,0.363094065353573,"Increasing",TRUE
"IGFBP3",0.363086053150178,5.46844825436118e-209,4.29720606460891e-207,0.363086053150178,"Increasing",TRUE
"MRPS16",0.362333328996903,4.55032499916098e-208,3.56277258086481e-206,0.362333328996903,"Increasing",TRUE
"OCIAD2",0.36220796581215,6.47221924759786e-208,5.04926562962418e-206,0.36220796581215,"Increasing",TRUE
"NUCB2",0.362126690371755,8.13235614237671e-208,6.32159051211369e-206,0.362126690371755,"Increasing",TRUE
"LGALS3BP",-0.361662770559152,2.99010040716001e-207,2.31598816482895e-205,0.361662770559152,"Decreasing",TRUE
"CACNA1A",0.360770047951199,3.64060185284754e-206,2.80976450142983e-204,0.360770047951199,"Increasing",TRUE
"NOTCH3",0.36073768645889,3.98526399619883e-206,3.06482401985255e-204,0.36073768645889,"Increasing",TRUE
"OAT",0.360668670946773,4.83303997806507e-206,3.70361680588603e-204,0.360668670946773,"Increasing",TRUE
"HADHB",0.36052728356052,7.17390547952842e-206,5.4780246435551e-204,0.36052728356052,"Increasing",TRUE
"PRPF31",0.360146509521154,2.07629075494853e-205,1.57988180332527e-203,0.360146509521154,"Increasing",TRUE
"PSMD4",0.359708010116978,7.04703224409388e-205,5.34338129104802e-203,0.359708010116978,"Increasing",TRUE
"PSMB4",0.359244628625147,2.55817086404418e-204,1.93293959342639e-202,0.359244628625147,"Increasing",TRUE
"SRP19",0.359170339252344,3.14492019534435e-204,2.36800437008333e-202,0.359170339252344,"Increasing",TRUE
"KIT",0.358926497153076,6.19156515705939e-204,4.64582371680741e-202,0.358926497153076,"Increasing",TRUE
"DHPS",0.358222061807673,4.36754280001014e-203,3.2658339068588e-201,0.358222061807673,"Increasing",TRUE
"AP3S1",0.357515062355777,3.08743130310354e-202,2.30066863655405e-200,0.357515062355777,"Increasing",TRUE
"MAGEF1",0.357492062024758,3.28997479965025e-202,2.44317372578838e-200,0.357492062024758,"Increasing",TRUE
"MGST3",0.357203555710901,7.29694721716062e-202,5.40024073160414e-200,0.357203555710901,"Increasing",TRUE
"EBLN3P",0.356814921128006,2.13100441058892e-201,1.57170666596677e-199,0.356814921128006,"Increasing",TRUE
"LAGE3",0.356561199978134,4.28644937636947e-201,3.1506860892294e-199,0.356561199978134,"Increasing",TRUE
"TMEM14A",0.356325041564173,8.21016016893097e-201,6.01429021188468e-199,0.356325041564173,"Increasing",TRUE
"IGLC2",-0.356118508906512,1.44877079049238e-200,1.05770056697771e-198,0.356118508906512,"Decreasing",TRUE
"DNAJC19",0.355824929348849,3.2455253497253e-200,2.36147484200551e-198,0.355824929348849,"Increasing",TRUE
"SSB",0.355610951290871,5.83927886051787e-200,4.23445691865071e-198,0.355610951290871,"Increasing",TRUE
"PSMB2",0.355497110037139,7.97965435706436e-200,5.76723513900203e-198,0.355497110037139,"Increasing",TRUE
"SELENBP1",0.355197326006583,1.81495016689927e-199,1.30736910355644e-197,0.355197326006583,"Increasing",TRUE
"SEC63",0.355182072460041,1.89240057953436e-199,1.35863044929361e-197,0.355182072460041,"Increasing",TRUE
"DPY30",0.353921093561445,5.94068840407299e-198,4.25093630503369e-196,0.353921093561445,"Increasing",TRUE
"TMEM123",0.353304615919374,3.18513898000335e-197,2.27164532534232e-195,0.353304615919374,"Increasing",TRUE
"COMMD6",0.353254041070043,3.65498760016685e-197,2.59816717235545e-195,0.353254041070043,"Increasing",TRUE
"ATP5PB",0.353116054951591,5.31948757864815e-197,3.76898775654382e-195,0.353116054951591,"Increasing",TRUE
"FAM178B",0.353094849287133,5.63520699950795e-197,3.97963474703813e-195,0.353094849287133,"Increasing",TRUE
"CSNK2B",0.352814037517211,1.20869360152892e-196,8.50810056320521e-195,0.352814037517211,"Increasing",TRUE
"PLTP",0.352467341562767,3.09749830317188e-196,2.17327721855664e-194,0.352467341562767,"Increasing",TRUE
"MRPL58",0.351739868879594,2.22281492804599e-195,1.55453173446841e-193,0.351739868879594,"Increasing",TRUE
"HEXIM1",0.351136143592044,1.13627876577112e-194,7.92096262203674e-193,0.351136143592044,"Increasing",TRUE
"PCBD1",0.350875904805004,2.29320224643317e-194,1.59344374744118e-192,0.350875904805004,"Increasing",TRUE
"SLC3A2",0.350578361814502,5.11399335836686e-194,3.5420960408432e-192,0.350578361814502,"Increasing",TRUE
"ERGIC3",0.349714096872365,5.22840351559509e-193,3.60976996715687e-191,0.349714096872365,"Increasing",TRUE
"EIF4G1",0.349514091096394,8.94451372009517e-193,6.15576246787442e-191,0.349514091096394,"Increasing",TRUE
"HDAC2",0.349275027276681,1.69847451359461e-192,1.16520743615173e-190,0.349275027276681,"Increasing",TRUE
"AHSA1",0.349086774434933,2.81317663005494e-192,1.92382110681922e-190,0.349086774434933,"Increasing",TRUE
"SF3B5",0.348894773638805,4.70481612338251e-192,3.20728947717022e-190,0.348894773638805,"Increasing",TRUE
"YIF1A",0.348840592547166,5.43927073948024e-192,3.69630945535119e-190,0.348840592547166,"Increasing",TRUE
"GMPS",0.348571871576901,1.11636582181635e-191,7.56259103744554e-190,0.348571871576901,"Increasing",TRUE
"SSR2",0.3471714928084,4.67898772583586e-190,3.15977889860353e-188,0.3471714928084,"Increasing",TRUE
"PGAM1",0.346786613513478,1.30191061148762e-189,8.76457579883096e-188,0.346786613513478,"Increasing",TRUE
"SUMO1",0.346608846447153,2.08757215588123e-189,1.40100727604327e-187,0.346608846447153,"Increasing",TRUE
"NDUFB9",0.346482468770192,2.91971981871128e-189,1.95341007066102e-187,0.346482468770192,"Increasing",TRUE
"ACTG1",-0.345678196270623,2.46036098592957e-188,1.64100002796105e-186,0.345678196270623,"Decreasing",TRUE
"MYC",0.345537107938158,3.57354699831446e-188,2.37613386564847e-186,0.345537107938158,"Increasing",TRUE
"RPN2",0.345358216539076,5.73472442463787e-188,3.80145382872468e-186,0.345358216539076,"Increasing",TRUE
"SF3B2",0.345040995162351,1.32565979644751e-187,8.76070587193599e-186,0.345040995162351,"Increasing",TRUE
"MT-ND4L",-0.345001288962706,1.4721551275014e-187,9.69916838576378e-186,0.345001288962706,"Decreasing",TRUE
"LGALS1",0.344947315216626,1.69754603159375e-187,1.11501427789486e-185,0.344947315216626,"Increasing",TRUE
"YIPF2",0.344578465852655,4.49045884804099e-187,2.94057017291411e-185,0.344578465852655,"Increasing",TRUE
"CEBPD",-0.343985250083179,2.14063092349951e-186,1.39755390504001e-184,0.343985250083179,"Decreasing",TRUE
"FDPS",0.343943054250091,2.3918276233542e-186,1.55684924520134e-184,0.343943054250091,"Increasing",TRUE
"MTCH1",0.34392629869283,2.4995557235009e-186,1.62208405960524e-184,0.34392629869283,"Increasing",TRUE
"GCHFR",0.343857225003273,2.99726184030997e-186,1.93924635835624e-184,0.343857225003273,"Increasing",TRUE
"PARL",0.343665667783164,4.9581752458843e-186,3.19839304667342e-184,0.343665667783164,"Increasing",TRUE
"RPS24",0.343362080756832,1.10013806571147e-185,7.07559035715028e-184,0.343362080756832,"Increasing",TRUE
"EMP2",0.343154417618398,1.89664058892109e-185,1.21621374262863e-183,0.343154417618398,"Increasing",TRUE
"ID1",0.343138907245219,1.97535340431205e-185,1.26294044577466e-183,0.343138907245219,"Increasing",TRUE
"EIF4A2",0.342018064478334,3.70801734715559e-184,2.36372433250833e-182,0.342018064478334,"Increasing",TRUE
"KRT16",0.341798596815955,6.57482311399596e-184,4.17888022039567e-182,0.341798596815955,"Increasing",TRUE
"ASNA1",0.341754904886684,7.36851530052726e-184,4.66960749690305e-182,0.341754904886684,"Increasing",TRUE
"CFL1",0.341019801871886,4.99961502054036e-183,3.15911346765723e-181,0.341019801871886,"Increasing",TRUE
"MAF1",0.339971490383599,7.60142650725388e-182,4.7891203155031e-180,0.339971490383599,"Increasing",TRUE
"MRPS12",0.339716986830087,1.46944594552629e-181,9.23102525663465e-180,0.339716986830087,"Increasing",TRUE
"TET1",0.338985805921065,9.72893719886056e-181,6.09398066282251e-179,0.338985805921065,"Increasing",TRUE
"TCP1",0.338773067097827,1.68458921071681e-180,1.05213794345637e-178,0.338773067097827,"Increasing",TRUE
"POLR1D",0.338725939512162,1.90233568414128e-180,1.18471107015254e-178,0.338725939512162,"Increasing",TRUE
"RPLP2",0.338613853684205,2.53986461638352e-180,1.57719753908183e-178,0.338613853684205,"Increasing",TRUE
"RAD23B",0.337887677655831,1.64733308140133e-179,1.02002486788202e-177,0.337887677655831,"Increasing",TRUE
"FGFBP2",0.337367113859073,6.27337872653266e-179,3.87336326515345e-177,0.337367113859073,"Increasing",TRUE
"DLX1",0.337065065519098,1.36125559373923e-178,8.38083572099851e-177,0.337065065519098,"Increasing",TRUE
"FXYD6",0.336935413352559,1.89774364397139e-178,1.16506364051766e-176,0.336935413352559,"Increasing",TRUE
"ILF2",0.336907560280286,2.03811113317184e-178,1.24769352940066e-176,0.336907560280286,"Increasing",TRUE
"TPM1",-0.33669433750659,3.51852551867752e-178,2.14789086041303e-176,0.33669433750659,"Decreasing",TRUE
"POLE4",0.336409233660819,7.29694738286135e-178,4.44188825193334e-176,0.336409233660819,"Increasing",TRUE
"FKBP8",0.335933260573884,2.46177735126974e-177,1.49435417306008e-175,0.335933260573884,"Increasing",TRUE
"RFC4",0.335637572857064,5.23422690612646e-177,3.16839337370848e-175,0.335637572857064,"Increasing",TRUE
"GADD45GIP1",0.3356213132972,5.45577767950075e-177,3.29327809089417e-175,0.3356213132972,"Increasing",TRUE
"DNAJB11",0.335582321779751,6.02597472817497e-177,3.62733464835268e-175,0.335582321779751,"Increasing",TRUE
"UBC",-0.335477787213262,7.86565617413057e-177,4.72157860897116e-175,0.335477787213262,"Decreasing",TRUE
"AQP3",0.334985079740772,2.75738885289646e-176,1.65061421360367e-174,0.334985079740772,"Increasing",TRUE
"RPL10A",0.334601243024842,7.31466310460739e-176,4.36657098592723e-174,0.334601243024842,"Increasing",TRUE
"MT2A",-0.334321692789169,1.48727930282963e-175,8.8540236182227e-174,0.334321692789169,"Decreasing",TRUE
"ERG28",0.33427819795341,1.66079390291322e-175,9.85982314339415e-174,0.33427819795341,"Increasing",TRUE
"UBA52",0.333961109607782,3.71067362449225e-175,2.19692211028158e-173,0.333961109607782,"Increasing",TRUE
"C19orf48",0.33385944157335,4.80074874437566e-175,2.83454044715732e-173,0.33385944157335,"Increasing",TRUE
"CRIPT",0.333534915107052,1.09162121846469e-174,6.42777507657272e-173,0.333534915107052,"Increasing",TRUE
"EWSR1",0.33345089820605,1.35009416729486e-174,7.92813449870702e-173,0.33345089820605,"Increasing",TRUE
"SMIM22",-0.333082607156727,3.42442388492154e-174,2.00546883883887e-172,0.333082607156727,"Decreasing",TRUE
"TUBA1C",0.332207858079985,3.10777940244408e-173,1.81511115910315e-171,0.332207858079985,"Increasing",TRUE
"PRDX4",0.331948558306958,5.96738791015135e-173,3.47588282313667e-171,0.331948558306958,"Increasing",TRUE
"MXRA8",0.331832886820823,7.98157175857417e-173,4.63660660491365e-171,0.331832886820823,"Increasing",TRUE
"TMEM14C",0.331677657677131,1.17896338836952e-172,6.83040182913278e-171,0.331677657677131,"Increasing",TRUE
"DCUN1D5",0.331384088201539,2.46389707184868e-172,1.42365817440241e-170,0.331384088201539,"Increasing",TRUE
"SSR1",0.331298952599323,3.05065111167279e-172,1.75798854728664e-170,0.331298952599323,"Increasing",TRUE
"MDFI",0.331200930440777,3.90092802677749e-172,2.24199613453887e-170,0.331200930440777,"Increasing",TRUE
"PARP1",0.330567364901298,1.90705179643521e-171,1.09314030029085e-169,0.330567364901298,"Increasing",TRUE
"RPL32",0.330168328719174,5.17122779407623e-171,2.95635536058168e-169,0.330168328719174,"Increasing",TRUE
"PSMG1",0.329933563093552,9.29337894674149e-171,5.29894245485709e-169,0.329933563093552,"Increasing",TRUE
"EIF3D",0.329930564091368,9.3632002447177e-171,5.32470413916709e-169,0.329930564091368,"Increasing",TRUE
"CCND1",0.329213872956847,5.5873459071322e-170,3.16909567068574e-168,0.329213872956847,"Increasing",TRUE
"RASIP1",0.329169357631847,6.24197562521215e-170,3.53112809583336e-168,0.329169357631847,"Increasing",TRUE
"CLIC1",0.329050186562443,8.39641850344522e-170,4.73750923915016e-168,0.329050186562443,"Increasing",TRUE
"HSPB11",0.329048379598914,8.43424422285208e-170,4.74645879312066e-168,0.329048379598914,"Increasing",TRUE
"UQCRFS1",0.32880683552275,1.53769766828213e-169,8.63107704196801e-168,0.32880683552275,"Increasing",TRUE
"RFXANK",0.328561220227316,2.83040428919045e-169,1.58458644273072e-167,0.328561220227316,"Increasing",TRUE
"LSM10",0.328474634943348,3.50914168046968e-169,1.95949746033462e-167,0.328474634943348,"Increasing",TRUE
"CDA",0.32832823005465,5.04636701829404e-169,2.81061833158078e-167,0.32832823005465,"Increasing",TRUE
"MED10",0.328097529361987,8.94178065925123e-169,4.96740051533211e-167,0.328097529361987,"Increasing",TRUE
"FOLR1",0.327660821935811,2.63711442375236e-168,1.46123186403304e-166,0.327660821935811,"Increasing",TRUE
"MORF4L2",0.327456194128832,4.37473737636447e-168,2.41785357297279e-166,0.327456194128832,"Increasing",TRUE
"EXOSC3",0.327410862782046,4.89357833646914e-168,2.69770989416067e-166,0.327410862782046,"Increasing",TRUE
"TSPO",0.327381005964607,5.26842454381918e-168,2.89696321607971e-166,0.327381005964607,"Increasing",TRUE
"CLEC7A",0.327278459245311,6.78808345752921e-168,3.72310871871082e-166,0.327278459245311,"Increasing",TRUE
"VPS72",0.326625045926002,3.40465726477638e-167,1.8626492023245e-165,0.326625045926002,"Increasing",TRUE
"MDK",0.326548038319481,4.11619478514044e-167,2.24623659865871e-165,0.326548038319481,"Increasing",TRUE
"STMP1",0.326064244568312,1.3544378388716e-166,7.37264526398368e-165,0.326064244568312,"Increasing",TRUE
"FIBP",0.325766423742152,2.81651757481773e-166,1.5292699696435e-164,0.325766423742152,"Increasing",TRUE
"MRPS14",0.325625899922837,3.97750809689132e-166,2.15423433518349e-164,0.325625899922837,"Increasing",TRUE
"BAMBI",0.325488358415959,5.57507992594367e-166,3.01193692999107e-164,0.325488358415959,"Increasing",TRUE
"GORASP2",0.325333584669418,8.15026759232758e-166,4.39220156284786e-164,0.325333584669418,"Increasing",TRUE
"IL32",-0.325318533957721,8.45676272742962e-166,4.54603588407349e-164,0.325318533957721,"Decreasing",TRUE
"ERP44",0.325065559410043,1.5723167840569e-165,8.43120737058802e-164,0.325065559410043,"Increasing",TRUE
"IGHG1",-0.324898007813475,2.37020508737797e-165,1.26782504797619e-163,0.324898007813475,"Decreasing",TRUE
"CBX5",0.324784913866718,3.12632577320427e-165,1.66814567799862e-163,0.324784913866718,"Increasing",TRUE
"ATP6V1G1",0.324553895118638,5.50182652749555e-165,2.92843525268913e-163,0.324553895118638,"Increasing",TRUE
"PTX3",0.324465692394601,6.82607901887446e-165,3.62436284024268e-163,0.324465692394601,"Increasing",TRUE
"S100P",0.324457110322338,6.97080811546575e-165,3.69213635723566e-163,0.324457110322338,"Increasing",TRUE
"MARCKSL1",0.324264079295443,1.11725134788097e-164,5.90312998232461e-163,0.324264079295443,"Increasing",TRUE
"HNRNPA1",0.323914049242112,2.62580081982854e-164,1.38398916381694e-162,0.323914049242112,"Increasing",TRUE
"EI24",0.323852933908279,3.04794558157644e-164,1.60258160627413e-162,0.323852933908279,"Increasing",TRUE
"YBX1",0.323840062568995,3.14514849332096e-164,1.64967618788024e-162,0.323840062568995,"Increasing",TRUE
"YIPF3",0.323487352072756,7.43001277614132e-164,3.88771370683811e-162,0.323487352072756,"Increasing",TRUE
"SMIM7",0.323376684346161,9.72813276896748e-164,5.07789732215911e-162,0.323376684346161,"Increasing",TRUE
"RBM17",0.322794733913127,4.00569268107812e-163,2.08585587561682e-161,0.322794733913127,"Increasing",TRUE
"PCBP2",0.322677666780955,5.32301670176795e-163,2.76515362800974e-161,0.322677666780955,"Increasing",TRUE
"RTRAF",0.322471059548467,8.78919057944493e-163,4.55478197654209e-161,0.322471059548467,"Increasing",TRUE
"PSIP1",0.322444318780793,9.37831067034193e-163,4.8484519996672e-161,0.322444318780793,"Increasing",TRUE
"YEATS4",0.321951996116554,3.0928104304642e-162,1.59512251556877e-160,0.321951996116554,"Increasing",TRUE
"NAP1L1",0.321936881534448,3.20809943102622e-162,1.65064354058278e-160,0.321936881534448,"Increasing",TRUE
"NOP10",0.321870966148732,3.76316993961918e-162,1.93164138705868e-160,0.321870966148732,"Increasing",TRUE
"HSF1",0.321790184628303,4.57579864088916e-162,2.34319925662594e-160,0.321790184628303,"Increasing",TRUE
"SAP18",0.321706338423808,5.60497553387962e-162,2.8634402195541e-160,0.321706338423808,"Increasing",TRUE
"SERTAD4",0.321524586192668,8.69890974515087e-162,4.43357168850732e-160,0.321524586192668,"Increasing",TRUE
"PPP4C",0.32133061487913,1.39009128789573e-161,7.06820534857101e-160,0.32133061487913,"Increasing",TRUE
"ANKRD35",0.321239740190545,1.73127899732338e-161,8.78238007797143e-160,0.321239740190545,"Increasing",TRUE
"NIPSNAP3A",0.32122274963327,1.80378915335743e-161,9.12877836160519e-160,0.32122274963327,"Increasing",TRUE
"PSMD2",0.320775048711826,5.31241338253064e-161,2.68227227094596e-159,0.320775048711826,"Increasing",TRUE
"LAMTOR5",0.32075017629504,5.640660084186e-161,2.84136746898041e-159,0.32075017629504,"Increasing",TRUE
"SUMO3",0.320556821533161,8.9879750152846e-161,4.51698000186744e-159,0.320556821533161,"Increasing",TRUE
"RBX1",0.320368809185584,1.41338305407783e-160,7.0865911365712e-159,0.320368809185584,"Increasing",TRUE
"LSM4",0.320109687828516,2.63622480734749e-160,1.31872264089767e-158,0.320109687828516,"Increasing",TRUE
"PSENEN",0.320079240447798,2.83645153283462e-160,1.41560548786504e-158,0.320079240447798,"Increasing",TRUE
"ARF4",0.31987355028312,4.65005845678225e-160,2.31538625002453e-158,0.31987355028312,"Increasing",TRUE
"CCNH",0.319542724410606,1.02894836972829e-159,5.11162626892606e-158,0.319542724410606,"Increasing",TRUE
"PRPF40A",0.319336570722956,1.68701297911412e-159,8.36154827492115e-158,0.319336570722956,"Increasing",TRUE
"GRN",0.31918393155017,2.43217321247272e-159,1.20272913321591e-157,0.31918393155017,"Increasing",TRUE
"SDHB",0.318918211606306,4.59568345417036e-159,2.26741368595026e-157,0.318918211606306,"Increasing",TRUE
"CXADR",0.318494640367608,1.2655899306389e-158,6.22993129865753e-157,0.318494640367608,"Increasing",TRUE
"MT-ND1",-0.318264407794954,2.19343352555253e-158,1.07727496561796e-156,0.318264407794954,"Decreasing",TRUE
"C1orf122",0.318051071716415,3.6495552031265e-158,1.7883648058858e-156,0.318051071716415,"Increasing",TRUE
"NDUFB7",0.317858173765678,5.78117342728963e-158,2.82649678198482e-156,0.317858173765678,"Increasing",TRUE
"ECH1",0.317737038278634,7.71605088091098e-158,3.76396974122994e-156,0.317737038278634,"Increasing",TRUE
"THYN1",0.317660790756057,9.25302542410307e-158,4.50355584267719e-156,0.317660790756057,"Increasing",TRUE
"SMCO4",0.317491528315591,1.38460741947756e-157,6.7239025471708e-156,0.317491528315591,"Increasing",TRUE
"TRMT10C",0.317053145367929,3.92781652312577e-157,1.90314159338e-155,0.317053145367929,"Increasing",TRUE
"MLF2",0.316885372719679,5.85125041604782e-157,2.82875887004012e-155,0.316885372719679,"Increasing",TRUE
"CHST9",0.316789405406008,7.34871804915193e-157,3.54477225540565e-155,0.316789405406008,"Increasing",TRUE
"HLA-A",-0.316788225047373,7.36933942845858e-157,3.54680233962116e-155,0.316788225047373,"Decreasing",TRUE
"TM9SF2",0.316468683279983,1.57282218180251e-156,7.55304163305605e-155,0.316468683279983,"Increasing",TRUE
"CLU",-0.316167482590279,3.21115531954057e-156,1.53864892362022e-154,0.316167482590279,"Decreasing",TRUE
"FAM3B",0.316095352386117,3.8092628433875e-156,1.82119845233637e-154,0.316095352386117,"Increasing",TRUE
"APLP2",0.316014825050179,4.60926748468795e-156,2.19881391488094e-154,0.316014825050179,"Increasing",TRUE
"HNRNPH3",0.315942642743047,5.46791079923397e-156,2.60267736500983e-154,0.315942642743047,"Increasing",TRUE
"LAPTM4B",0.315927271602786,5.67044738414593e-156,2.69315094442623e-154,0.315927271602786,"Increasing",TRUE
"TBCA",0.31584198692041,6.93811886208919e-156,3.28799887302078e-154,0.31584198692041,"Increasing",TRUE
"LMCD1",0.315742543073498,8.77763165745743e-156,4.15064814261827e-154,0.315742543073498,"Increasing",TRUE
"GTPBP4",0.315682770582944,1.01099479888196e-155,4.77021781743213e-154,0.315682770582944,"Increasing",TRUE
"ARPC3",0.315628256912329,1.15002859577724e-155,5.41440478316909e-154,0.315628256912329,"Increasing",TRUE
"RPL39L",0.315588990715145,1.26185406069783e-155,5.92797092427828e-154,0.315588990715145,"Increasing",TRUE
"LURAP1L",0.315528612571915,1.45534429898357e-155,6.82212370955206e-154,0.315528612571915,"Increasing",TRUE
"DNAJC9",0.315518002957901,1.49228316709491e-155,6.98013836383572e-154,0.315518002957901,"Increasing",TRUE
"MBOAT7",0.315462708926653,1.70049688666531e-155,7.93687639758904e-154,0.315462708926653,"Increasing",TRUE
"SRP72",0.315049627402407,4.50776813891175e-155,2.09941529055782e-153,0.315049627402407,"Increasing",TRUE
"AC011503.1",0.315038171348606,4.63120244049849e-155,2.15226418793919e-153,0.315038171348606,"Increasing",TRUE
"FYTTD1",0.315031763709604,4.70170774974366e-155,2.18034129768155e-153,0.315031763709604,"Increasing",TRUE
"PUF60",0.314830155832304,7.56193712281194e-155,3.49921758509563e-153,0.314830155832304,"Increasing",TRUE
"FKBP10",0.314811796053832,7.89621926733632e-155,3.64609611895594e-153,0.314811796053832,"Increasing",TRUE
"RPL10",0.314762703359873,8.86431942726237e-155,4.084391104971e-153,0.314762703359873,"Increasing",TRUE
"LAMTOR2",0.314668813389084,1.10580016773513e-154,5.08432800526726e-153,0.314668813389084,"Increasing",TRUE
"ARL6IP5",0.31443761951078,1.9054371037822e-154,8.74235579888183e-153,0.31443761951078,"Increasing",TRUE
"RPS9",0.314158901060146,3.66952289707325e-154,1.68005063147782e-152,0.314158901060146,"Increasing",TRUE
"AC020916.1",0.31410439536901,4.17092641698215e-154,1.9055754729595e-152,0.31410439536901,"Increasing",TRUE
"COMMD3",0.313903071336273,6.69239404994916e-154,3.05111045188611e-152,0.313903071336273,"Increasing",TRUE
"SERTAD4-AS1",0.313800806350513,8.50804370038122e-154,3.87071209189975e-152,0.313800806350513,"Increasing",TRUE
"HIGD2A",0.31362122371132,1.29656738018467e-153,5.88630695079637e-152,0.31362122371132,"Increasing",TRUE
"MEAF6",0.31356665950582,1.47353987949241e-153,6.67572259870669e-152,0.31356665950582,"Increasing",TRUE
"COX5B",0.313480089555102,1.80508821659841e-153,8.16066032650454e-152,0.313480089555102,"Increasing",TRUE
"EEF1B2",0.313344489366175,2.48023620234135e-153,1.11895416143208e-151,0.313344489366175,"Increasing",TRUE
"MRPS33",0.312934817119303,6.47081252784606e-153,2.91321372347403e-151,0.312934817119303,"Increasing",TRUE
"YWHAQ",0.312914711213659,6.78236416934692e-153,3.0471286839831e-151,0.312914711213659,"Increasing",TRUE
"NCBP2",0.312864150602376,7.63361557992753e-153,3.42245710958992e-151,0.312864150602376,"Increasing",TRUE
"HSBP1",0.312646008973675,1.27103846310791e-152,5.68677871382237e-151,0.312646008973675,"Increasing",TRUE
"PCNA",0.312579796120476,1.48365219859819e-152,6.62432314291466e-151,0.312579796120476,"Increasing",TRUE
"SERP1",0.312571052803269,1.51426181731121e-152,6.74705110764851e-151,0.312571052803269,"Increasing",TRUE
"TRAPPC4",0.312359476872133,2.48155130456209e-152,1.1034222981808e-150,0.312359476872133,"Increasing",TRUE
"JUNB",0.312289120037174,2.92429256598805e-152,1.29761729673515e-150,0.312289120037174,"Increasing",TRUE
"GNL2",0.312152182167159,4.02470262520215e-152,1.78225048628316e-150,0.312152182167159,"Increasing",TRUE
"CKS1B",0.31187881578802,7.61067420304526e-152,3.3633265752108e-150,0.31187881578802,"Increasing",TRUE
"ALDH16A1",0.31167038752085,1.23648118816039e-151,5.45313438288694e-150,0.31167038752085,"Increasing",TRUE
"CHCHD2",0.311348412301497,2.61478423408363e-151,1.15082458856512e-149,0.311348412301497,"Increasing",TRUE
"SRSF9",0.311314085527003,2.83196290449992e-151,1.24387638955779e-149,0.311314085527003,"Increasing",TRUE
"NDUFS2",0.311197860874182,3.71003491696096e-151,1.62624451431088e-149,0.311197860874182,"Increasing",TRUE
"TMED2",0.311166594679614,3.98953102901278e-151,1.74521792584952e-149,0.311166594679614,"Increasing",TRUE
"ASPG",0.311131110374236,4.33228097511573e-151,1.8913250883283e-149,0.311131110374236,"Increasing",TRUE
"FAM213A",0.310650407020821,1.32171773131834e-150,5.75853229310269e-149,0.310650407020821,"Increasing",TRUE
"MLEC",0.310165186668616,4.06624322831279e-150,1.76803855460442e-148,0.310165186668616,"Increasing",TRUE
"TFAM",0.309658345694028,1.3122285601546e-149,5.69422875199615e-148,0.309658345694028,"Increasing",TRUE
"PMP22",-0.309598713152339,1.5059420434064e-149,6.52172496152553e-148,0.309598713152339,"Decreasing",TRUE
"UNC50",0.30946015267929,2.07348654923547e-149,8.96160886579572e-148,0.30946015267929,"Increasing",TRUE
"HAT1",0.309441453668124,2.16490751676582e-149,9.33805417910368e-148,0.309441453668124,"Increasing",TRUE
"APH1A",0.309368983920858,2.55886726587837e-149,1.10153628716398e-147,0.309368983920858,"Increasing",TRUE
"MRPL39",0.309035290591777,5.52222894337942e-149,2.37247251424312e-147,0.309035290591777,"Increasing",TRUE
"MAGOH",0.308961009693739,6.55268266732766e-149,2.80959270716172e-147,0.308961009693739,"Increasing",TRUE
"EFNA4",0.308837691652284,8.70420473591762e-149,3.72471018501346e-147,0.308837691652284,"Increasing",TRUE
"TMEM59",0.30882858182546,8.88865334669898e-149,3.7961225063669e-147,0.30882858182546,"Increasing",TRUE
"ACTA2",-0.30874427807713,1.07918767237131e-148,4.59985120314479e-147,0.30874427807713,"Decreasing",TRUE
"ERBB3",0.308616110098811,1.44926148865749e-148,6.16506708068668e-147,0.308616110098811,"Increasing",TRUE
"PSMA3",0.308424384977759,2.25203545106736e-148,9.5611956969677e-147,0.308424384977759,"Increasing",TRUE
"RBM42",0.308412643740703,2.31362850511211e-148,9.80343372460251e-147,0.308412643740703,"Increasing",TRUE
"MRPL3",0.308026631536424,5.61377926108495e-148,2.37404637636097e-146,0.308026631536424,"Increasing",TRUE
"RPS26",0.308024148858921,5.64585044780556e-148,2.38294586283356e-146,0.308024148858921,"Increasing",TRUE
"PFDN4",0.307963513298765,6.48853213144705e-148,2.73327835010859e-146,0.307963513298765,"Increasing",TRUE
"ANAPC16",0.307962609337785,6.50200134584214e-148,2.73362352302818e-146,0.307962609337785,"Increasing",TRUE
"TEAD2",0.307758520153139,1.0382328394354e-147,4.35654595343668e-146,0.307758520153139,"Increasing",TRUE
"SELENOF",0.307661258214286,1.29747351651603e-147,5.43379897130068e-146,0.307661258214286,"Increasing",TRUE
"CD9",0.307520660195655,1.79047781767617e-147,7.48398948548974e-146,0.307520660195655,"Increasing",TRUE
"RPS10",0.307509629749891,1.83628060942206e-147,7.66062238795573e-146,0.307509629749891,"Increasing",TRUE
"HLA-DQA1",-0.307421788055555,2.24534597355793e-147,9.3491187839281e-146,0.307421788055555,"Decreasing",TRUE
"BIRC3",-0.307382980995121,2.45392322835831e-147,1.01979386470813e-145,0.307382980995121,"Decreasing",TRUE
"GPI",0.307333990576318,2.74507024910404e-147,1.13859823576081e-145,0.307333990576318,"Increasing",TRUE
"WRB",0.307326354010212,2.79346185643998e-147,1.15645039689019e-145,0.307326354010212,"Increasing",TRUE
"MTX2",0.307183129295833,3.87648888922019e-147,1.60173852573706e-145,0.307183129295833,"Increasing",TRUE
"UBB",0.306948670808988,6.62527428485063e-147,2.73229345984012e-145,0.306948670808988,"Increasing",TRUE
"NR1H2",0.306811899088975,9.05501085216771e-147,3.72721494314941e-145,0.306811899088975,"Increasing",TRUE
"CCT4",0.306431058779553,2.159334168186e-146,8.87133296093146e-145,0.306431058779553,"Increasing",TRUE
"KIN",0.306421441880401,2.20720846988669e-146,9.05081120194523e-145,0.306421441880401,"Increasing",TRUE
"PLAT",-0.306390472773633,2.36869549865276e-146,9.69460411475116e-145,0.306390472773633,"Decreasing",TRUE
"KIAA1324",0.306219410733265,3.498075131736e-146,1.42898683547855e-144,0.306219410733265,"Increasing",TRUE
"SHKBP1",0.30616568730349,3.9535017906085e-146,1.61198440934056e-144,0.30616568730349,"Increasing",TRUE
"MAL",0.305933180382599,6.71258631823605e-146,2.73180772762864e-144,0.305933180382599,"Increasing",TRUE
"A2M",-0.305898564869186,7.26273981802284e-146,2.9501467569074e-144,0.305898564869186,"Decreasing",TRUE
"IGLC3",-0.305861692395865,7.89835272986081e-146,3.20231524375782e-144,0.305861692395865,"Decreasing",TRUE
"MFSD1",0.305654130018209,1.26632018238162e-145,5.12456538225972e-144,0.305654130018209,"Increasing",TRUE
"NECTIN4",0.305612986746843,1.39046604730847e-145,5.6164432303432e-144,0.305612986746843,"Increasing",TRUE
"PYM1",0.305562881826218,1.55817185511302e-145,6.28210705018515e-144,0.305562881826218,"Increasing",TRUE
"SEC11C",0.305355062755665,2.49824207686159e-145,1.00534471659179e-143,0.305355062755665,"Increasing",TRUE
"PLLP",0.305306366850991,2.79029484035921e-145,1.1207857156164e-143,0.305306366850991,"Increasing",TRUE
"FARSA",0.30525041627048,3.16816379748205e-145,1.27020444644874e-143,0.30525041627048,"Increasing",TRUE
"TMEM258",0.305079859575988,4.66521690818183e-145,1.8669506923298e-143,0.305079859575988,"Increasing",TRUE
"CHCHD1",0.305042544700137,5.07722430545452e-145,2.02807425583867e-143,0.305042544700137,"Increasing",TRUE
"RPL6",0.304873759928492,7.44404418445887e-145,2.96800359457853e-143,0.304873759928492,"Increasing",TRUE
"UROD",0.304641749914376,1.25910411201093e-144,5.01090973490904e-143,0.304641749914376,"Increasing",TRUE
"SPATC1L",0.30436123178671,2.37551682599174e-144,9.43656592089735e-143,0.30436123178671,"Increasing",TRUE
"FADS2",0.304160698714411,3.73815562020642e-144,1.48223014592038e-142,0.304160698714411,"Increasing",TRUE
"TFPT",0.304071004856319,4.57799678500994e-144,1.81191411216236e-142,0.304071004856319,"Increasing",TRUE
"RRAGA",0.30385108313377,7.52240180526886e-144,2.97183003677989e-142,0.30385108313377,"Increasing",TRUE
"CALR",0.303699301975931,1.05950180999706e-143,4.1780719186198e-142,0.303699301975931,"Increasing",TRUE
"MAP3K13",0.303670897694957,1.12960842825648e-143,4.44641860375636e-142,0.303670897694957,"Increasing",TRUE
"POLR2F",0.303422071569779,1.97950524800029e-143,7.77765607441569e-142,0.303422071569779,"Increasing",TRUE
"MYDGF",0.30337688480457,2.1916634898747e-143,8.59561669985341e-142,0.30337688480457,"Increasing",TRUE
"RAB1A",0.303145598346637,3.6895555663519e-143,1.44440753240697e-141,0.303145598346637,"Increasing",TRUE
"CTHRC1",0.303130826868267,3.81428958485681e-143,1.49053884138799e-141,0.303130826868267,"Increasing",TRUE
"C1orf43",0.302878780614952,6.72461104542837e-143,2.62308383920049e-141,0.302878780614952,"Increasing",TRUE
"REEP5",0.302651984792065,1.11954279075063e-142,4.35915670416596e-141,0.302651984792065,"Increasing",TRUE
"MSRB2",0.302636004726367,1.1604627714118e-142,4.51035980039732e-141,0.302636004726367,"Increasing",TRUE
"SFT2D1",0.302601369211141,1.25435082847993e-142,4.86652089828569e-141,0.302601369211141,"Increasing",TRUE
"ERLEC1",0.302319804637418,2.36004532193241e-142,9.13988878260922e-141,0.302319804637418,"Increasing",TRUE
"PAK4",0.301721521615887,9.01942799450763e-142,3.48675919429893e-140,0.301721521615887,"Increasing",TRUE
"EIF2D",0.30165153842974,1.0548666089707e-141,4.070654896403e-140,0.30165153842974,"Increasing",TRUE
"HSPA14.1",0.301099044176481,3.62675945647579e-141,1.3970458441077e-139,0.301099044176481,"Increasing",TRUE
"SYNCRIP",0.300821551372168,6.73666411659816e-141,2.59037920924709e-139,0.300821551372168,"Increasing",TRUE
"SLIRP",0.300515670484766,1.33210736641776e-140,5.1131154863744e-139,0.300515670484766,"Increasing",TRUE
"CAPG",0.300233878672358,2.49457521039018e-140,9.55811530080349e-139,0.300233878672358,"Increasing",TRUE
"COX14",0.300129870713308,3.14399682081363e-140,1.20250922650943e-138,0.300129870713308,"Increasing",TRUE
"KANK2",0.300117600803983,3.23097588383771e-140,1.23359344257479e-138,0.300117600803983,"Increasing",TRUE
"CLDN7",0.300114058092053,3.25653347477231e-140,1.24115852539382e-138,0.300114058092053,"Increasing",TRUE
"ACTR1B",0.300095613448497,3.39289216763343e-140,1.29085210814363e-138,0.300095613448497,"Increasing",TRUE
"DESI2",0.300044227309348,3.80359063230414e-140,1.44456227704908e-138,0.300044227309348,"Increasing",TRUE
