"Gene","Cluster","Centroid_Pearson_Correlation","Silhouette_Width","Rank_Within_Cluster"
"CD74",1,0.973227986338528,0.653190120848313,1
"MTRNR2L8",1,0.954864114522909,0.633264530556644,2
"HLA-DRA",1,0.953537404927125,0.651256783765799,3
"TPM1",1,0.950990322845265,0.625417190964487,4
"MTRNR2L12",1,0.946344085612701,0.642898769446255,5
"IGHA1",1,0.939450121825152,0.637632003776818,6
"CLU",1,0.936305727057413,0.619421865944888,7
"IGLC2",1,0.935414464669153,0.635964274808985,8
"LTF",1,0.93044645719833,0.62051423717551,9
"MT-ND4L",1,0.922276879048047,0.628094383479836,10
"CEBPD",1,0.922162136076083,0.617741994732004,11
"PSMB9",1,0.91867673118409,0.609763652129933,12
"IFI16",1,0.916669730555907,0.611290231491519,13
"MT2A",1,0.913186112294133,0.584747817748963,14
"HLA-A",1,0.909307695309982,0.578284836426718,15
"B2M",1,0.908144527331965,0.557801211711697,16
"HLA-DPA1",1,0.905274317351769,0.603987622673488,17
"NNMT",1,0.905082287484921,0.595153859937464,18
"HLA-DRB1",1,0.899578780911235,0.600428385570245,19
"IGLC3",1,0.888153087358948,0.60068151134533,20
"BIRC3",1,0.887795923513974,0.587983554913135,21
"MT-ND3",1,0.886100859784522,0.601023463293339,22
"IGHG1",1,0.882741741907728,0.597900720651608,23
"UBC",1,0.876966152746811,0.50015846373827,24
"LGALS3BP",1,0.87215797649459,0.569297266341335,25
"TIMP1",1,0.869707235797621,0.563761472164139,26
"MT-ND5",1,0.856799176941493,0.572943865582214,27
"MT-ATP6",1,0.850733577558121,0.561897773189233,28
"SAA1",1,0.840226994389419,0.556435304731559,29
"IGKC",1,0.838851153887149,0.568950390446226,30
"TAGLN",1,0.837015324959274,0.562997981058334,31
"A2M",1,0.827435698732389,0.541520550504504,32
"PMP22",1,0.814158992514248,0.523006868220746,33
"IL32",1,0.805632367145365,0.531385401858568,34
"MT-CO2",1,0.802308599160844,0.535318532271122,35
"HLA-DQA1",1,0.78708421974647,0.517648489043684,36
"RPL36",1,0.780457522602755,0.414456370543364,37
"ACTA2",1,0.767779636310786,0.503284602875445,38
"RPS28",1,0.759818574597025,0.388858990109589,39
"ACTB",1,0.752357764221352,0.403621160993099,40
"SMIM22",1,0.740889524457606,0.475077352703708,41
"RPL34",1,0.715571559407713,0.376790627578965,42
"MT-CYB",1,0.707263293147554,0.452402494838143,43
"MT-CO3",1,0.684657620163083,0.424659788433919,44
"PLAT",1,0.662972033480803,0.418188740365785,45
"RPL37",1,0.650580231709899,0.311471803166893,46
"RPS15",1,0.649774535618948,0.306102924023014,47
"TMSB10",1,0.633495633057738,0.351257993843283,48
"MT-ND4",1,0.621923515706321,0.394430447720393,49
"MT-CO1",1,0.585142376394311,0.382269733415993,50
"RPS27",1,0.578322545225388,0.265206597693842,51
"ACTG1",1,0.528729636859762,0.182835653296657,52
"MT-ND1",1,0.41596199943839,0.231291534062844,53
"MMADHC",2,0.991123718292752,0.730679024582868,1
"PRDX2",2,0.988588529806881,0.72119222674023,2
"ATP5PO",2,0.988495963358668,0.732703550763307,3
"TMEM147",2,0.985935683774799,0.724118242632995,4
"PYM1",2,0.984905070189593,0.718751850567248,5
"PIGP",2,0.984848793145565,0.725759755157842,6
"KDELR1",2,0.983617407619931,0.719372407906079,7
"VDAC2",2,0.983167695674556,0.720741041012959,8
"TMEM167A",2,0.982671999930275,0.726750325580482,9
"ERH",2,0.982584175290392,0.723478324369629,10
"PSMD4",2,0.982295510486645,0.712453470392347,11
"LSR",2,0.982222224978477,0.719829291397525,12
"ETFB",2,0.98191326163743,0.724517490732241,13
"TRIR",2,0.981032524964986,0.723704870756369,14
"MTCH1",2,0.980878370820001,0.716555771977368,15
"GHITM",2,0.9806821533566,0.710085178948461,16
"ARL6IP6",2,0.980555487087355,0.720515351198644,17
"SRP19",2,0.980130211620491,0.718173772114719,18
"SOD1",2,0.979908908228897,0.725374761923121,19
"HINT2",2,0.979652589667215,0.720821735519807,20
"EIF3H",2,0.97930987999575,0.720756648078994,21
"EXOSC4",2,0.979095113422127,0.709921247251659,22
"BABAM1",2,0.978385888610738,0.722766434456141,23
"SRP72",2,0.978217914583519,0.709505272851862,24
"ATP5F1C",2,0.978192803939768,0.724168867525541,25
"CBR3",2,0.977231289785019,0.718712847337462,26
"TMEM14A",2,0.977121121091542,0.713507343315238,27
"PDCD6",2,0.977108751028309,0.717846604387382,28
"RAD23A",2,0.97688719445626,0.722281804497367,29
"MRPL36",2,0.976820626521659,0.717531670802776,30
"COPE",2,0.976803237933757,0.713775216848439,31
"GRHPR",2,0.976666655877916,0.712693369991778,32
"TBCB",2,0.976258093580517,0.709129212044294,33
"OCIAD2",2,0.975766798502501,0.719312556052407,34
"REXO2",2,0.975724473789174,0.717763016291053,35
"PSMA5",2,0.975388639983331,0.71640097684527,36
"ATG101",2,0.975309262785073,0.702643883692769,37
"SLC9A3R1",2,0.975291311927231,0.722124607869608,38
"EBPL",2,0.975125441459247,0.700163956954407,39
"MRPS6",2,0.974652119120544,0.714650924301957,40
"RAB10",2,0.973952509641989,0.720801223739848,41
"ACP1",2,0.973267878857718,0.718687319413555,42
"NDUFB5",2,0.972074247097742,0.722567528873049,43
"TRAPPC4",2,0.971707384856322,0.717496843695598,44
"PPA1",2,0.971191148029911,0.708136240344961,45
"MRPS16",2,0.970591670710434,0.702273631129638,46
"PSMB5",2,0.970562521488721,0.702905088068556,47
"ATP5PF",2,0.970426574624775,0.706628107547144,48
"SEC61B",2,0.970311668447905,0.713774205372867,49
"NDUFA8",2,0.970199241024851,0.708573945627186,50
"KRT19",2,0.970127941910441,0.70728643874226,51
"ATP5PB",2,0.97004919132718,0.713565670302222,52
"STMP1",2,0.969917118523158,0.70488251155243,53
"DNAJC19",2,0.9690682382765,0.713468403691575,54
"SDHB",2,0.968674174321213,0.702935662018466,55
"C19orf53",2,0.968125620646521,0.698580633792173,56
"MTX2",2,0.967957159778408,0.699140934322188,57
"HSF1",2,0.96790918022479,0.693490271734087,58
"CBR1",2,0.967700938215033,0.707741376081089,59
"C1orf43",2,0.967677797010842,0.697860767829986,60
"EPCAM",2,0.967604576737263,0.713326307071804,61
"EIF2D",2,0.967538729958769,0.706362550107495,62
"ELOF1",2,0.967501476422663,0.705409217534378,63
"SSB",2,0.967130177354432,0.71085988933295,64
"AP2M1",2,0.967017676025692,0.711438100091041,65
"NUDT5",2,0.96667633722838,0.717571420141423,66
"FKBP8",2,0.966675647574228,0.685531645640735,67
"RAD23B",2,0.966403440225359,0.696263946508118,68
"ABRACL",2,0.966022237224696,0.715540846262631,69
"GADD45GIP1",2,0.965787459609157,0.700132055525041,70
"MAF1",2,0.965708475480822,0.695362535011257,71
"SDHC",2,0.965594950491456,0.713620735287137,72
"GPAA1",2,0.965507343110621,0.697668092701541,73
"TSFM",2,0.965356569962615,0.701846913590124,74
"SSR3",2,0.965261025669032,0.685648223424509,75
"FIBP",2,0.965099722707417,0.692404300094672,76
"NDUFB3",2,0.965020859865258,0.704841556208191,77
"COMT",2,0.964630799225451,0.707324765546156,78
"KIN",2,0.9644678433399,0.700572439685275,79
"PSMC4",2,0.964269684588063,0.709031381477844,80
"ATRAID",2,0.963895948622671,0.691165083521414,81
"DNAJB11",2,0.963734222249265,0.695985601600143,82
"TECR",2,0.963559976277515,0.699607238003048,83
"DYNLT1",2,0.963237709628235,0.708354042054992,84
"CUTA",2,0.962754106743741,0.698903583579536,85
"PFDN4",2,0.962744604264464,0.701629261068141,86
"HSPB11",2,0.962589778438039,0.699106250610398,87
"CBX5",2,0.96235736440966,0.705377747571669,88
"PSMB1",2,0.961944785270182,0.701459336628738,89
"RER1",2,0.961618904720186,0.688473590948547,90
"CSNK2B",2,0.961251160714518,0.686831107010606,91
"MRPS14",2,0.961234379330924,0.697652760578971,92
"MRPS33",2,0.960959780745222,0.681905852914083,93
"PPIC",2,0.960942510301357,0.690559814888334,94
"MAP3K13",2,0.960718660772863,0.691956612203714,95
"NOP10",2,0.960248961550848,0.689544283776438,96
"RPN2",2,0.959935939145077,0.681850261160471,97
"HADHB",2,0.959428584049821,0.682212360628902,98
"YEATS4",2,0.959379585486041,0.692701894608423,99
"PARL",2,0.959242489987483,0.695385173710032,100
"PIH1D1",2,0.959166182939685,0.707477259201228,101
"NDUFB7",2,0.959135203997158,0.6895538931235,102
"TFG",2,0.958871611958795,0.704408731474618,103
"SFT2D1",2,0.958795652055343,0.678082495066888,104
"CCT4",2,0.95873045363156,0.698381928129857,105
"SF3B5",2,0.958336929593015,0.684255490796421,106
"ANP32B",2,0.958315219579547,0.695961858542626,107
"TMEM14B",2,0.958309481323132,0.694329388699394,108
"OST4",2,0.958146095863966,0.689702049634953,109
"TMEM134",2,0.958113664248982,0.673559794975203,110
"CYC1",2,0.957963597067434,0.710736713785972,111
"ASNA1",2,0.957426163867202,0.679056764475511,112
"ADI1",2,0.957291108610396,0.691177010777905,113
"TSTA3",2,0.957200190138314,0.688365377781578,114
"VPS72",2,0.957144001688506,0.705576504062235,115
"PSMA3",2,0.957054041593159,0.688641813632585,116
"CCT2",2,0.956728529229259,0.687473402111582,117
"TCP1",2,0.956485996894198,0.69502100666348,118
"HMGA1",2,0.956481785557361,0.695370196922125,119
"MRPL9",2,0.956437988137082,0.700864212875266,120
"IDH2",2,0.955965063382552,0.695858818287572,121
"HDAC2",2,0.955894897383967,0.699949532183835,122
"ATP5F1B",2,0.955549740309065,0.705218139763356,123
"UQCRFS1",2,0.955369882814365,0.686945459633437,124
"LSM10",2,0.95527987939963,0.685909272831582,125
"ILF2",2,0.955021978403673,0.689420655869957,126
"CDC123",2,0.954828525210042,0.700539016645491,127
"AHSA1",2,0.954813112347098,0.687026241673721,128
"SSR2",2,0.954601941942911,0.679525329995847,129
"STX10",2,0.954562135141838,0.699470773819987,130
"PTRHD1",2,0.954456250320305,0.677463266475627,131
"COMMD3",2,0.954223181505747,0.684480352711463,132
"HMGN1",2,0.953730454914346,0.693066369484072,133
"RPL22L1",2,0.953511991049045,0.684631392084074,134
"NDUFB9",2,0.9535007665841,0.687041708995353,135
"ERP44",2,0.953472452237501,0.671404296939115,136
"BRK1",2,0.952965815620668,0.692850913060548,137
"RAB1A",2,0.95291787559653,0.675044266087904,138
"SMAGP",2,0.952669216890862,0.698929585033345,139
"DPY30",2,0.95265875636069,0.685578150439326,140
"CFAP298",2,0.952644154499159,0.684359812729384,141
"PCMT1",2,0.952619323498116,0.682904971873039,142
"PSMB2",2,0.952095319841624,0.697115506861742,143
"TCTEX1D2",2,0.95206693781411,0.704916454758618,144
"SLC25A5",2,0.951955800451932,0.697987889740245,145
"CRIPT",2,0.951743779967566,0.667018490476099,146
"SELENOF",2,0.951634509239584,0.666465297211317,147
"TSPO",2,0.951601032756957,0.669828841749909,148
"MRPL34",2,0.951583171707257,0.673607951308774,149
"DGUOK",2,0.951549866655044,0.679412015383929,150
"SEC13",2,0.951294797356628,0.695251554387805,151
"SHKBP1",2,0.95108742825953,0.696071623680678,152
"EXOSC3",2,0.951059320735062,0.691309446578665,153
"UROD",2,0.950888619446302,0.688510743349012,154
"PSIP1",2,0.950443064255518,0.693436251855329,155
"ARL1",2,0.950318042524359,0.680701479394489,156
"SF3B6",2,0.950157610336695,0.700180991924983,157
"CDK4",2,0.949855433285527,0.699067022830909,158
"NDUFS2",2,0.949849514955061,0.680031439404581,159
"PSMB4",2,0.949619140946541,0.688860764415843,160
"ALDH16A1",2,0.949211692764984,0.684813368998446,161
"PLLP",2,0.948456605617463,0.684458556804169,162
"ATP6V1G1",2,0.948345182131396,0.665938850879677,163
"YBEY",2,0.947930430637223,0.682929631734393,164
"COX14",2,0.947757840416507,0.673257690507107,165
"CLIC1",2,0.947484713422999,0.675487795378979,166
"LAMTOR5",2,0.947328637949998,0.670818889195093,167
"UCHL3",2,0.946946616708743,0.679443106100249,168
"MPZL2",2,0.946769806167207,0.678793428547349,169
"MGST3",2,0.946024415842955,0.665631856821474,170
"ACTR1B",2,0.945697539949889,0.665239064976012,171
"FBL",2,0.945594796657581,0.677736720717442,172
"PAK4",2,0.945341829084141,0.692029939537663,173
"SYNCRIP",2,0.945267579113194,0.674502740377098,174
"DDAH2",2,0.945037664949273,0.667547605931314,175
"PCBD1",2,0.945011466449302,0.668257880504188,176
"PUF60",2,0.944819045505388,0.656854313463752,177
"CHCHD1",2,0.944804005068457,0.679883593276264,178
"FKBP10",2,0.944614319983796,0.674028957395487,179
"MRPL3",2,0.944601160605535,0.671390258830102,180
"ATP5MC3",2,0.944294825114886,0.681164988415725,181
"CFL1",2,0.944281382395457,0.681964265986137,182
"SAP18",2,0.943968770820424,0.664832768338693,183
"MEAF6",2,0.943833800300901,0.672981629984403,184
"MRPL58",2,0.943179698690663,0.690977870417284,185
"OAT",2,0.943080911827425,0.655469209512698,186
"CCT8",2,0.943067975491144,0.694658617958225,187
"MAGEF1",2,0.942760338155423,0.665026943217906,188
"EFNA4",2,0.942597171199389,0.675951752718625,189
"MED10",2,0.942553859035086,0.682096968554463,190
"FARSA",2,0.942476047157182,0.669479396891456,191
"SPINT2",2,0.942435185184,0.661822923006901,192
"PSENEN",2,0.942419134286561,0.670078634061277,193
"ISOC2",2,0.942143810321604,0.691546812803394,194
"LINC00623",2,0.942139653143392,0.671475386400543,195
"FXYD6",2,0.94151080894915,0.671987836507416,196
"NCBP2-AS2",2,0.940936565299979,0.694545564860616,197
"MRPL14",2,0.940834565948052,0.665241804241729,198
"SERP1",2,0.940673625300308,0.680660386976166,199
"SRSF9",2,0.940358750804142,0.659670982278806,200
"SLC3A2",2,0.940263421586753,0.658307493387691,201
"PPP2R1A",2,0.940130441806256,0.682247909839199,202
"CISD1",2,0.940118674355729,0.677693722290854,203
"EI24",2,0.940089499723511,0.65130839979471,204
"MLF2",2,0.939751148881315,0.652453392616157,205
"ARPC3",2,0.939571240356336,0.654103805666861,206
"LAMTOR2",2,0.939547725911058,0.679262090349024,207
"MARCKSL1",2,0.939483487713419,0.677634413110719,208
"EIF4G1",2,0.939310499720429,0.678272849770983,209
"TSEN34",2,0.939197926725026,0.69274896957036,210
"TFAM",2,0.939018657600319,0.671782832774167,211
"ERG28",2,0.938549401000351,0.66530968782017,212
"DHPS",2,0.938539565578348,0.680977138352753,213
"WRB",2,0.93805564922582,0.676128476752166,214
"SUMO1",2,0.938030869158424,0.67679914936188,215
"ECH1",2,0.937768061114875,0.650487552077802,216
"TMEM14C",2,0.937746164205424,0.648036119118277,217
"MRPL39",2,0.937013120985669,0.682905935039709,218
"POLR2H",2,0.936890893525806,0.693360003019845,219
"NQO1",2,0.936825703078972,0.66135938846373,220
"CSRP2",2,0.936530844607964,0.671380377609281,221
"CD63",2,0.936203673321292,0.645929605634323,222
"YWHAQ",2,0.936111710103208,0.672066638391667,223
"SLPI",2,0.935945272433877,0.680067455338356,224
"BASP1",2,0.935543470395997,0.67264928147317,225
"APH1A",2,0.935166082512275,0.663856407955062,226
"PFN1",2,0.93437178971593,0.668439401346737,227
"WDR83OS",2,0.933887954283694,0.657264774822604,228
"EBLN3P",2,0.933797141284993,0.66601369191228,229
"LSM4",2,0.933680502528187,0.665041226503161,230
"EMP2",2,0.932752851479814,0.681046126267442,231
"SPATC1L",2,0.932319341251022,0.67749110001458,232
"DBI",2,0.932084802775827,0.677075811071647,233
"MDH1",2,0.932077214777855,0.676787718973695,234
"HAT1",2,0.931976855779442,0.640123712033826,235
"MAGOH",2,0.931853362470328,0.676585481174411,236
"SPATS2",2,0.931809712370059,0.66648724364142,237
"MRPS12",2,0.93155881136737,0.677244314385988,238
"THYN1",2,0.93099991666627,0.64489455029887,239
"RBM17",2,0.93095222199737,0.678712889088142,240
"TBCA",2,0.930939849462553,0.65778357870512,241
"SDC1",2,0.930101546902607,0.665529963754534,242
"DESI2",2,0.929971102708832,0.671268466820764,243
"PDIA6",2,0.929748436905535,0.658273963034798,244
"DPM1",2,0.929345605587004,0.681744311086538,245
"UBXN4",2,0.929227729566566,0.63511944266506,246
"GORASP2",2,0.929198032588245,0.651648081685277,247
"RAB5IF",2,0.929042351284351,0.675953167417018,248
"TEAD2",2,0.928853748818854,0.649098928950967,249
"LAGE3",2,0.928837521631504,0.680962279386577,250
"C6orf48",2,0.928580062605402,0.663292221721167,251
"PPP4C",2,0.928530869989067,0.670661861174343,252
"PGAM1",2,0.928435392795717,0.651927246371988,253
"UTP11",2,0.928280502066996,0.680413472583622,254
"LARP6",2,0.927949654063602,0.649335958005863,255
"MDFI",2,0.927825863046221,0.658717026415065,256
"ERGIC3",2,0.927722958677416,0.644927208311185,257
"YIPF3",2,0.927035869352536,0.638988019731813,258
"CD9",2,0.926974502716036,0.642095253237715,259
"RTRAF",2,0.92669797171309,0.628979247764037,260
"ATP5PD",2,0.926324437697427,0.67247631938575,261
"DNASE2",2,0.926204247436258,0.660344070286595,262
"COX4I1",2,0.92610096786566,0.639355454311719,263
"LAPTM4A",2,0.925956498014591,0.659860489324462,264
"EIF3D",2,0.925594833581735,0.633025148038949,265
"RFXANK",2,0.925584761656307,0.656631602851006,266
"GNL2",2,0.924176375034418,0.663208968196716,267
"NAP1L1",2,0.923236840601972,0.648800431730163,268
"PSMD2",2,0.923091254951217,0.671784731818816,269
"SUMO3",2,0.922658584073137,0.665441178208192,270
"ACTL6A",2,0.922587916614488,0.67702770252633,271
"GMPS",2,0.922140404392777,0.676955745891254,272
"KRT8",2,0.921499416175285,0.65836658493037,273
"MRPS15",2,0.92103701914295,0.668548070435102,274
"PRDX4",2,0.920431697538596,0.634842052444352,275
"PHGDH",2,0.920417097916435,0.667641274036437,276
"MORF4L2",2,0.920285855941313,0.650754928509441,277
"ATP5MG",2,0.92024494423729,0.643061104403781,278
"CRABP1",2,0.919764122018329,0.652402448986725,279
"LMCD1",2,0.919319077987562,0.64215283934694,280
"SSR1",2,0.918743685364068,0.643207020621885,281
"MAP1LC3B",2,0.918646645593909,0.632646993740841,282
"ODC1",2,0.918412233699881,0.660180609462405,283
"C1orf122",2,0.916386686777216,0.631658910996932,284
"LMO4",2,0.916358913722681,0.651946259515675,285
"PARP1",2,0.915487228259429,0.648418271771814,286
"HNRNPH3",2,0.914876525440616,0.642703414810479,287
"TMEM123",2,0.914750367809665,0.649675712351816,288
"TMEM205",2,0.914352081690295,0.645153566509396,289
"FAM178B",2,0.914318792404173,0.660387341196386,290
"PRPF31",2,0.914130075303114,0.664310402964899,291
"PERP",2,0.913452803925796,0.658645333421297,292
"TMEM258",2,0.913232831753408,0.611495089211954,293
"FADS2",2,0.913161221424502,0.655569514660183,294
"NR1H2",2,0.913111289865327,0.651569481734857,295
"MSRB2",2,0.913024072328611,0.622117462850141,296
"SH3BGR",2,0.91225732660806,0.647770530961929,297
"ARF4",2,0.912142129024609,0.619978711124733,298
"YIF1A",2,0.911918308504668,0.62940453553265,299
"UBB",2,0.911402581292302,0.624475529693352,300
"GRN",2,0.911317369621845,0.626143285441157,301
"FDPS",2,0.911026648936737,0.65216691578625,302
"SLIRP",2,0.910251536834914,0.633602266648526,303
"PCNA",2,0.908766942576439,0.652858042778933,304
"CHCHD2",2,0.908636497786332,0.627175004253031,305
"CALR",2,0.908531312780443,0.617248377661968,306
"MDK",2,0.908059460485011,0.636397830367331,307
"POLR1D",2,0.905671574897419,0.631128905156956,308
"SF3B2",2,0.905586908834573,0.630131992341398,309
"SIX1",2,0.90465531548657,0.652022654268934,310
"CCNH",2,0.904249243629823,0.640216688948871,311
"UNC50",2,0.90323061292992,0.608437580249015,312
"RASIP1",2,0.903011874196869,0.648937847636884,313
"SMCO4",2,0.902343799483508,0.641399848769903,314
"MYDGF",2,0.901958771210654,0.608077918154808,315
"KIT",2,0.90094394713406,0.626885358591674,316
"PRDX1",2,0.900742811333295,0.649036415709463,317
"HSBP1",2,0.90016406449719,0.608090463189509,318
"TFPT",2,0.899442967424761,0.64377303511573,319
"CCND1",2,0.899396299042382,0.639712434701279,320
"TTYH1",2,0.899183832408535,0.657644238189721,321
"MALL",2,0.89871352721185,0.645762121119431,322
"TUBA1B",2,0.898255976636114,0.650720609658288,323
"FABP5",2,0.898142089053868,0.637999915771281,324
"KRT6B",2,0.897528507402114,0.639710744951478,325
"NPW",2,0.897224129557066,0.626944746664497,326
"SEC11C",2,0.897040910833232,0.621300734417604,327
"PSMG1",2,0.896202333330313,0.619647384394621,328
"TTC3",2,0.895999451722012,0.638684105503581,329
"MBOAT7",2,0.895741941726786,0.636824305829379,330
"NOTCH3",2,0.895512283335042,0.63587753242874,331
"EIF3L",2,0.894732680405435,0.593042964686257,332
"TMED10",2,0.894578825817749,0.602057750708354,333
"CRABP2",2,0.893975659759527,0.657286202772105,334
"PRPF40A",2,0.893935116576398,0.650987738931001,335
"LMAN1",2,0.893758903583284,0.625576467690642,336
"RPS7",2,0.893469166989237,0.640676342181506,337
"MYC",2,0.893374845009194,0.607039243991164,338
"POLR2F",2,0.892990813956942,0.609342939446241,339
"COMMD6",2,0.891666701848441,0.598642951322056,340
"S100A1",2,0.890891528287166,0.618233300094893,341
"TMED2",2,0.890861256043937,0.594061084255157,342
"PCBP2",2,0.889684211222565,0.608150813572609,343
"CNPY2",2,0.88955992995144,0.643914760131744,344
"FYTTD1",2,0.889473102799893,0.603701979800121,345
"RBM42",2,0.888449125809358,0.649742142558803,346
"RPS25",2,0.88744948866123,0.619334014676012,347
"KRT16",2,0.887237446392072,0.61213671888035,348
"CYB5A",2,0.887207123866034,0.618543907195927,349
"MRPL47",2,0.886800158969088,0.649237489659382,350
"DDX39A",2,0.886675064697268,0.640573693947734,351
"ARL6IP5",2,0.886195766064545,0.589906699516274,352
"TUBA1C",2,0.885974624491323,0.617244897624977,353
"RBX1",2,0.885807621761209,0.604657599594532,354
"CLDN7",2,0.885797274163303,0.619103818931392,355
"VIM",2,0.885614249180218,0.615460453879931,356
"TRMT10C",2,0.885563196572387,0.619874334891221,357
"ANKRD35",2,0.885384077033719,0.609156912016813,358
"HEXIM1",2,0.885182484330957,0.621198043880044,359
"CDKN2A",2,0.884140058360031,0.648710471247073,360
"CAPG",2,0.883702180862829,0.587762214706077,361
"ANAPC16",2,0.883070673938133,0.577511059516202,362
"COX5B",2,0.88237432606553,0.580925547421055,363
"S100P",2,0.880633021319492,0.610963220333908,364
"NACA",2,0.880578704744006,0.606435398696951,365
"MLEC",2,0.880381363360733,0.595486179207629,366
"UQCRH",2,0.880030295588455,0.634234258632747,367
"SEC63",2,0.879950489260099,0.630806615658278,368
"HIGD2A",2,0.879439482205261,0.621080995370207,369
"FAM213A",2,0.879013060229973,0.613507292700879,370
"NIPSNAP3A",2,0.878922244058571,0.634521225008268,371
"FAM162A",2,0.878812802096168,0.607699771516044,372
"FXYD3",2,0.877847268304995,0.614660227642092,373
"HNRNPA1",2,0.877622022783645,0.597183370980212,374
"CCT5",2,0.877179825465513,0.628990028647834,375
"RPL39L",2,0.876929649003629,0.628836879375329,376
"DNAJC9",2,0.876581799051094,0.634693804555775,377
"H3F3A",2,0.876311057111707,0.619701251425331,378
"SMIM7",2,0.876272124611421,0.604210103654384,379
"GTPBP4",2,0.876215749311988,0.627512462109286,380
"MYO10",2,0.87598532342027,0.631438402304438,381
"APLP2",2,0.875596866082798,0.605798625946684,382
"CCSER2",2,0.874886275303724,0.613509546517085,383
"DCUN1D5",2,0.874444155885641,0.625953364075001,384
"PAM",2,0.873902617706374,0.617164516498096,385
"MFSD1",2,0.871844376984408,0.609410316477877,386
"LURAP1L",2,0.870893264334443,0.620126448209222,387
"ERLEC1",2,0.86983280634635,0.590596609006904,388
"RPL23A",2,0.866739327563123,0.601158083928384,389
"ASPG",2,0.865222125636421,0.623817492678889,390
"HEY1",2,0.864060000459609,0.601638567541382,391
"LAPTM4B",2,0.861973264393513,0.568359668215785,392
"RPS16",2,0.861470544674598,0.609771237701297,393
"SH3YL1",2,0.859745987739308,0.610206600532193,394
"RPL35A",2,0.859691217976694,0.610817365619337,395
"AP3S1",2,0.859218785387262,0.610518048662052,396
"TMEM59",2,0.858619502158675,0.545526518249527,397
"RPL8",2,0.858105114912095,0.596185473742224,398
"CKS1B",2,0.857090307022139,0.60073568942843,399
"AQP3",2,0.85627437233318,0.592827769719338,400
"PEPD",2,0.853088266750802,0.583206309336323,401
"RHOBTB3",2,0.852554399293446,0.57461628437526,402
"KANK2",2,0.851558437364114,0.594002118220169,403
"CSTB",2,0.851151543408005,0.622861898213108,404
"TMEM213",2,0.850504314504521,0.609318011220502,405
"IGFBP5",2,0.849966887351185,0.606187580078864,406
"FAM84A",2,0.849462481837221,0.617837709866457,407
"RPL31",2,0.849348235327581,0.584513697980528,408
"TM9SF2",2,0.848110515702869,0.591423254378693,409
"GCHFR",2,0.847994119618771,0.594897713001462,410
"RFC4",2,0.846466826710262,0.61741517828726,411
"RPS5",2,0.843830493039863,0.596882164080759,412
"REEP5",2,0.843817491548041,0.544586839007902,413
"RPS10",2,0.841687657155859,0.575429646246461,414
"YBX1",2,0.838752406896965,0.610813770681023,415
"EEF1B2",2,0.83845411631536,0.549154323962774,416
"TMEM45A",2,0.837653269107389,0.56880141160598,417
"RPL7",2,0.837081426122745,0.566355321428757,418
"RPL24",2,0.835853062732429,0.572851254686303,419
"EIF4A2",2,0.832295521049236,0.57898440630068,420
"VCAN",2,0.831685630993283,0.602516239442491,421
"IGFBP3",2,0.831495968345869,0.568636237929942,422
"RPS23",2,0.831493785150012,0.571594126719672,423
"CXADR",2,0.831345121117977,0.574834243887066,424
"RPL27",2,0.829795694454732,0.568543188955581,425
"RRAGA",2,0.829704827361149,0.574492712150522,426
"EWSR1",2,0.827272981871179,0.594416684141207,427
"KRT14",2,0.826318212164046,0.576538561122636,428
"YIPF2",2,0.825054258714586,0.551373457372621,429
"PPP1R16A",2,0.824779807703827,0.574992641491063,430
"BAMBI",2,0.824243417448098,0.575493878773479,431
"DDIT4",2,0.824017038752853,0.56484862582153,432
"RABAC1",2,0.823416382001058,0.518492763761575,433
"GPI",2,0.822837263353511,0.586798027896628,434
"SERTAD4",2,0.822382960557439,0.566319471778973,435
"THUMPD3-AS1",2,0.822098535276073,0.57938115622299,436
"NDUFA4L2",2,0.819714278549583,0.580107643004666,437
"GMPR",2,0.819441169305032,0.555170493209659,438
"C19orf48",2,0.819324030647309,0.586841201791565,439
"RPL13A",2,0.819038704613504,0.568711167930652,440
"CACNA1A",2,0.817338761734369,0.581671977751211,441
"SELENBP1",2,0.81396812094571,0.540156413245194,442
"KRT5",2,0.813722595604078,0.568181812338459,443
"RPL5",2,0.810558343176398,0.514432671715789,444
"RPS26",2,0.806108600320829,0.493036931142272,445
"EEF1A1",2,0.804191970772966,0.535888033213708,446
"NUCB2",2,0.796791299788856,0.524492803606555,447
"RPL18A",2,0.794587103210071,0.531781956673865,448
"LGALS1",2,0.79096522895584,0.522594142288808,449
"SERTAD4-AS1",2,0.790252303972231,0.516477097781873,450
"GAPDH",2,0.789924502161812,0.52889822775668,451
"CALML5",2,0.789449886040778,0.585127715531442,452
"PSAP",2,0.788786416375714,0.517481553046537,453
"RPS11",2,0.787406203717277,0.488982750407129,454
"TNNT1",2,0.785721093874276,0.537682048399203,455
"COL8A1",2,0.784320280186611,0.531410156024342,456
"RPS18",2,0.781293501857175,0.528900093247086,457
"NFIX",2,0.779974335467798,0.559110274294432,458
"RPL18",2,0.777241912415146,0.487882659813149,459
"POLE4",2,0.773448658502737,0.507033122088654,460
"FAM3B",2,0.77291555476932,0.547310754491442,461
"UBA52",2,0.770383956335352,0.461949742460413,462
"TET1",2,0.768996068374142,0.554334713048124,463
"PTX3",2,0.768143396004511,0.515829830685926,464
"RPLP2",2,0.768097677571969,0.504023099522518,465
"RPS6",2,0.767090845342518,0.521741602561806,466
"RBP4",2,0.764916259475313,0.526272808985622,467
"CADM1",2,0.764604784422462,0.49904600745868,468
"CLEC7A",2,0.763158530456216,0.501393207114268,469
"HSPA14.1",2,0.75864092578335,0.54135300763605,470
"RPL28",2,0.756817177382774,0.517901553671948,471
"RPL7A",2,0.756330987816335,0.470655177283148,472
"PLTP",2,0.746509279898125,0.49229350264274,473
"JUNB",2,0.746429718781965,0.418838390456702,474
"MXRA8",2,0.745260247210904,0.48511025539252,475
"CXCR4",2,0.74269124647937,0.492745944494868,476
"PPP1R1B",2,0.740479163885568,0.474560098853377,477
"DLX5",2,0.735031178368889,0.495385311151153,478
"MAL",2,0.733857149710341,0.488663754345297,479
"RPL32",2,0.730657455389836,0.474409618648605,480
"FOLR1",2,0.730442376521288,0.482120500707854,481
"CXCL14",2,0.721472868866648,0.478566681143873,482
"RPS27A",2,0.71784207085245,0.452851374326522,483
"RPS9",2,0.714892339241327,0.406629763051108,484
"CHST9",2,0.707288375251994,0.506018070984936,485
"NECTIN4",2,0.699633466375149,0.511846182677673,486
"RPL6",2,0.698289062247742,0.400243126617039,487
"RPL10A",2,0.697846974133229,0.378891367865156,488
"AC020916.1",2,0.690436743421041,0.417524552442092,489
"RPS24",2,0.689985036103747,0.410434141446751,490
"NEBL",2,0.688044295806712,0.511064469420466,491
"CDA",2,0.687100680773897,0.454162817173239,492
"RPL21",2,0.686226619314753,0.411772360583667,493
"GJA1",2,0.680795551339185,0.449613029978647,494
"CALML3",2,0.673933085265244,0.442669312042116,495
"FGFBP2",2,0.667899846945449,0.453696013043839,496
"RPL41",2,0.666932191416448,0.410974454209651,497
"GPX3",2,0.662072362892962,0.444653493709698,498
"RPL10",2,0.653862201113953,0.346716337353875,499
"ID1",2,0.632984713470038,0.425619729395487,500
"ALDH1A1",2,0.615496782568749,0.418812834387784,501
"AL139393.2",2,0.614109365016947,0.39221306091508,502
"ERBB3",2,0.604022954146257,0.434692389729273,503
"CHST1",2,0.602559440173402,0.411873397024837,504
"CA2",2,0.602208885958339,0.374358179075166,505
"HOOK2",2,0.587085956624618,0.446940484886902,506
"DLX1",2,0.586726749306348,0.377967221642803,507
"P4HA1",2,0.566799258251558,0.405398525688596,508
"HSD17B1",2,0.557779118994251,0.443738655458999,509
"TF",2,0.55763548984336,0.36328861171229,510
"NCBP2",2,0.54565623330326,0.419256026489435,511
"AC011503.1",2,0.541909022085097,0.35510631185442,512
"KIAA1324",2,0.522014808828022,0.344396720231989,513
"SCRG1",2,0.510635560972697,0.338092305655146,514
"LTBP4",2,0.492070978640068,0.397743604897779,515
"CTHRC1",2,0.484956075486003,0.288010211104563,516
