ID,Description,GeneRatio,BgRatio,RichFactor,FoldEnrichment,zScore,pvalue,p.adjust,qvalue,geneID,Count,Temporal_Cluster,Database
R-HSA-72766,Translation,80/373,344/10039,0.23255813953488372,6.259118398902674,19.497228387749928,1.1845354390925265e-42,1.3397095816136474e-39,8.790499837476117e-40,PSMB2/MRPS15/RPL5/PSMA5/PSMB4/MRPL9/SSR2/MRPS14/RPS7/RPS27A/RPL31/EEF1B2/RPL32/RPL24/MRPL3/SSR3/RPL22L1/MRPL47/PSMD2/EIF4G1/EIF4A2/RPL39L/RPL35A/SRP72/MRPL36/RPS23/SRP19/SSR1/RPS18/RPS10/RPL10A/MRPL14/EEF1A1/PSMB1/MRPS33/RPL10/RPL7/EIF3H/RPL8/RPS6/SEC61B/RPL7A/RPLP2/RPS25/PPA1/MRPS16/CHCHD1/RPS24/RPS26/RPL41/TSFM/RPL6/RPL21/PSMB5/PSMA3/UBB/RPL23A/RPL27/MRPL58/SEC11C/RPN2/FARSA/GADD45GIP1/MRPL34/RPL18A/UBA52/MRPS12/RPS16/PSMC4/RPL18/RPL13A/RPS11/RPS9/RPL28/RPS5/EIF3D/EIF3L/RBX1/MRPL39/MRPS6,80,2,Reactome
R-HSA-1799339,SRP-dependent cotranslational protein targeting to membrane,44/373,111/10039,0.3963963963963964,10.668695505156633,20.121164173855107,1.9055720813400883e-34,1.07760101199782e-31,7.070675354446117e-32,RPL5/SSR2/RPS7/RPS27A/RPL31/RPL32/RPL24/SSR3/RPL22L1/RPL39L/RPL35A/SRP72/RPS23/SRP19/SSR1/RPS18/RPS10/RPL10A/RPL10/RPL7/RPL8/RPS6/SEC61B/RPL7A/RPLP2/RPS25/RPS24/RPS26/RPL41/RPL6/RPL21/RPL23A/RPL27/SEC11C/RPN2/RPL18A/UBA52/RPS16/RPL18/RPL13A/RPS11/RPS9/RPL28/RPS5,44,2,Reactome
R-HSA-9010553,Regulation of expression of SLITs and ROBOs,49/373,157/10039,0.31210191082802546,8.399976093304417,18.357449166773826,1.5494779004349675e-32,5.841531684639828e-30,3.832919016865446e-30,PSMB2/MAGOH/RPL5/PSMA5/PSMB4/RPS7/RPS27A/RPL31/RPL32/RPL24/RPL22L1/PSMD2/EIF4G1/RPL39L/NCBP2/RPL35A/RPS23/RPS18/RPS10/RPL10A/PSMB1/RPL10/RPL7/RPL8/RPS6/RPL7A/RPLP2/RPS25/RPS24/RPS26/RPL41/RPL6/RPL21/PSMB5/PSMA3/UBB/RPL23A/RPL27/RPL18A/UBA52/RPS16/PSMC4/RPL18/RPL13A/RPS11/RPS9/RPL28/RPS5/RBX1,49,2,Reactome
R-HSA-9948299,Ribosome-associated quality control,46/373,143/10039,0.32167832167832167,8.65771761750314,18.117244237259058,3.117780731584666e-31,8.815525018555644e-29,5.78430372570313e-29,PSMB2/RPL5/PSMA5/PSMB4/RPS7/RPS27A/RPL31/RPL32/RPL24/RPL22L1/PSMD2/RPL39L/RPL35A/RPS23/RPS18/RPS10/RPL10A/PSMB1/RPL10/RPL7/RPL8/RPS6/RPL7A/RPLP2/RPS25/RPS24/RPS26/RPL41/RPL6/RPL21/PSMB5/PSMA3/UBB/RPL23A/RPL27/RPL18A/UBA52/RPS16/PSMC4/RPL18/RPL13A/RPS11/RPS9/RPL28/RPS5/RBX1,46,2,Reactome
R-HSA-156827,L13a-mediated translational silencing of Ceruloplasmin expression,41/373,110/10039,0.37272727272727274,10.031659761150378,18.709654683578847,7.378979192663093e-31,1.6691250933803916e-28,1.0951958591215748e-28,RPL5/RPS7/RPS27A/RPL31/RPL32/RPL24/RPL22L1/EIF4G1/EIF4A2/RPL39L/RPL35A/RPS23/RPS18/RPS10/RPL10A/RPL10/RPL7/EIF3H/RPL8/RPS6/RPL7A/RPLP2/RPS25/RPS24/RPS26/RPL41/RPL6/RPL21/RPL23A/RPL27/RPL18A/UBA52/RPS16/RPL18/RPL13A/RPS11/RPS9/RPL28/RPS5/EIF3D/EIF3L,41,2,Reactome
R-HSA-72706,GTP hydrolysis and joining of the 60S ribosomal subunit,41/373,111/10039,0.36936936936936937,9.941284447986861,18.607375959572796,1.1319616915533222e-30,1.928704978573019e-28,1.2655191120051916e-28,RPL5/RPS7/RPS27A/RPL31/RPL32/RPL24/RPL22L1/EIF4G1/EIF4A2/RPL39L/RPL35A/RPS23/RPS18/RPS10/RPL10A/RPL10/RPL7/EIF3H/RPL8/RPS6/RPL7A/RPLP2/RPS25/RPS24/RPS26/RPL41/RPL6/RPL21/RPL23A/RPL27/RPL18A/UBA52/RPS16/RPL18/RPL13A/RPS11/RPS9/RPL28/RPS5/EIF3D/EIF3L,41,2,Reactome
R-HSA-156842,Eukaryotic Translation Elongation,38/373,92/10039,0.41304347826086957,11.116738547616274,19.1488632334708,1.1937166091963866e-30,1.928704978573019e-28,1.2655191120051916e-28,RPL5/RPS7/RPS27A/RPL31/EEF1B2/RPL32/RPL24/RPL22L1/RPL39L/RPL35A/RPS23/RPS18/RPS10/RPL10A/EEF1A1/RPL10/RPL7/RPL8/RPS6/RPL7A/RPLP2/RPS25/RPS24/RPS26/RPL41/RPL6/RPL21/RPL23A/RPL27/RPL18A/UBA52/RPS16/RPL18/RPL13A/RPS11/RPS9/RPL28/RPS5,38,2,Reactome
R-HSA-72689,Formation of a pool of free 40S subunits,39/373,100/10039,0.39,10.496541554959785,18.74773231150713,2.7831849479795453e-30,3.7315971834883694e-28,2.4484862156073345e-28,RPL5/RPS7/RPS27A/RPL31/RPL32/RPL24/RPL22L1/RPL39L/RPL35A/RPS23/RPS18/RPS10/RPL10A/RPL10/RPL7/EIF3H/RPL8/RPS6/RPL7A/RPLP2/RPS25/RPS24/RPS26/RPL41/RPL6/RPL21/RPL23A/RPL27/RPL18A/UBA52/RPS16/RPL18/RPL13A/RPS11/RPS9/RPL28/RPS5/EIF3D/EIF3L,39,2,Reactome
R-HSA-975956,Nonsense Mediated Decay (NMD) independent of the Exon Junction Complex (EJC),38/373,94/10039,0.40425531914893614,10.880212195539329,18.90524984418254,3.169719274710473e-30,3.7315971834883694e-28,2.4484862156073345e-28,RPL5/RPS7/RPS27A/RPL31/RPL32/RPL24/RPL22L1/EIF4G1/RPL39L/NCBP2/RPL35A/RPS23/RPS18/RPS10/RPL10A/RPL10/RPL7/RPL8/RPS6/RPL7A/RPLP2/RPS25/RPS24/RPS26/RPL41/RPL6/RPL21/RPL23A/RPL27/RPL18A/UBA52/RPS16/RPL18/RPL13A/RPS11/RPS9/RPL28/RPS5,38,2,Reactome
R-HSA-156902,Peptide chain elongation,37/373,88/10039,0.42045454545454547,11.316201559834267,19.09336206055567,3.2993785884070465e-30,3.7315971834883694e-28,2.4484862156073345e-28,RPL5/RPS7/RPS27A/RPL31/RPL32/RPL24/RPL22L1/RPL39L/RPL35A/RPS23/RPS18/RPS10/RPL10A/EEF1A1/RPL10/RPL7/RPL8/RPS6/RPL7A/RPLP2/RPS25/RPS24/RPS26/RPL41/RPL6/RPL21/RPL23A/RPL27/RPL18A/UBA52/RPS16/RPL18/RPL13A/RPS11/RPS9/RPL28/RPS5,37,2,Reactome
R-HSA-376176,Signaling by ROBO receptors,52/373,201/10039,0.25870646766169153,6.962879970122577,16.7747209007153,5.0551885565272364e-30,5.197652961302095e-28,3.4104382127767474e-28,PSMB2/MAGOH/RPL5/PSMA5/PSMB4/RPS7/RPS27A/RPL31/CXCR4/RPL32/RPL24/RPL22L1/PSMD2/EIF4G1/RPL39L/NCBP2/RPL35A/RPS23/RPS18/RPS10/RPL10A/PSMB1/RPL10/RPL7/RPL8/RPS6/RPL7A/RPLP2/RPS25/RPS24/RPS26/RPL41/RPL6/RPL21/PSMB5/PSMA3/PFN1/UBB/RPL23A/RPL27/RPL18A/UBA52/PAK4/RPS16/PSMC4/RPL18/RPL13A/RPS11/RPS9/RPL28/RPS5/RBX1,52,2,Reactome
R-HSA-72613,Eukaryotic Translation Initiation,41/373,118/10039,0.3474576271186441,9.351547234970692,17.92605963090427,1.9678315874456759e-29,1.712013481077738e-27,1.1233370600398391e-27,RPL5/RPS7/RPS27A/RPL31/RPL32/RPL24/RPL22L1/EIF4G1/EIF4A2/RPL39L/RPL35A/RPS23/RPS18/RPS10/RPL10A/RPL10/RPL7/EIF3H/RPL8/RPS6/RPL7A/RPLP2/RPS25/RPS24/RPS26/RPL41/RPL6/RPL21/RPL23A/RPL27/RPL18A/UBA52/RPS16/RPL18/RPL13A/RPS11/RPS9/RPL28/RPS5/EIF3D/EIF3L,41,2,Reactome
R-HSA-72737,Cap-dependent Translation Initiation,41/373,118/10039,0.3474576271186441,9.351547234970692,17.92605963090427,1.9678315874456759e-29,1.712013481077738e-27,1.1233370600398391e-27,RPL5/RPS7/RPS27A/RPL31/RPL32/RPL24/RPL22L1/EIF4G1/EIF4A2/RPL39L/RPL35A/RPS23/RPS18/RPS10/RPL10A/RPL10/RPL7/EIF3H/RPL8/RPS6/RPL7A/RPLP2/RPS25/RPS24/RPS26/RPL41/RPL6/RPL21/RPL23A/RPL27/RPL18A/UBA52/RPS16/RPL18/RPL13A/RPS11/RPS9/RPL28/RPS5/EIF3D/EIF3L,41,2,Reactome
R-HSA-927802,Nonsense-Mediated Decay (NMD),40/373,114/10039,0.3508771929824561,9.443582145712806,17.81018854224263,6.34101632721269e-29,4.746406558548871e-27,3.114353039952491e-27,MAGOH/RPL5/RPS7/RPS27A/RPL31/RPL32/RPL24/RPL22L1/EIF4G1/RPL39L/NCBP2/RPL35A/RPS23/RPS18/RPS10/RPL10A/RPL10/RPL7/RPL8/RPS6/RPL7A/RPLP2/RPS25/RPS24/RPS26/RPL41/RPL6/RPL21/RPL23A/RPL27/RPL18A/UBA52/RPS16/RPL18/RPL13A/RPS11/PPP2R1A/RPS9/RPL28/RPS5,40,2,Reactome
R-HSA-975957,Nonsense Mediated Decay (NMD) enhanced by the Exon Junction Complex (EJC),40/373,114/10039,0.3508771929824561,9.443582145712806,17.81018854224263,6.34101632721269e-29,4.746406558548871e-27,3.114353039952491e-27,MAGOH/RPL5/RPS7/RPS27A/RPL31/RPL32/RPL24/RPL22L1/EIF4G1/RPL39L/NCBP2/RPL35A/RPS23/RPS18/RPS10/RPL10A/RPL10/RPL7/RPL8/RPS6/RPL7A/RPLP2/RPS25/RPS24/RPS26/RPL41/RPL6/RPL21/RPL23A/RPL27/RPL18A/UBA52/RPS16/RPL18/RPL13A/RPS11/PPP2R1A/RPS9/RPL28/RPS5,40,2,Reactome
R-HSA-192823,Viral mRNA Translation,36/373,88/10039,0.4090909090909091,11.010358274433344,18.527303269625694,6.71463350457842e-29,4.746406558548871e-27,3.114353039952491e-27,RPL5/RPS7/RPS27A/RPL31/RPL32/RPL24/RPL22L1/RPL39L/RPL35A/RPS23/RPS18/RPS10/RPL10A/RPL10/RPL7/RPL8/RPS6/RPL7A/RPLP2/RPS25/RPS24/RPS26/RPL41/RPL6/RPL21/RPL23A/RPL27/RPL18A/UBA52/RPS16/RPL18/RPL13A/RPS11/RPS9/RPL28/RPS5,36,2,Reactome
R-HSA-9954716,ZNF598 and the Ribosome-associated Quality Trigger (RQT) complex dissociate a ribosome stalled on a no-go mRNA,37/373,95/10039,0.3894736842105263,10.482376181741216,18.241184730614258,9.598336797098707e-29,6.385717010305081e-27,4.189986032170024e-27,RPL5/RPS7/RPS27A/RPL31/RPL32/RPL24/RPL22L1/RPL39L/RPL35A/RPS23/RPS18/RPS10/RPL10A/RPL10/RPL7/RPL8/RPS6/RPL7A/RPLP2/RPS25/RPS24/RPS26/RPL41/RPL6/RPL21/UBB/RPL23A/RPL27/RPL18A/UBA52/RPS16/RPL18/RPL13A/RPS11/RPS9/RPL28/RPS5,37,2,Reactome
R-HSA-9954714,PELO:HBS1L and ABCE1 dissociate a ribosome on a non-stop mRNA,36/373,89/10039,0.4044943820224719,10.88664638370937,18.402934489236948,1.0904538950266706e-28,6.851685307084248e-27,4.495730970723993e-27,RPL5/RPS7/RPS27A/RPL31/RPL32/RPL24/RPL22L1/RPL39L/RPL35A/RPS23/RPS18/RPS10/RPL10A/RPL10/RPL7/RPL8/RPS6/RPL7A/RPLP2/RPS25/RPS24/RPS26/RPL41/RPL6/RPL21/RPL23A/RPL27/RPL18A/UBA52/RPS16/RPL18/RPL13A/RPS11/RPS9/RPL28/RPS5,36,2,Reactome
R-HSA-2408557,Selenocysteine synthesis,36/373,91/10039,0.3956043956043956,10.647379430221253,18.160039283513257,2.812375922146413e-28,1.5903985839737963e-26,1.043539486901695e-26,RPL5/RPS7/RPS27A/RPL31/RPL32/RPL24/RPL22L1/RPL39L/RPL35A/RPS23/RPS18/RPS10/RPL10A/RPL10/RPL7/RPL8/RPS6/RPL7A/RPLP2/RPS25/RPS24/RPS26/RPL41/RPL6/RPL21/RPL23A/RPL27/RPL18A/UBA52/RPS16/RPL18/RPL13A/RPS11/RPS9/RPL28/RPS5,36,2,Reactome
R-HSA-72764,Eukaryotic Translation Termination,36/373,91/10039,0.3956043956043956,10.647379430221253,18.160039283513257,2.812375922146413e-28,1.5903985839737963e-26,1.043539486901695e-26,RPL5/RPS7/RPS27A/RPL31/RPL32/RPL24/RPL22L1/RPL39L/RPL35A/RPS23/RPS18/RPS10/RPL10A/RPL10/RPL7/RPL8/RPS6/RPL7A/RPLP2/RPS25/RPS24/RPS26/RPL41/RPL6/RPL21/RPL23A/RPL27/RPL18A/UBA52/RPS16/RPL18/RPL13A/RPS11/RPS9/RPL28/RPS5,36,2,Reactome
R-HSA-9633012,Response of EIF2AK4 (GCN2) to amino acid deficiency,36/373,100/10039,0.36,9.68911528150134,17.153740272566296,1.4372631917877676e-26,7.740688904342691e-25,5.0790503769943655e-25,RPL5/RPS7/RPS27A/RPL31/RPL32/RPL24/RPL22L1/RPL39L/RPL35A/RPS23/RPS18/RPS10/RPL10A/RPL10/RPL7/RPL8/RPS6/RPL7A/RPLP2/RPS25/RPS24/RPS26/RPL41/RPL6/RPL21/RPL23A/RPL27/RPL18A/UBA52/RPS16/RPL18/RPL13A/RPS11/RPS9/RPL28/RPS5,36,2,Reactome
R-HSA-168273,Influenza Viral RNA Transcription and Replication,40/373,133/10039,0.3007518796992481,8.09449898203955,16.179049567998195,5.637605873126978e-26,2.8982419284120964e-24,1.9016804500260857e-24,RPL5/PARP1/RPS7/RPS27A/RPL31/SEC13/RPL32/RPL24/RPL22L1/POLR2H/RPL39L/RPL35A/RPS23/RPS18/RPS10/RPL10A/RPL10/RPL7/RPL8/RPS6/RPL7A/RPLP2/RPS25/RPS24/RPS26/RPL41/RPL6/RPL21/RPL23A/RPL27/RPL18A/UBA52/RPS16/RPL18/RPL13A/RPS11/RPS9/RPL28/RPS5/POLR2F,40,2,Reactome
R-HSA-2408522,Selenoamino acid metabolism,36/373,107/10039,0.3364485981308411,9.055247926636765,16.455347625850397,2.2291981837889514e-25,1.0961839764631756e-23,7.19260741222522e-24,RPL5/RPS7/RPS27A/RPL31/RPL32/RPL24/RPL22L1/RPL39L/RPL35A/RPS23/RPS18/RPS10/RPL10A/RPL10/RPL7/RPL8/RPS6/RPL7A/RPLP2/RPS25/RPS24/RPS26/RPL41/RPL6/RPL21/RPL23A/RPL27/RPL18A/UBA52/RPS16/RPL18/RPL13A/RPS11/RPS9/RPL28/RPS5,36,2,Reactome
R-HSA-9711097,Cellular response to starvation,41/373,152/10039,0.26973684210526316,7.259753774516722,15.275709606493294,1.4673722787613886e-24,6.914991863663044e-23,4.5372695461700826e-23,RPL5/LAMTOR5/LAMTOR2/RPS7/RPS27A/RPL31/SEC13/RPL32/RPL24/RPL22L1/RPL39L/RPL35A/RPS23/RPS18/RPS10/RPL10A/RPL10/RPL7/RPL8/RRAGA/RPS6/ATP6V1G1/RPL7A/RPLP2/RPS25/RPS24/RPS26/RPL41/RPL6/RPL21/RPL23A/RPL27/RPL18A/UBA52/RPS16/RPL18/RPL13A/RPS11/RPS9/RPL28/RPS5,41,2,Reactome
R-HSA-168255,Influenza Infection,41/373,154/10039,0.2662337662337662,7.165471257964556,15.145824398364754,2.556127538306292e-24,1.1563920983297666e-22,7.58766279791973e-23,RPL5/PARP1/RPS7/RPS27A/RPL31/SEC13/RPL32/RPL24/RPL22L1/POLR2H/RPL39L/RPL35A/RPS23/RPS18/RPS10/RPL10A/RPL10/RPL7/RPL8/RPS6/RPL7A/RPLP2/RPS25/RPS24/RPS26/RPL41/RPL6/RPL21/RPL23A/RPL27/CALR/RPL18A/UBA52/RPS16/RPL18/RPL13A/RPS11/RPS9/RPL28/RPS5/POLR2F,41,2,Reactome
R-HSA-9954709,Ribosome Quality Control (RQC) complex extracts and degrades nascent peptide,34/373,103/10039,0.3300970873786408,8.884302038054088,15.799039697824766,1.04289006168182e-23,4.536571768315917e-22,2.976670014112077e-22,PSMB2/RPL5/PSMA5/PSMB4/RPS27A/RPL31/RPL32/RPL24/RPL22L1/PSMD2/RPL39L/RPL35A/RPL10A/PSMB1/RPL10/RPL7/RPL8/RPL7A/RPLP2/RPL41/RPL6/RPL21/PSMB5/PSMA3/UBB/RPL23A/RPL27/RPL18A/UBA52/PSMC4/RPL18/RPL13A/RPL28/RBX1,34,2,Reactome
R-HSA-6791226,Major pathway of rRNA processing in the nucleolus and cytosol,40/373,181/10039,0.22099447513812154,5.947891517189282,13.195312071825882,1.696357565840474e-20,7.040084453394049e-19,4.619349006135981e-19,UTP11/RPL5/RPS7/RPS27A/RPL31/RPL32/RPL24/RPL22L1/RPL39L/RPL35A/RPS23/RPS18/RPS10/RPL10A/RPL10/RPL7/EXOSC4/RPL8/RPS6/EXOSC3/RPL7A/RPLP2/RPS25/RPS24/RPS26/RPL41/RPL6/RPL21/RPL23A/RPL27/RPL18A/UBA52/RPS16/FBL/RPL18/RPL13A/RPS11/RPS9/RPL28/RPS5,40,2,Reactome
R-HSA-8868773,rRNA processing in the nucleus and cytosol,41/373,191/10039,0.21465968586387435,5.777395673960951,13.094487089371304,1.7429033129534338e-20,7.040084453394049e-19,4.619349006135981e-19,UTP11/RPL5/RPS7/RPS27A/RPL31/RPL32/RPL24/RPL22L1/RPL39L/RPL35A/RPS23/RPS18/RPS10/RPL10A/RPL10/RPL7/EXOSC4/RPL8/RPS6/EXOSC3/RPL7A/RPLP2/RPS25/RPS24/RPS26/RPL41/RPL6/RPL21/NOP10/RPL23A/RPL27/RPL18A/UBA52/RPS16/FBL/RPL18/RPL13A/RPS11/RPS9/RPL28/RPS5,41,2,Reactome
R-HSA-72312,rRNA processing,42/373,207/10039,0.2028985507246377,5.46085402339045,12.739044820659283,5.587418705097754e-20,2.179093294988124e-18,1.4298113201792798e-18,UTP11/RPL5/RPS7/RPS27A/RPL31/RPL32/TRMT10C/RPL24/RPL22L1/RPL39L/RPL35A/RPS23/RPS18/RPS10/RPL10A/RPL10/RPL7/EXOSC4/RPL8/RPS6/EXOSC3/RPL7A/RPLP2/RPS25/RPS24/RPS26/RPL41/RPL6/RPL21/NOP10/RPL23A/RPL27/RPL18A/UBA52/RPS16/FBL/RPL18/RPL13A/RPS11/RPS9/RPL28/RPS5,42,2,Reactome
R-HSA-71291,Metabolism of amino acids and derivatives,53/373,339/10039,0.15634218289085547,4.20782620386407,11.802647289236686,1.483675772192947e-19,5.593457661167411e-18,3.670145331214132e-18,PSMB2/RPL5/PSMA5/PHGDH/PSMB4/ADI1/RPS7/ODC1/RPS27A/RPL31/RPL32/RPL24/RPL22L1/PSMD2/RPL39L/RPL35A/RPS23/RPS18/RPS10/RPL10A/PSMB1/RPL10/RPL7/RPL8/RPS6/GRHPR/RPL7A/RPLP2/SLC3A2/RPS25/PCBD1/RPS24/OAT/RPS26/RPL41/RPL6/RPL21/PSMB5/PSMA3/NQO1/RPL23A/RPL27/RPL18A/UBA52/RPS16/PSMC4/RPL18/RPL13A/RPS11/RPS9/RPL28/RPS5/ASPG,53,2,Reactome
R-HSA-9735869,SARS-CoV-1 modulates host translation machinery,15/373,35/10039,0.42857142857142855,11.534661049406358,12.263723877662027,4.4349242722035607e-13,1.6180320489878153e-11,1.0616711755190188e-11,RPS7/RPS27A/RPS23/RPS18/RPS10/EEF1A1/RPS6/RPS25/RPS24/HNRNPA1/RPS26/RPS16/RPS11/RPS9/RPS5,15,2,Reactome
R-HSA-72649,Translation initiation complex formation,18/373,57/10039,0.3157894736842105,8.499223931141525,11.153202394852345,9.99185705120141e-13,3.424481916639029e-11,2.246972638308451e-11,RPS7/RPS27A/EIF4G1/EIF4A2/RPS23/RPS18/RPS10/EIF3H/RPS6/RPS25/RPS24/RPS26/RPS16/RPS11/RPS9/RPS5/EIF3D/EIF3L,18,2,Reactome
R-HSA-72702,Ribosomal scanning and start codon recognition,18/373,57/10039,0.3157894736842105,8.499223931141525,11.153202394852345,9.99185705120141e-13,3.424481916639029e-11,2.246972638308451e-11,RPS7/RPS27A/EIF4G1/EIF4A2/RPS23/RPS18/RPS10/EIF3H/RPS6/RPS25/RPS24/RPS26/RPS16/RPS11/RPS9/RPS5/EIF3D/EIF3L,18,2,Reactome
R-HSA-72662,"Activation of the mRNA upon binding of the cap-binding complex and eIFs, and subsequent binding to 43S",18/373,58/10039,0.3103448275862069,8.352685587501156,11.031322476270649,1.4002116380924997e-12,4.6577628314194626e-11,3.0561894887158274e-11,RPS7/RPS27A/EIF4G1/EIF4A2/RPS23/RPS18/RPS10/EIF3H/RPS6/RPS25/RPS24/RPS26/RPS16/RPS11/RPS9/RPS5/EIF3D/EIF3L,18,2,Reactome
R-HSA-72695,"Formation of the ternary complex, and subsequently, the 43S complex",16/373,50/10039,0.32,8.61254691689008,10.600066602257526,1.4888889191003992e-11,4.811238192864433e-10,3.1568922946339295e-10,RPS7/RPS27A/RPS23/RPS18/RPS10/EIF3H/RPS6/RPS25/RPS24/RPS26/RPS16/RPS11/RPS9/RPS5/EIF3D/EIF3L,16,2,Reactome
R-HSA-9929491,SPOP-mediated proteasomal degradation of PD-L1(CD274),15/373,46/10039,0.32608695652173914,8.776372537591794,10.383951384616479,4.806598334354615e-11,1.5100729767097414e-9,9.908338671695915e-10,PSMB2/PSMA5/PSMB4/RPS27A/PSMD2/CSNK2B/PSMB1/CCND1/CDK4/PSMB5/PSMA3/UBB/UBA52/PSMC4/RBX1,15,2,Reactome
R-HSA-9909615,Regulation of PD-L1(CD274) Post-translational modification,19/373,86/10039,0.22093023255813954,5.9461624789575405,9.048888114321818,2.3940286987906623e-10,7.317963400897944e-9,4.801679182496207e-9,PSMB2/PSMA5/PSMB4/OST4/ERLEC1/RPS27A/PSMD2/CSNK2B/PSMB1/TMEM258/CCND1/CDK4/PSMB5/PSMA3/UBB/RPN2/UBA52/PSMC4/RBX1,19,2,Reactome
R-HSA-9918487,Dengue Virus Genome Translation and Replication,18/373,81/10039,0.2222222222222222,5.980935358951444,8.84141895415807,6.484117865827781e-10,1.929878238487163e-8,1.2662889460965608e-8,YBX1/OST4/RPS27A/SUMO1/EIF4G1/DNAJB11/EIF4A2/TMEM258/VIM/P4HA1/NACA/MAP1LC3B/UBB/SEC11C/RPN2/DPM1/CALR/UBA52,18,2,Reactome
R-HSA-9692914,SARS-CoV-1-host interactions,19/373,91/10039,0.2087912087912088,5.619450254838995,8.695563256620824,6.708766185684976e-10,1.945542193848643e-8,1.2765668450493677e-8,RPS7/YWHAQ/RPS27A/RPS23/RPS18/RPS10/EEF1A1/RPS6/RPS25/RPS24/PCBP2/HNRNPA1/RPS26/UBB/UBA52/RPS16/RPS11/RPS9/RPS5,19,2,Reactome
R-HSA-75815,Ubiquitin-dependent degradation of Cyclin D,13/373,39/10039,0.3333333333333333,8.971403038427166,9.797644729484672,7.062961055655518e-10,1.9970522384865977e-8,1.3103651432202999e-8,PSMB2/PSMA5/PSMB4/RPS27A/PSMD2/PSMB1/CCND1/CDK4/PSMB5/PSMA3/UBB/UBA52/PSMC4,13,2,Reactome
R-HSA-187577,SCF(Skp2)-mediated degradation of p27/p21,14/373,50/10039,0.28,7.535978552278821,9.101002426844234,2.08081018671144e-9,5.7399910272454595e-8,3.7662931492466364e-8,PSMB2/PSMA5/PSMB4/CKS1B/RPS27A/PSMD2/PSMB1/CCND1/CDK4/PSMB5/PSMA3/UBB/UBA52/PSMC4,14,2,Reactome
R-HSA-9909648,Regulation of PD-L1(CD274) expression,22/373,135/10039,0.16296296296296298,4.38601926323106,7.780465997601063,4.280764318925275e-9,1.1527486773105918e-7,7.563756503364206e-8,PSMB2/PSMA5/PSMB4/OST4/DPY30/ERLEC1/RPS27A/PSMD2/CSNK2B/PSMB1/MYC/TMEM258/CCND1/CDK4/PSMB5/PSMA3/UBB/RPN2/UBA52/PSMC4/TEAD2/RBX1,22,2,Reactome
R-HSA-69202,Cyclin E associated events during G1/S transition,16/373,73/10039,0.2191780821917808,5.899004737595945,8.252080658586133,7.286498815458527e-9,1.916518641926417e-7,1.2575230513826833e-7,PSMB2/PSMA5/PSMB4/CKS1B/RPS27A/PSMD2/CCNH/PSMB1/MYC/CCND1/CDK4/PSMB5/PSMA3/UBB/UBA52/PSMC4,16,2,Reactome
R-HSA-1428517,Aerobic respiration and respiratory electron transport,30/373,247/10039,0.1214574898785425,3.2689322812082797,7.09232983241034,9.153735314762072e-9,2.3529260547717962e-7,1.5438716260543686e-7,SDHB/UQCRH/ATP5PB/NDUFS2/SDHC/RPS27A/MDH1/COX5B/ATP5MC3/NDUFB3/NDUFB5/HIGD2A/NDUFB9/CYC1/NDUFA8/ATP5MG/ATP5F1C/COX14/ATP5F1B/IDH2/COX4I1/UBB/ATP5PD/RAB5IF/NDUFB7/UBA52/UQCRFS1/ETFB/ATP5PF/ATP5PO,30,2,Reactome
R-HSA-69656,Cyclin A:Cdk2-associated events at S phase entry,16/373,75/10039,0.21333333333333335,5.741697944593388,8.096592345112036,1.104041738562052e-8,2.7748249029192906e-7,1.8207004109619804e-7,PSMB2/PSMA5/PSMB4/CKS1B/RPS27A/PSMD2/CCNH/PSMB1/MYC/CCND1/CDK4/PSMB5/PSMA3/UBB/UBA52/PSMC4,16,2,Reactome
R-HSA-5389840,Mitochondrial translation elongation,17/373,86/10039,0.19767441860465115,5.3202506390672735,7.903797100289854,1.2990196995977833e-8,3.193894087489332e-7,2.095672513081092e-7,MRPS15/MRPL9/MRPS14/MRPL3/MRPL47/MRPL36/MRPL14/MRPS33/MRPS16/CHCHD1/TSFM/MRPL58/GADD45GIP1/MRPL34/MRPS12/MRPL39/MRPS6,17,2,Reactome
R-HSA-9754678,SARS-CoV-2 modulates host translation machinery,13/373,49/10039,0.2653061224489796,7.140504459156317,8.463967033637052,1.6283933458634374e-8,3.918538030152229e-7,2.571147388205427e-7,RPS7/RPS27A/RPS23/RPS18/RPS10/RPS6/RPS25/RPS24/RPS26/RPS16/RPS11/RPS9/RPS5,13,2,Reactome
R-HSA-180585,Vif-mediated degradation of APOBEC3G,12/373,41/10039,0.2926829268292683,7.877329497155561,8.667818533234449,1.729993616618669e-8,4.0762974591577383e-7,2.6746611835880734e-7,PSMB2/PSMA5/PSMB4/RPS27A/PSMD2/PSMB1/PSMB5/PSMA3/UBB/UBA52/PSMC4/RBX1,12,2,Reactome
R-HSA-8854050,FBXL7 down-regulates AURKA during mitotic entry and in early mitosis,12/373,42/10039,0.2857142857142857,7.689774032937572,8.534063376692421,2.341794881294782e-8,5.297140021488798e-7,3.4757166132901494e-7,PSMB2/PSMA5/PSMB4/RPS27A/PSMD2/PSMB1/PSMB5/PSMA3/UBB/UBA52/PSMC4/RBX1,12,2,Reactome
R-HSA-9762114,GSK3B and BTRC:CUL1-mediated-degradation of NFE2L2,12/373,42/10039,0.2857142857142857,7.689774032937572,8.534063376692421,2.341794881294782e-8,5.297140021488798e-7,3.4757166132901494e-7,PSMB2/PSMA5/PSMB4/RPS27A/PSMD2/PSMB1/PSMB5/PSMA3/UBB/UBA52/PSMC4/RBX1,12,2,Reactome
R-HSA-9678108,SARS-CoV-1 Infection,21/373,136/10039,0.15441176470588236,4.1558705251537615,7.278801201266838,2.594308083011599e-8,5.753259689972782e-7,3.7749993777568156e-7,RPS7/YWHAQ/RPS27A/SUMO1/RPS23/RPS18/RPS10/EEF1A1/RPS6/RPS25/RPS24/PCBP2/HNRNPA1/RPS26/MAP1LC3B/UBB/UBA52/RPS16/RPS11/RPS9/RPS5,21,2,Reactome
R-HSA-450408,AUF1 (hnRNP D0) binds and destabilizes mRNA,12/373,43/10039,0.27906976744186046,7.51094207868321,8.40464844329478,3.140754935212901e-8,6.702252512690171e-7,4.3976806937936346e-7,PSMB2/PSMA5/PSMB4/RPS27A/PSMD2/EIF4G1/PSMB1/PSMB5/PSMA3/UBB/UBA52/PSMC4,12,2,Reactome
R-HSA-5362768,Hh mutants are degraded by ERAD,12/373,43/10039,0.27906976744186046,7.51094207868321,8.40464844329478,3.140754935212901e-8,6.702252512690171e-7,4.3976806937936346e-7,PSMB2/PSMA5/PSMB4/ERLEC1/RPS27A/PSMD2/PSMB1/PSMB5/PSMA3/UBB/UBA52/PSMC4,12,2,Reactome
R-HSA-4641258,Degradation of DVL,12/373,44/10039,0.2727272727272727,7.340238849622227,8.279329636963547,4.175584945775097e-8,8.285239602932693e-7,5.436357131618547e-7,PSMB2/PSMA5/PSMB4/RPS27A/PSMD2/PSMB1/PSMB5/PSMA3/UBB/UBA52/PSMC4/RBX1,12,2,Reactome
R-HSA-69541,Stabilization of p53,12/373,44/10039,0.2727272727272727,7.340238849622227,8.279329636963547,4.175584945775097e-8,8.285239602932693e-7,5.436357131618547e-7,PSMB2/PSMA5/PSMB4/RPS27A/PSMD2/PSMB1/CDKN2A/PSMB5/PSMA3/UBB/UBA52/PSMC4,12,2,Reactome
R-HSA-9604323,Negative regulation of NOTCH4 signaling,12/373,44/10039,0.2727272727272727,7.340238849622227,8.279329636963547,4.175584945775097e-8,8.285239602932693e-7,5.436357131618547e-7,PSMB2/PSMA5/PSMB4/RPS27A/PSMD2/PSMB1/PSMB5/PSMA3/UBB/UBA52/PSMC4/RBX1,12,2,Reactome
R-HSA-9929356,GSK3B-mediated proteasomal degradation of PD-L1(CD274),12/373,44/10039,0.2727272727272727,7.340238849622227,8.279329636963547,4.175584945775097e-8,8.285239602932693e-7,5.436357131618547e-7,PSMB2/PSMA5/PSMB4/RPS27A/PSMD2/PSMB1/PSMB5/PSMA3/UBB/UBA52/PSMC4/RBX1,12,2,Reactome
R-HSA-9013694,Signaling by NOTCH4,15/373,72/10039,0.20833333333333334,5.60712689901698,7.706706325400796,4.486785148869209e-8,8.714727460360224e-7,5.718165442369543e-7,PSMB2/PSMA5/APH1A/PSMB4/RPS27A/PSMD2/PSMB1/HEY1/PSMB5/PSMA3/UBB/UBA52/PSENEN/PSMC4/RBX1,15,2,Reactome
R-HSA-389948,Co-inhibition by PD-1,22/373,153/10039,0.1437908496732026,3.8700169969685816,7.0270735191229345,4.546144298507986e-8,8.714727460360224e-7,5.718165442369543e-7,PSMB2/PSMA5/PSMB4/OST4/DPY30/ERLEC1/RPS27A/PSMD2/CSNK2B/PSMB1/MYC/TMEM258/CCND1/CDK4/PSMB5/PSMA3/UBB/RPN2/UBA52/PSMC4/TEAD2/RBX1,22,2,Reactome
R-HSA-5387390,Hh mutants abrogate ligand secretion,12/373,45/10039,0.26666666666666666,7.177122430741734,8.157881821645773,5.505523557982022e-8,1.020778220340601e-6,6.697832801341371e-7,PSMB2/PSMA5/PSMB4/ERLEC1/RPS27A/PSMD2/PSMB1/PSMB5/PSMA3/UBB/UBA52/PSMC4,12,2,Reactome
R-HSA-8941858,Regulation of RUNX3 expression and activity,12/373,45/10039,0.26666666666666666,7.177122430741734,8.157881821645773,5.505523557982022e-8,1.020778220340601e-6,6.697832801341371e-7,PSMB2/PSMA5/PSMB4/RPS27A/PSMD2/PSMB1/CDKN2A/PSMB5/PSMA3/UBB/UBA52/PSMC4,12,2,Reactome
R-HSA-211733,Regulation of activated PAK-2p34 by proteasome mediated degradation,11/373,37/10039,0.2972972972972973,8.001521628867474,8.381166875148201,5.763492494458322e-8,1.0513725824568327e-6,6.898577603723457e-7,PSMB2/PSMA5/PSMB4/RPS27A/PSMD2/PSMB1/PSMB5/PSMA3/UBB/UBA52/PSMC4,11,2,Reactome
R-HSA-163210,Formation of ATP by chemiosmotic coupling,8/373,17/10039,0.47058823529411764,12.665510171897177,9.455959737535094,6.1092021650055e-8,1.0967472458128922e-6,7.196303302136804e-7,ATP5PB/ATP5MC3/ATP5MG/ATP5F1C/ATP5F1B/ATP5PD/ATP5PF/ATP5PO,8,2,Reactome
R-HSA-5610780,Degradation of GLI1 by the proteasome,12/373,46/10039,0.2608695652173913,7.021098030073435,8.040096963468628,7.202154593404771e-8,1.2341874007789086e-6,8.098116408852254e-7,PSMB2/PSMA5/PSMB4/RPS27A/PSMD2/PSMB1/PSMB5/PSMA3/UBB/UBA52/PSMC4/RBX1,12,2,Reactome
R-HSA-5610783,Degradation of GLI2 by the proteasome,12/373,46/10039,0.2608695652173913,7.021098030073435,8.040096963468628,7.202154593404771e-8,1.2341874007789086e-6,8.098116408852254e-7,PSMB2/PSMA5/PSMB4/RPS27A/PSMD2/PSMB1/PSMB5/PSMA3/UBB/UBA52/PSMC4/RBX1,12,2,Reactome
R-HSA-5610785,GLI3 is processed to GLI3R by the proteasome,12/373,46/10039,0.2608695652173913,7.021098030073435,8.040096963468628,7.202154593404771e-8,1.2341874007789086e-6,8.098116408852254e-7,PSMB2/PSMA5/PSMB4/RPS27A/PSMD2/PSMB1/PSMB5/PSMA3/UBB/UBA52/PSMC4/RBX1,12,2,Reactome
R-HSA-9839923,Dengue Virus Infection,34/373,334/10039,0.10179640718562874,2.7397697901783564,6.352166382954541,8.147335607611157e-8,1.3753188913743613e-6,9.024150201674572e-7,YBX1/SDC1/SF3B6/OST4/RPS27A/SUMO1/AP2M1/EIF4G1/POLR2H/DNAJB11/EIF4A2/NCBP2/SF3B5/DYNLT1/PUF60/TMEM258/SF3B2/RBM17/VIM/P4HA1/PCBP2/HNRNPA1/NACA/SRSF9/MAP1LC3B/UBB/SEC11C/RPN2/DPM1/CALR/UBA52/KDELR1/RPL18/POLR2F,34,2,Reactome
R-HSA-5368286,Mitochondrial translation initiation,16/373,86/10039,0.18604651162790697,5.0072947191221395,7.331251593273872,8.587213799598107e-8,1.4075563488906462e-6,9.235676168904141e-7,MRPS15/MRPL9/MRPS14/MRPL3/MRPL47/MRPL36/MRPL14/MRPS33/MRPS16/CHCHD1/MRPL58/GADD45GIP1/MRPL34/MRPS12/MRPL39/MRPS6,16,2,Reactome
R-HSA-9937383,Mitochondrial ribosome-associated quality control,16/373,86/10039,0.18604651162790697,5.0072947191221395,7.331251593273872,8.587213799598107e-8,1.4075563488906462e-6,9.235676168904141e-7,MRPS15/MRPL9/MRPS14/MRPL3/MRPL47/MRPL36/MRPL14/MRPS33/MRPS16/CHCHD1/MRPL58/GADD45GIP1/MRPL34/MRPS12/MRPL39/MRPS6,16,2,Reactome
R-HSA-69206,G1/S Transition,19/373,121/10039,0.15702479338842976,4.226198125540071,7.013362451694423,9.19136551136629e-8,1.4850620561936107e-6,9.74422960227554e-7,PSMB2/PSMA5/PSMB4/CKS1B/RPS27A/POLE4/PSMD2/CCNH/PSMB1/MYC/CCND1/CDK4/PSMB5/PSMA3/UBB/PCNA/UBA52/PSMC4/PPP2R1A,19,2,Reactome
R-HSA-9759194,Nuclear events mediated by NFE2L2,16/373,87/10039,0.1839080459770115,4.949739607408092,7.268210953822385,1.0170712821533113e-7,1.620151577627317e-6,1.0630619035108737e-6,PSMB2/PRDX1/PSMA5/PSMB4/RPS27A/PSMD2/PSMB1/MYC/CDKN2A/PSMB5/PSMA3/NQO1/UBB/UBA52/PSMC4/RBX1,16,2,Reactome
R-HSA-180534,Vpu mediated degradation of CD4,11/373,39/10039,0.28205128205128205,7.591187186361449,8.10122259358787,1.0566038137974758e-7,1.6370122101437605e-6,1.0741250017696042e-6,PSMB2/PSMA5/PSMB4/RPS27A/PSMD2/PSMB1/PSMB5/PSMA3/UBB/UBA52/PSMC4,11,2,Reactome
R-HSA-349425,Autodegradation of the E3 ubiquitin ligase COP1,11/373,39/10039,0.28205128205128205,7.591187186361449,8.10122259358787,1.0566038137974758e-7,1.6370122101437605e-6,1.0741250017696042e-6,PSMB2/PSMA5/PSMB4/RPS27A/PSMD2/PSMB1/PSMB5/PSMA3/UBB/UBA52/PSMC4,11,2,Reactome
R-HSA-5678895,Defective CFTR causes cystic fibrosis,12/373,48/10039,0.25,6.728552278820375,7.814759843606745,1.2056114637765998e-7,1.8180620873751126e-6,1.1929208167894777e-6,PSMB2/PSMA5/PSMB4/ERLEC1/RPS27A/PSMD2/PSMB1/PSMB5/PSMA3/UBB/UBA52/PSMC4,12,2,Reactome
R-HSA-9932298,Degradation of CRY and PER proteins,12/373,48/10039,0.25,6.728552278820375,7.814759843606745,1.2056114637765998e-7,1.8180620873751126e-6,1.1929208167894777e-6,PSMB2/PSMA5/PSMB4/RPS27A/PSMD2/PSMB1/PSMB5/PSMA3/UBB/UBA52/PSMC4/RBX1,12,2,Reactome
R-HSA-169911,Regulation of Apoptosis,11/373,40/10039,0.275,7.401407506702414,7.968595878259691,1.4093803839429288e-7,2.0973805450519113e-6,1.376195527257292e-6,PSMB2/PSMA5/PSMB4/RPS27A/PSMD2/PSMB1/PSMB5/PSMA3/UBB/UBA52/PSMC4,11,2,Reactome
R-HSA-69242,S Phase,21/373,150/10039,0.14,3.7679892761394105,6.7094737867185135,1.4767994361907715e-7,2.169169041989302e-6,1.4232995249685493e-6,PSMB2/PSMA5/PSMB4/CKS1B/RPS27A/POLE4/PSMD2/RFC4/CCNH/PSMB1/MYC/CCND1/ANAPC16/CDK4/PSMB5/PSMA3/UBB/PCNA/UBA52/PSMC4/RBX1,21,2,Reactome
R-HSA-9755511,KEAP1-NFE2L2 pathway,18/373,113/10039,0.1592920353982301,4.287219151106788,6.902960065027865,1.608913743481121e-7,2.3329249280476256e-6,1.5307478935953985e-6,PSMB2/PRDX1/PSMA5/PSMB4/RPS27A/PSMD2/CSNK2B/PSMB1/MYC/CDKN2A/PSMB5/PSMA3/NQO1/MAP1LC3B/UBB/UBA52/PSMC4/RBX1,18,2,Reactome
R-HSA-8939902,Regulation of RUNX2 expression and activity,13/373,59/10039,0.22033898305084745,5.930249466078974,7.4607802092704265,1.7905365315864622e-7,2.5634136926889732e-6,1.681983017679488e-6,PSMB2/PSMA5/PSMB4/RPS27A/PSMD2/PSMB1/DLX5/PSMB5/PSMA3/UBB/UBA52/PSMC4/RBX1,13,2,Reactome
R-HSA-453279,Mitotic G1 phase and G1/S transition,20/373,139/10039,0.14388489208633093,3.8725480741412226,6.699026945434517,1.860363173300775e-7,2.6300884362539706e-6,1.7257316278645345e-6,PSMB2/PSMA5/PSMB4/CKS1B/RPS27A/POLE4/PSMD2/CCNH/PSMB1/MYC/CDKN2A/CCND1/CDK4/PSMB5/PSMA3/UBB/PCNA/UBA52/PSMC4/PPP2R1A,20,2,Reactome
R-HSA-157118,Signaling by NOTCH,22/373,166/10039,0.13253012048192772,3.566943376724055,6.550891109157455,1.9973936358718572e-7,2.7889533360136673e-6,1.8299707775044304e-6,PSMB2/YBX1/PSMA5/APH1A/PSMB4/RPS27A/PSMD2/HDAC2/PSMB1/HEY1/MYC/MDK/CCND1/TMED2/PSMB5/PSMA3/UBB/NOTCH3/UBA52/PSENEN/PSMC4/RBX1,22,2,Reactome
R-HSA-5689603,UCH proteinases,14/373,70/10039,0.2,5.3828418230563,7.228257831380738,2.177754409027896e-7,3.0037076056226223e-6,1.970881718054771e-6,PSMB2/PSMA5/PSMB4/RPS27A/ACTL6A/PSMD2/PSMB1/UCHL3/PSMB5/PSMA3/UBB/UBA52/PSMC4/TFPT,14,2,Reactome
R-HSA-174113,SCF-beta-TrCP mediated degradation of Emi1,11/373,42/10039,0.2619047619047619,7.048959530192775,7.716584108752732,2.440589338687349e-7,3.1919414271309266e-6,2.094391275654803e-6,PSMB2/PSMA5/PSMB4/RPS27A/PSMD2/PSMB1/PSMB5/PSMA3/UBB/UBA52/PSMC4,11,2,Reactome
R-HSA-4641257,Degradation of AXIN,11/373,42/10039,0.2619047619047619,7.048959530192775,7.716584108752732,2.440589338687349e-7,3.1919414271309266e-6,2.094391275654803e-6,PSMB2/PSMA5/PSMB4/RPS27A/PSMD2/PSMB1/PSMB5/PSMA3/UBB/UBA52/PSMC4,11,2,Reactome
R-HSA-5358346,Hedgehog ligand biogenesis,12/373,51/10039,0.23529411764705882,6.332755085948588,7.499841340347523,2.4835618531169014e-7,3.1919414271309266e-6,2.094391275654803e-6,PSMB2/PSMA5/PSMB4/ERLEC1/RPS27A/PSMD2/PSMB1/PSMB5/PSMA3/UBB/UBA52/PSMC4,12,2,Reactome
R-HSA-69601,Ubiquitin-Mediated Degradation of Phosphorylated Cdc25A,12/373,51/10039,0.23529411764705882,6.332755085948588,7.499841340347523,2.4835618531169014e-7,3.1919414271309266e-6,2.094391275654803e-6,PSMB2/PSMA5/PSMB4/RPS27A/PSMD2/PSMB1/PSMB5/PSMA3/UBB/UBA52/PSMC4/RBX1,12,2,Reactome
R-HSA-69613,p53-Independent G1/S DNA Damage Checkpoint,12/373,51/10039,0.23529411764705882,6.332755085948588,7.499841340347523,2.4835618531169014e-7,3.1919414271309266e-6,2.094391275654803e-6,PSMB2/PSMA5/PSMB4/RPS27A/PSMD2/PSMB1/PSMB5/PSMA3/UBB/UBA52/PSMC4/RBX1,12,2,Reactome
R-HSA-9918432,Maturation of DENV proteins,12/373,51/10039,0.23529411764705882,6.332755085948588,7.499841340347523,2.4835618531169014e-7,3.1919414271309266e-6,2.094391275654803e-6,OST4/RPS27A/SUMO1/DNAJB11/TMEM258/P4HA1/UBB/SEC11C/RPN2/DPM1/CALR/UBA52,12,2,Reactome
R-HSA-5696399,Global Genome Nucleotide Excision Repair (GG-NER),15/373,84/10039,0.17857142857142858,4.806108770585983,6.881051723699274,3.82793819539454e-7,4.797157581722015e-6,3.1476533064489e-6,PARP1/RPS27A/POLE4/SUMO1/ACTL6A/RFC4/CCNH/RAD23B/UBB/PCNA/RAD23A/UBA52/TFPT/RBX1/SUMO3,15,2,Reactome
R-HSA-1234176,Oxygen-dependent proline hydroxylation of Hypoxia-inducible Factor Alpha,12/373,53/10039,0.22641509433962265,6.093783195912793,7.303604146013806,3.9021971487040267e-7,4.797157581722015e-6,3.1476533064489e-6,PSMB2/PSMA5/PSMB4/RPS27A/PSMD2/PSMB1/PSMB5/PSMA3/UBB/UBA52/PSMC4/RBX1,12,2,Reactome
R-HSA-69563,p53-Dependent G1 DNA Damage Response,12/373,53/10039,0.22641509433962265,6.093783195912793,7.303604146013806,3.9021971487040267e-7,4.797157581722015e-6,3.1476533064489e-6,PSMB2/PSMA5/PSMB4/RPS27A/PSMD2/PSMB1/CDKN2A/PSMB5/PSMA3/UBB/UBA52/PSMC4,12,2,Reactome
R-HSA-69580,p53-Dependent G1/S DNA damage checkpoint,12/373,53/10039,0.22641509433962265,6.093783195912793,7.303604146013806,3.9021971487040267e-7,4.797157581722015e-6,3.1476533064489e-6,PSMB2/PSMA5/PSMB4/RPS27A/PSMD2/PSMB1/CDKN2A/PSMB5/PSMA3/UBB/UBA52/PSMC4,12,2,Reactome
R-HSA-8852276,The role of GTSE1 in G2/M progression after G2 checkpoint,13/373,63/10039,0.20634920634920634,5.553725690454913,7.122189692409926,4.0464880387106964e-7,4.921051582561073e-6,3.2289463127233056e-6,PSMB2/PSMA5/PSMB4/RPS27A/PSMD2/PSMB1/TUBA1B/TUBA1C/PSMB5/PSMA3/UBB/UBA52/PSMC4,13,2,Reactome
R-HSA-5696398,Nucleotide Excision Repair,17/373,108/10039,0.1574074074074074,4.236495879257274,6.642706458608094,4.2512526901869686e-7,5.1150710559590015e-6,3.356252123831817e-6,PARP1/RPS27A/POLE4/SUMO1/ACTL6A/POLR2H/RFC4/CCNH/RAD23B/UBB/PCNA/RAD23A/UBA52/TFPT/POLR2F/RBX1/SUMO3,17,2,Reactome
R-HSA-8878159,Transcriptional regulation by RUNX3,15/373,85/10039,0.17647058823529413,4.7495663144614415,6.819402111522359,4.4932548648813894e-7,5.328466566310118e-6,3.4962715149598714e-6,PSMB2/PSMA5/PSMB4/RPS27A/PSMD2/PSMB1/MYC/CDKN2A/CCND1/PSMB5/PSMA3/UBB/UBA52/PSMC4/TEAD2,15,2,Reactome
R-HSA-8949613,Cristae formation,9/373,28/10039,0.32142857142857145,8.65099578705477,7.963662823423295,4.522836342756599e-7,5.328466566310118e-6,3.4962715149598714e-6,ATP5PB/ATP5MC3/MTX2/ATP5MG/ATP5F1C/ATP5F1B/ATP5PD/ATP5PF/ATP5PO,9,2,Reactome
R-HSA-174084,Autodegradation of Cdh1 by Cdh1:APC/C,12/373,54/10039,0.2222222222222222,5.980935358951444,7.209221464921271,4.8512824722314e-7,5.6184737812140776e-6,3.6865596498263523e-6,PSMB2/PSMA5/PSMB4/RPS27A/PSMD2/PSMB1/ANAPC16/PSMB5/PSMA3/UBB/UBA52/PSMC4,12,2,Reactome
R-HSA-5368287,Mitochondrial translation,17/373,109/10039,0.1559633027522936,4.197628944585189,6.593580417467229,4.868350402820333e-7,5.6184737812140776e-6,3.6865596498263523e-6,MRPS15/MRPL9/MRPS14/MRPL3/MRPL47/MRPL36/MRPL14/MRPS33/MRPS16/CHCHD1/TSFM/MRPL58/GADD45GIP1/MRPL34/MRPS12/MRPL39/MRPS6,17,2,Reactome
R-HSA-450531,Regulation of mRNA stability by proteins that bind AU-rich elements,14/373,75/10039,0.18666666666666668,5.023985701519214,6.871077029465787,5.334782505406145e-7,6.0945848622367165e-6,3.998959772792485e-6,PSMB2/PSMA5/PSMB4/RPS27A/PSMD2/EIF4G1/PSMB1/EXOSC4/EXOSC3/PSMB5/PSMA3/UBB/UBA52/PSMC4,14,2,Reactome
R-HSA-174154,APC/C:Cdc20 mediated degradation of Securin,12/373,55/10039,0.21818181818181817,5.872191079697782,7.117180612753972,6.000065754820078e-7,6.58842171718593e-6,4.322990656257695e-6,PSMB2/PSMA5/PSMB4/RPS27A/PSMD2/PSMB1/ANAPC16/PSMB5/PSMA3/UBB/UBA52/PSMC4,12,2,Reactome
R-HSA-5658442,Regulation of RAS by GAPs,12/373,55/10039,0.21818181818181817,5.872191079697782,7.117180612753972,6.000065754820078e-7,6.58842171718593e-6,4.322990656257695e-6,PSMB2/PSMA5/PSMB4/RPS27A/PSMD2/PSMB1/PSMB5/PSMA3/UBB/UBA52/PSMC4/RBX1,12,2,Reactome
R-HSA-8948751,Regulation of PTEN stability and activity,12/373,55/10039,0.21818181818181817,5.872191079697782,7.117180612753972,6.000065754820078e-7,6.58842171718593e-6,4.322990656257695e-6,PSMB2/PSMA5/PSMB4/RPS27A/PSMD2/CSNK2B/PSMB1/PSMB5/PSMA3/UBB/UBA52/PSMC4,12,2,Reactome
R-HSA-9931269,AMPK-induced ERAD and lysosome mediated degradation of PD-L1(CD274),12/373,55/10039,0.21818181818181817,5.872191079697782,7.117180612753972,6.000065754820078e-7,6.58842171718593e-6,4.322990656257695e-6,PSMB2/PSMA5/PSMB4/ERLEC1/RPS27A/PSMD2/PSMB1/PSMB5/PSMA3/UBB/UBA52/PSMC4,12,2,Reactome
R-HSA-9711123,Cellular response to chemical stress,23/373,192/10039,0.11979166666666667,3.2240979669347634,6.112335365787263,6.652146853876482e-7,7.166621689460575e-6,4.70237637030081e-6,PSMB2/PRDX1/PSMA5/PSMB4/RPS27A/COX5B/PSMD2/GPX3/CSNK2B/PSMB1/MYC/CDKN2A/PSMB5/PSMA3/NQO1/COX4I1/MAP1LC3B/UBB/PRDX2/UBA52/PSMC4/RBX1/SOD1,23,2,Reactome
R-HSA-5676590,NIK-->noncanonical NF-kB signaling,11/373,46/10039,0.2391304347826087,6.436006527567316,7.258812156419343,6.653362311170295e-7,7.166621689460575e-6,4.70237637030081e-6,PSMB2/PSMA5/PSMB4/RPS27A/PSMD2/PSMB1/PSMB5/PSMA3/UBB/UBA52/PSMC4,11,2,Reactome
R-HSA-8939236,RUNX1 regulates transcription of genes involved in differentiation of HSCs,12/373,56/10039,0.21428571428571427,5.767330524703179,7.027378688440785,7.384122937356064e-7,7.85383969999831e-6,5.153294232862216e-6,PSMB2/PSMA5/PSMB4/RPS27A/PSMD2/CCNH/PSMB1/PSMB5/PSMA3/UBB/UBA52/PSMC4,12,2,Reactome
R-HSA-5419276,Mitochondrial translation termination,16/373,100/10039,0.16,4.30627345844504,6.527126679627422,7.430246223694246e-7,7.85383969999831e-6,5.153294232862216e-6,MRPS15/MRPL9/MRPS14/MRPL3/MRPL47/MRPL36/MRPL14/MRPS33/MRPS16/CHCHD1/MRPL58/GADD45GIP1/MRPL34/MRPS12/MRPL39/MRPS6,16,2,Reactome
R-HSA-350562,Regulation of ornithine decarboxylase (ODC),10/373,38/10039,0.2631578947368421,7.082686609284606,7.379384543965836,8.283078726715748e-7,8.594644073316983e-6,5.639372769033899e-6,PSMB2/PSMA5/PSMB4/ODC1/PSMD2/PSMB1/PSMB5/PSMA3/NQO1/PSMC4,10,2,Reactome
R-HSA-9924644,Developmental Lineages of the Mammary Gland,10/373,38/10039,0.2631578947368421,7.082686609284606,7.379384543965836,8.283078726715748e-7,8.594644073316983e-6,5.639372769033899e-6,EPCAM/KIT/DLX5/ALDH1A1/VIM/KRT5/KRT8/KRT19/KRT14/SLPI,10,2,Reactome
R-HSA-5607761,Dectin-1 mediated noncanonical NF-kB signaling,11/373,47/10039,0.23404255319148937,6.299070218470139,7.152815234988123,8.400595125889766e-7,8.63733917034666e-6,5.667387142346684e-6,PSMB2/PSMA5/PSMB4/RPS27A/PSMD2/PSMB1/PSMB5/PSMA3/UBB/UBA52/PSMC4,11,2,Reactome
R-HSA-69615,G1/S DNA Damage Checkpoints,13/373,67/10039,0.19402985074626866,5.222159977591933,6.811387175308588,8.569682308271164e-7,8.73181143302224e-6,5.729375085188402e-6,PSMB2/PSMA5/PSMB4/RPS27A/PSMD2/PSMB1/CDKN2A/PSMB5/PSMA3/UBB/UBA52/PSMC4/RBX1,13,2,Reactome
R-HSA-9734779,Developmental Cell Lineages of the Integumentary System,13/373,68/10039,0.19117647058823528,5.145363507333228,6.73755516819561,1.0244015548536623e-6,1.034462641553118e-5,6.787623084321727e-6,EPCAM/KIT/DLX5/FABP5/AQP3/ALDH1A1/CALML5/VIM/KRT5/KRT8/KRT19/KRT14/SLPI,13,2,Reactome
R-HSA-68949,Orc1 removal from chromatin,12/373,58/10039,0.20689655172413793,5.568457058334103,6.854110981591101,1.1026905323262422e-6,1.1036663646557344e-5,7.241703076758273e-6,PSMB2/PSMA5/PSMB4/RPS27A/PSMD2/PSMB1/PSMB5/PSMA3/UBB/UBA52/PSMC4/RBX1,12,2,Reactome
R-HSA-195253,Degradation of beta-catenin by the destruction complex,13/373,69/10039,0.18840579710144928,5.0707930217197035,6.6651603753113235,1.2203729326544616e-6,1.2107384095019263e-5,7.944255932792202e-6,PSMB2/PSMA5/PSMB4/RPS27A/PSMD2/PSMB1/PSMB5/PSMA3/UBB/UBA52/PSMC4/PPP2R1A/RBX1,13,2,Reactome
R-HSA-8878166,Transcriptional regulation by RUNX2,16/373,104/10039,0.15384615384615385,4.1406475561971545,6.324213933178497,1.279069171677465e-6,1.2579367244932287e-5,8.253947515172658e-6,PSMB2/PSMA5/PSMB4/RPS27A/PSMD2/PSMB1/DLX5/HEY1/CCND1/CDK4/PSMB5/PSMA3/UBB/UBA52/PSMC4/RBX1,16,2,Reactome
R-HSA-1236974,ER-Phagosome pathway,14/373,81/10039,0.1728395061728395,4.65183861251779,6.482203200693223,1.4163512380889334e-6,1.38094245713671e-5,9.061049209189637e-6,PSMB2/PSMA5/PSMB4/S100A1/RPS27A/PSMD2/PSMB1/SEC61B/PSMB5/PSMA3/UBB/CALR/UBA52/PSMC4,14,2,Reactome
R-HSA-174184,Cdc20:Phospho-APC/C mediated degradation of Cyclin A,12/373,60/10039,0.2,5.3828418230563,6.6887124715266655,1.6178923913093703e-6,1.5507087242126256e-5,1.0174969989947421e-5,PSMB2/PSMA5/PSMB4/RPS27A/PSMD2/PSMB1/ANAPC16/PSMB5/PSMA3/UBB/UBA52/PSMC4,12,2,Reactome
R-HSA-69017,CDK-mediated phosphorylation and removal of Cdc6,12/373,60/10039,0.2,5.3828418230563,6.6887124715266655,1.6178923913093703e-6,1.5507087242126256e-5,1.0174969989947421e-5,PSMB2/PSMA5/PSMB4/RPS27A/PSMD2/PSMB1/ANAPC16/PSMB5/PSMA3/UBB/UBA52/PSMC4,12,2,Reactome
R-HSA-388841,Regulation of T cell activation by CD28 family,23/373,204/10039,0.11274509803921569,3.034445145350365,5.766715183402765,1.9362187747002573e-6,1.820455958667844e-5,1.1944915546194145e-5,PSMB2/PSMA5/PSMB4/OST4/DPY30/ERLEC1/RPS27A/PSMD2/CSNK2B/PSMB1/MYC/TMEM258/CCND1/CDK4/PSMB5/PSMA3/UBB/RPN2/UBA52/PSMC4/TEAD2/PPP2R1A/RBX1,23,2,Reactome
R-HSA-174178,APC/C:Cdh1 mediated degradation of Cdc20 and other APC/C:Cdh1 targeted proteins in late mitosis/early G1,12/373,61/10039,0.19672131147540983,5.294598514481607,6.608765673875469,1.947614244021301e-6,1.820455958667844e-5,1.1944915546194145e-5,PSMB2/PSMA5/PSMB4/RPS27A/PSMD2/PSMB1/ANAPC16/PSMB5/PSMA3/UBB/UBA52/PSMC4,12,2,Reactome
R-HSA-179419,APC:Cdc20 mediated degradation of cell cycle proteins prior to satisfation of the cell cycle checkpoint,12/373,61/10039,0.19672131147540983,5.294598514481607,6.608765673875469,1.947614244021301e-6,1.820455958667844e-5,1.1944915546194145e-5,PSMB2/PSMA5/PSMB4/RPS27A/PSMD2/PSMB1/ANAPC16/PSMB5/PSMA3/UBB/UBA52/PSMC4,12,2,Reactome
R-HSA-1169091,Activation of NF-kappaB in B cells,11/373,51/10039,0.21568627450980393,5.805025495452873,6.757656834302387,2.0095581883003047e-6,1.8478132609493046e-5,1.2124420391542274e-5,PSMB2/PSMA5/PSMB4/RPS27A/PSMD2/PSMB1/PSMB5/PSMA3/UBB/UBA52/PSMC4,11,2,Reactome
R-HSA-4608870,Asymmetric localization of PCP proteins,11/373,51/10039,0.21568627450980393,5.805025495452873,6.757656834302387,2.0095581883003047e-6,1.8478132609493046e-5,1.2124420391542274e-5,PSMB2/PSMA5/PSMB4/RPS27A/PSMD2/PSMB1/PSMB5/PSMA3/UBB/UBA52/PSMC4,11,2,Reactome
R-HSA-69239,Synthesis of DNA,16/373,108/10039,0.14814814814814814,3.987290239300963,6.13122738499987,2.1417631917531774e-6,1.9534952982845513e-5,1.2817852718047453e-5,PSMB2/PSMA5/PSMB4/RPS27A/POLE4/PSMD2/RFC4/PSMB1/ANAPC16/PSMB5/PSMA3/UBB/PCNA/UBA52/PSMC4/RBX1,16,2,Reactome
R-HSA-1234174,Cellular response to hypoxia,12/373,62/10039,0.1935483870967742,5.209201764248032,6.530556912135466,2.335321276511514e-6,2.112998690987618e-5,1.386443368371046e-5,PSMB2/PSMA5/PSMB4/RPS27A/PSMD2/PSMB1/PSMB5/PSMA3/UBB/UBA52/PSMC4/RBX1,12,2,Reactome
R-HSA-9766229,Degradation of CDH1,11/373,52/10039,0.21153846153846154,5.6933903897710865,6.665388115347306,2.4649501105300306e-6,2.2125861706424324e-5,1.4517876590841032e-5,PSMB2/PSMA5/PSMB4/RPS27A/PSMD2/PSMB1/PSMB5/PSMA3/UBB/UBA52/PSMC4,11,2,Reactome
R-HSA-176409,APC/C:Cdc20 mediated degradation of mitotic proteins,12/373,63/10039,0.19047619047619047,5.126516021958381,6.454018505936922,2.7895971524269226e-6,2.4842790388935823e-5,1.6300588416585e-5,PSMB2/PSMA5/PSMB4/RPS27A/PSMD2/PSMB1/ANAPC16/PSMB5/PSMA3/UBB/UBA52/PSMC4,12,2,Reactome
R-HSA-5696395,Formation of Incision Complex in GG-NER,10/373,43/10039,0.23255813953488372,6.259118398902674,6.788732065234351,2.845090235169861e-6,2.5139039499821194e-5,1.6494972169364736e-5,PARP1/RPS27A/SUMO1/CCNH/RAD23B/UBB/RAD23A/UBA52/RBX1/SUMO3,10,2,Reactome
R-HSA-72187,mRNA 3'-end processing,19/373,151/10039,0.12582781456953643,3.386556113843368,5.804442470178203,3.0291871912758396e-6,2.6558222583976545e-5,1.742616866462233e-5,YBX1/MAGOH/SF3B6/RPS27A/PRPF40A/POLR2H/NCBP2/FYTTD1/SF3B5/PUF60/SF3B2/RBM17/PCBP2/HNRNPA1/SRSF9/UBB/DDX39A/UBA52/POLR2F,19,2,Reactome
R-HSA-176814,Activation of APC/C and APC/C:Cdc20 mediated degradation of mitotic proteins,12/373,64/10039,0.1875,5.046414209115282,6.37908645351504,3.3200535949203887e-6,2.8663974166831752e-5,1.8807856845471062e-5,PSMB2/PSMA5/PSMB4/RPS27A/PSMD2/PSMB1/ANAPC16/PSMB5/PSMA3/UBB/UBA52/PSMC4,12,2,Reactome
R-HSA-5619084,ABC transporter disorders,12/373,64/10039,0.1875,5.046414209115282,6.37908645351504,3.3200535949203887e-6,2.8663974166831752e-5,1.8807856845471062e-5,PSMB2/PSMA5/PSMB4/ERLEC1/RPS27A/PSMD2/PSMB1/PSMB5/PSMA3/UBB/UBA52/PSMC4,12,2,Reactome
R-HSA-6807070,PTEN Regulation,17/373,125/10039,0.136,3.6603324396782844,5.87923846280732,3.4597475899677693e-6,2.9643746395860205e-5,1.9450734058431236e-5,PSMB2/PSMA5/LAMTOR5/PSMB4/LAMTOR2/RPS27A/PSMD2/CSNK2B/HDAC2/PSMB1/MAF1/RRAGA/PSMB5/PSMA3/UBB/UBA52/PSMC4,17,2,Reactome
R-HSA-162909,Host Interactions of HIV factors,16/373,113/10039,0.1415929203539823,3.810861467650478,5.902637934250261,3.936907992309578e-6,3.3478518340617546e-5,2.196691835835578e-5,PSMB2/PSMA5/PSMB4/RPS27A/SEC13/AP2M1/PSMD2/HMGA1/PSMB1/PSIP1/PSMB5/PSMA3/UBB/UBA52/PSMC4/RBX1,16,2,Reactome
R-HSA-9679506,SARS-CoV Infections,34/373,395/10039,0.08607594936708861,2.3166661010622054,5.244453239088275,4.022518997884452e-6,3.3951261094084443e-5,2.22771083543483e-5,RPS7/YWHAQ/SDC1/OST4/RPS27A/SUMO1/SEC13/AP2M1/RPS23/RPS18/RPS10/EEF1A1/HDAC2/GJA1/RPS6/TMEM258/FXYD6/RPS25/RPS24/PCBP2/HNRNPA1/RPS26/SAP18/MAP1LC3B/UBB/RPN2/UBA52/FXYD3/RPS16/RPS11/RPS9/RPS5/COMT/RBX1,34,2,Reactome
R-HSA-9764265,Regulation of CDH1 Expression and Function,18/373,142/10039,0.1267605633802817,3.411660310387796,5.68542767675492,4.966324963924679e-6,4.130083481028538e-5,2.7099528634418716e-5,PSMB2/PSMA5/PSMB4/OST4/RPS27A/PSMD2/CSNK2B/HDAC2/PSMB1/MYC/TMEM258/PSMB5/PSMA3/UBB/SEC11C/RPN2/UBA52/PSMC4,18,2,Reactome
R-HSA-9764274,Regulation of Expression and Function of Type I Classical Cadherins,18/373,142/10039,0.1267605633802817,3.411660310387796,5.68542767675492,4.966324963924679e-6,4.130083481028538e-5,2.7099528634418716e-5,PSMB2/PSMA5/PSMB4/OST4/RPS27A/PSMD2/CSNK2B/HDAC2/PSMB1/MYC/TMEM258/PSMB5/PSMA3/UBB/SEC11C/RPN2/UBA52/PSMC4,18,2,Reactome
R-HSA-4086400,PCP/CE pathway,13/373,78/10039,0.16666666666666666,4.485701519213583,6.070726161986961,5.141364005053535e-6,4.244439919500401e-5,2.784987801431227e-5,PSMB2/PSMA5/PSMB4/RPS27A/AP2M1/PSMD2/PSMB1/PSMB5/PSMA3/PFN1/UBB/UBA52/PSMC4,13,2,Reactome
R-HSA-351202,Metabolism of polyamines,10/373,46/10039,0.21739130434782608,5.850915025061195,6.4775273493700585,5.4752804508116845e-6,4.487349412947837e-5,2.9443727824731025e-5,PSMB2/PSMA5/PSMB4/ODC1/PSMD2/PSMB1/PSMB5/PSMA3/NQO1/PSMC4,10,2,Reactome
R-HSA-69052,Switching of origins to a post-replicative state,13/373,79/10039,0.16455696202531644,4.428920487324803,6.010296637105376,5.950364428032172e-6,4.841627459067904e-5,3.17683220125913e-5,PSMB2/PSMA5/PSMB4/RPS27A/PSMD2/PSMB1/ANAPC16/PSMB5/PSMA3/UBB/UBA52/PSMC4/RBX1,13,2,Reactome
R-HSA-176408,Regulation of APC/C activators between G1/S and early anaphase,12/373,68/10039,0.17647058823529413,4.7495663144614415,6.094256837983273,6.437228723972246e-6,5.2003612048661505e-5,3.412215225864987e-5,PSMB2/PSMA5/PSMB4/RPS27A/PSMD2/PSMB1/ANAPC16/PSMB5/PSMA3/UBB/UBA52/PSMC4,12,2,Reactome
R-HSA-5696394,DNA Damage Recognition in GG-NER,9/373,38/10039,0.23684210526315788,6.374417948356145,6.520128240763728,7.674838339145203e-6,6.15620011459094e-5,4.0393885995501064e-5,PARP1/RPS27A/ACTL6A/RAD23B/UBB/RAD23A/UBA52/TFPT/RBX1,9,2,Reactome
R-HSA-5632684,Hedgehog 'on' state,12/373,70/10039,0.17142857142857143,4.613864419762543,5.960047122002025,8.79478559549526e-6,7.004860921482491e-5,4.59623709771991e-5,PSMB2/PSMA5/PSMB4/RPS27A/PSMD2/PSMB1/PSMB5/PSMA3/UBB/UBA52/PSMC4/RBX1,12,2,Reactome
R-HSA-9764561,Regulation of CDH1 Function,11/373,59/10039,0.1864406779661017,5.0179033943745175,6.0801576743235914,9.040748010204549e-6,7.150409789889053e-5,4.691738937942e-5,PSMB2/PSMA5/PSMB4/RPS27A/PSMD2/PSMB1/PSMB5/PSMA3/UBB/UBA52/PSMC4,11,2,Reactome
R-HSA-9927418,Developmental Lineage of Mammary Gland Luminal Epithelial Cells,7/373,22/10039,0.3181818181818182,8.563611991225931,6.976319488604971,9.718621694433744e-6,7.633167455836503e-5,5.008500215333179e-5,EPCAM/KIT/ALDH1A1/KRT5/KRT8/KRT19/SLPI,7,2,Reactome
R-HSA-418990,Adherens junctions interactions,20/373,179/10039,0.11173184357541899,3.0071742028247486,5.322647934192144,1.0440921830658658e-5,8.143919027913753e-5,5.343629684656518e-5,PSMB2/PSMA5/PSMB4/NECTIN4/OST4/RPS27A/PSMD2/CSNK2B/HDAC2/PSMB1/MYC/TMEM258/CADM1/PSMB5/PSMA3/UBB/SEC11C/RPN2/UBA52/PSMC4,20,2,Reactome
R-HSA-1236975,Antigen processing-Cross presentation,14/373,96/10039,0.14583333333333334,3.924988829311886,5.656603329497372,1.1201266110353693e-5,8.677145185486319e-5,5.693505845565504e-5,PSMB2/PSMA5/PSMB4/S100A1/RPS27A/PSMD2/PSMB1/SEC61B/PSMB5/PSMA3/UBB/CALR/UBA52/PSMC4,14,2,Reactome
R-HSA-389958,Cooperation of Prefoldin and TriC/CCT  in actin and tubulin folding,8/373,31/10039,0.25806451612903225,6.9456023523307096,6.51264903151535,1.254280044152335e-5,9.650277074396537e-5,6.332026001628328e-5,CCT4/CCT5/TCP1/TUBA1B/TUBA1C/CCT2/PFDN4/CCT8,8,2,Reactome
R-HSA-5687128,MAPK6/MAPK4 signaling,12/373,73/10039,0.1643835616438356,4.424253553196959,5.767950436867292,1.3745123752503074e-5,1.0433379170524145e-4,6.845858174153773e-5,PSMB2/PSMA5/PSMB4/RPS27A/PSMD2/PSMB1/MYC/PSMB5/PSMA3/UBB/UBA52/PSMC4,12,2,Reactome
R-HSA-68867,Assembly of the pre-replicative complex,12/373,73/10039,0.1643835616438356,4.424253553196959,5.767950436867292,1.3745123752503074e-5,1.0433379170524145e-4,6.845858174153773e-5,PSMB2/PSMA5/PSMB4/RPS27A/PSMD2/PSMB1/ANAPC16/PSMB5/PSMA3/UBB/UBA52/PSMC4,12,2,Reactome
R-HSA-611105,Respiratory electron transport,18/373,153/10039,0.11764705882352941,3.166377542974294,5.304252302594959,1.4236031993665003e-5,1.0692843378024067e-4,7.016105525158886e-5,SDHB/UQCRH/NDUFS2/SDHC/MDH1/COX5B/NDUFB3/NDUFB5/HIGD2A/NDUFB9/CYC1/NDUFA8/COX14/COX4I1/RAB5IF/NDUFB7/UQCRFS1/ETFB,18,2,Reactome
R-HSA-5610787,Hedgehog 'off' state,14/373,98/10039,0.14285714285714285,3.844887016468786,5.5592683769768625,1.4276033157220459e-5,1.0692843378024067e-4,7.016105525158886e-5,PSMB2/PSMA5/PSMB4/RPS27A/PSMD2/PSMB1/TUBA1B/TUBA1C/PSMB5/PSMA3/UBB/UBA52/PSMC4/RBX1,14,2,Reactome
R-HSA-9907900,Proteasome assembly,10/373,51/10039,0.19607843137254902,5.277295904957158,6.0154723282572515,1.4539735927227407e-5,1.0818711403746183e-4,7.098693787185125e-5,PSMB2/PSMA5/PSMD4/PSMB4/PSMD2/PSMB1/PSMB5/PSMA3/PSMC4/PSMG1,10,2,Reactome
R-HSA-69306,DNA Replication,16/373,125/10039,0.128,3.445018766756032,5.403403033921634,1.4733840981828497e-5,1.0891486372841851e-4,7.146445058265627e-5,PSMB2/PSMA5/PSMB4/RPS27A/POLE4/PSMD2/RFC4/PSMB1/ANAPC16/PSMB5/PSMA3/UBB/PCNA/UBA52/PSMC4/RBX1,16,2,Reactome
R-HSA-390450,Folding of actin by CCT/TriC,5/373,10/10039,0.5,13.45710455764075,7.7418171583996,1.4891750424689027e-5,1.0936733591119019e-4,7.176134005062039e-5,CCT4/CCT5/TCP1/CCT2/CCT8,5,2,Reactome
R-HSA-9770562,mRNA Polyadenylation,16/373,127/10039,0.12598425196850394,3.3907665027126304,5.326145081513714,1.8044475128471013e-5,1.315772883875844e-4,8.633439277141513e-5,YBX1/SF3B6/RPS27A/PRPF40A/POLR2H/NCBP2/SF3B5/PUF60/SF3B2/RBM17/PCBP2/HNRNPA1/SRSF9/UBB/UBA52/POLR2F,16,2,Reactome
R-HSA-174143,APC/C-mediated degradation of cell cycle proteins,12/373,75/10039,0.16,4.30627345844504,5.645561713819536,1.8264928626746907e-5,1.315772883875844e-4,8.633439277141513e-5,PSMB2/PSMA5/PSMB4/RPS27A/PSMD2/PSMB1/ANAPC16/PSMB5/PSMA3/UBB/UBA52/PSMC4,12,2,Reactome
R-HSA-453276,Regulation of mitotic cell cycle,12/373,75/10039,0.16,4.30627345844504,5.645561713819536,1.8264928626746907e-5,1.315772883875844e-4,8.633439277141513e-5,PSMB2/PSMA5/PSMB4/RPS27A/PSMD2/PSMB1/ANAPC16/PSMB5/PSMA3/UBB/UBA52/PSMC4,12,2,Reactome
R-HSA-389960,Formation of tubulin folding intermediates by CCT/TriC,7/373,24/10039,0.2916666666666667,7.849977658623772,6.59969575739113,1.84926236719449e-5,1.3237441375297268e-4,8.685742630726951e-5,CCT4/CCT5/TCP1/TUBA1B/TUBA1C/CCT2/CCT8,7,2,Reactome
R-HSA-2871837,FCERI mediated NF-kB activation,11/373,64/10039,0.171875,4.625879691689008,5.716122677511504,2.0331818800823786e-5,1.4462444694170884e-4,9.489528139411301e-5,PSMB2/PSMA5/PSMB4/RPS27A/PSMD2/PSMB1/PSMB5/PSMA3/UBB/UBA52/PSMC4,11,2,Reactome
R-HSA-446728,Cell junction organization,23/373,235/10039,0.09787234042553192,2.6341566368147853,4.979440853315261,2.0729457373837227e-5,1.465313518113119e-4,9.614649637207397e-5,PSMB2/PSMA5/PSMB4/NECTIN4/OST4/RPS27A/PSMD2/CSNK2B/HDAC2/PSMB1/MYC/TMEM258/CADM1/KRT5/PSMB5/PSMA3/CLDN7/UBB/KRT14/SEC11C/RPN2/UBA52/PSMC4,23,2,Reactome
R-HSA-9759476,Regulation of Homotypic Cell-Cell Adhesion,18/373,158/10039,0.11392405063291139,3.0661757219940946,5.14221184236043,2.2173240303511e-5,1.5576357008242818e-4,1.0220421323292092e-4,PSMB2/PSMA5/PSMB4/OST4/RPS27A/PSMD2/CSNK2B/HDAC2/PSMB1/MYC/TMEM258/PSMB5/PSMA3/UBB/SEC11C/RPN2/UBA52/PSMC4,18,2,Reactome
R-HSA-9013507,NOTCH3 Activation and Transmission of Signal to the Nucleus,7/373,25/10039,0.28,7.535978552278821,6.427342532262389,2.4870719158799817e-5,1.7363446523828763e-4,1.139301949769582e-4,YBX1/APH1A/RPS27A/UBB/NOTCH3/UBA52/PSENEN,7,2,Reactome
R-HSA-69002,DNA Replication Pre-Initiation,13/373,90/10039,0.14444444444444443,3.8876079833184383,5.40535708487749,2.559465015040589e-5,1.7759232711723352e-4,1.1652714469509945e-4,PSMB2/PSMA5/PSMB4/RPS27A/POLE4/PSMD2/PSMB1/ANAPC16/PSMB5/PSMA3/UBB/UBA52/PSMC4,13,2,Reactome
R-HSA-5689877,Josephin domain DUBs,5/373,11/10039,0.45454545454545453,12.233731416037045,7.322642507919448,2.6470586489219896e-5,1.8255020316651038e-4,1.1978025336906306e-4,RPS27A/RAD23B/UBB/RAD23A/UBA52,5,2,Reactome
R-HSA-1168372,Downstream signaling events of B Cell Receptor (BCR),11/373,67/10039,0.16417910447761194,4.418750750270098,5.5152896004777965,3.1795013463278265e-5,2.1794036501192557e-4,1.4300149595924196e-4,PSMB2/PSMA5/PSMB4/RPS27A/PSMD2/PSMB1/PSMB5/PSMA3/UBB/UBA52/PSMC4,11,2,Reactome
R-HSA-421270,Cell-cell junction organization,21/373,209/10039,0.10047846889952153,2.704298523545031,4.890988797267454,3.2106117939852445e-5,2.187471047588742e-4,1.435308379682687e-4,PSMB2/PSMA5/PSMB4/NECTIN4/OST4/RPS27A/PSMD2/CSNK2B/HDAC2/PSMB1/MYC/TMEM258/CADM1/PSMB5/PSMA3/CLDN7/UBB/SEC11C/RPN2/UBA52/PSMC4,21,2,Reactome
R-HSA-162906,HIV Infection,21/373,211/10039,0.0995260663507109,2.6786653621844145,4.840914354299688,3.700554967914242e-5,2.5061842327610826e-4,1.6444319271223073e-4,PSMB2/PSMA5/PSMB4/RPS27A/CXCR4/SEC13/AP2M1/PSMD2/POLR2H/NCBP2/CCNH/HMGA1/PSMB1/PSIP1/PSMB5/PSMA3/UBB/UBA52/PSMC4/POLR2F/RBX1,21,2,Reactome
R-HSA-389957,Prefoldin mediated transfer of substrate  to CCT/TriC,7/373,27/10039,0.25925925925925924,6.9777579187766845,6.109622841084107,4.308317105775822e-5,2.900420622995509e-4,1.903109999731801e-4,CCT4/CCT5/TCP1/TUBA1C/CCT2/PFDN4/CCT8,7,2,Reactome
R-HSA-9912633,"Antigen processing: Ub, ATP-independent proteasomal degradation",6/373,19/10039,0.3157894736842105,8.499223931141525,6.427082548545031,4.544641315210353e-5,3.0414138032561596e-4,1.9956226267351594e-4,PSMB2/PSMA5/PSMB4/PSMB1/PSMB5/PSMA3,6,2,Reactome
R-HSA-69231,Cyclin D associated events in G1,9/373,47/10039,0.19148936170212766,5.153784724202841,5.606880723070842,4.7716614089268485e-5,3.1559935985358276e-4,2.0708041202175613e-4,CKS1B/RPS27A/CCNH/CDKN2A/CCND1/CDK4/UBB/UBA52/PPP2R1A,9,2,Reactome
R-HSA-69236,G1 Phase,9/373,47/10039,0.19148936170212766,5.153784724202841,5.606880723070842,4.7716614089268485e-5,3.1559935985358276e-4,2.0708041202175613e-4,CKS1B/RPS27A/CCNH/CDKN2A/CCND1/CDK4/UBB/UBA52/PPP2R1A,9,2,Reactome
R-HSA-9705683,SARS-CoV-2-host interactions,19/373,183/10039,0.10382513661202186,2.794371438198626,4.812183297662425,4.8671343186837254e-5,3.200423787460054e-4,2.0999569734834924e-4,RPS7/YWHAQ/RPS27A/SEC13/RPS23/RPS18/RPS10/GJA1/RPS6/RPS25/RPS24/RPS26/MAP1LC3B/UBB/UBA52/RPS16/RPS11/RPS9/RPS5,19,2,Reactome
R-HSA-5607764,CLEC7A (Dectin-1) signaling,12/373,84/10039,0.14285714285714285,3.844887016468786,5.14326202647865,5.845976517373107e-5,3.82184938794739e-4,2.5077051686936663e-4,PSMB2/PSMA5/PSMB4/RPS27A/PSMD2/PSMB1/CLEC7A/PSMB5/PSMA3/UBB/UBA52/PSMC4,12,2,Reactome
R-HSA-109581,Apoptosis,14/373,111/10039,0.12612612612612611,3.394584933458928,4.98328203103201,5.935605414080826e-5,3.8581435191525367e-4,2.5315195504700433e-4,PSMB2/PSMA5/PSMB4/YWHAQ/RPS27A/PSMD2/PSMB1/CDKN2A/VIM/PSMB5/PSMA3/UBB/UBA52/PSMC4,14,2,Reactome
R-HSA-6782210,Gap-filling DNA repair synthesis and ligation in TC-NER,10/373,62/10039,0.16129032258064516,4.3410014702066935,5.183548203850697,8.500800428132148e-5,5.483318915635525e-4,0.00035978778310047414,RPS27A/POLE4/POLR2H/RFC4/CCNH/UBB/PCNA/UBA52/POLR2F/RBX1,10,2,Reactome
R-HSA-9931295,PD-L1(CD274) glycosylation and translocation to plasma membrane,6/373,21/10039,0.2857142857142857,7.689774032937572,6.028165932597091,8.532839338212664e-5,5.483318915635525e-4,0.00035978778310047414,OST4/RPS27A/TMEM258/UBB/RPN2/UBA52,6,2,Reactome
R-HSA-110314,Recognition of DNA damage by PCNA-containing replication complex,7/373,30/10039,0.23333333333333334,6.279982126899017,5.689215064395171,8.969486150841131e-5,5.731349625198485e-4,3.76062309624918e-4,RPS27A/POLE4/RFC4/UBB/PCNA/UBA52/RBX1,7,2,Reactome
R-HSA-6782135,Dual incision in TC-NER,10/373,63/10039,0.15873015873015872,4.272096684965318,5.117676132990914,9.776273685212583e-5,6.211778392121029e-4,4.075856267341733e-4,RPS27A/POLE4/POLR2H/RFC4/CCNH/UBB/PCNA/UBA52/POLR2F/RBX1,10,2,Reactome
R-HSA-1236978,Cross-presentation of soluble exogenous antigens (endosomes),8/373,41/10039,0.1951219512195122,5.251552998103708,5.358430170785553,1.0971507916206972e-4,6.860128378217758e-4,4.501270888960416e-4,PSMB2/PSMA5/PSMB4/PSMD2/PSMB1/PSMB5/PSMA3/PSMC4,8,2,Reactome
R-HSA-5696400,Dual Incision in GG-NER,8/373,41/10039,0.1951219512195122,5.251552998103708,5.358430170785553,1.0971507916206972e-4,6.860128378217758e-4,4.501270888960416e-4,PARP1/RPS27A/POLE4/RFC4/UBB/PCNA/UBA52/RBX1,8,2,Reactome
R-HSA-5358351,Signaling by Hedgehog,15/373,132/10039,0.11363636363636363,3.0584328540092613,4.676352119455493,1.0978631622081469e-4,6.860128378217758e-4,4.501270888960416e-4,PSMB2/PSMA5/PSMB4/ERLEC1/RPS27A/PSMD2/PSMB1/TUBA1B/TUBA1C/PSMB5/PSMA3/UBB/UBA52/PSMC4/RBX1,15,2,Reactome
R-HSA-2979096,NOTCH2 Activation and Transmission of Signal to the Nucleus,6/373,22/10039,0.2727272727272727,7.340238849622227,5.8479377181616545,1.1368205776501182e-4,7.064527875397164e-4,4.6353875491228063e-4,APH1A/RPS27A/MDK/UBB/UBA52/PSENEN,6,2,Reactome
R-HSA-382556,ABC-family proteins mediated transport,12/373,90/10039,0.13333333333333333,3.588561215370867,4.845566914198749,1.1596883640656337e-4,7.167254315618753e-4,4.702791467738117e-4,PSMB2/PSMA5/PSMB4/ERLEC1/RPS27A/PSMD2/PSMB1/PSMB5/PSMA3/UBB/UBA52/PSMC4,12,2,Reactome
R-HSA-9694516,SARS-CoV-2 Infection,24/373,282/10039,0.0851063829787234,2.2905709885345957,4.31820161974197,1.3054733912296667e-4,8.024404377612788e-4,5.265210187739789e-4,RPS7/YWHAQ/SDC1/OST4/RPS27A/SUMO1/SEC13/RPS23/RPS18/RPS10/GJA1/RPS6/TMEM258/RPS25/RPS24/RPS26/MAP1LC3B/UBB/RPN2/UBA52/RPS16/RPS11/RPS9/RPS5,24,2,Reactome
R-HSA-202424,Downstream TCR signaling,11/373,78/10039,0.14102564102564102,3.7955935931807243,4.868828576072194,1.3349024581912452e-4,8.160944217374586e-4,5.354800756898025e-4,PSMB2/PSMA5/PSMB4/RPS27A/PSMD2/PSMB1/PSMB5/PSMA3/UBB/UBA52/PSMC4,11,2,Reactome
R-HSA-205043,NRIF signals cell death from the nucleus,5/373,15/10039,0.3333333333333333,8.971403038427166,6.068962927010104,1.5208946955486586e-4,9.248020971320069e-4,6.068085797180555e-4,APH1A/RPS27A/UBB/UBA52/PSENEN,5,2,Reactome
R-HSA-9909396,Circadian clock,13/373,107/10039,0.12149532710280374,3.269950640174388,4.637079729610108,1.594850485801248e-4,9.645860424819312e-4,6.329128018518884e-4,PSMB2/PSMA5/PSMB4/RPS27A/PSMD2/CSNK2B/PSMB1/PSMB5/PSMA3/UBB/UBA52/PSMC4/RBX1,13,2,Reactome
R-HSA-69481,G2/M Checkpoints,14/373,122/10039,0.11475409836065574,3.0885158001142705,4.559131722757932,1.667637687819802e-4,0.0010032437366618062,6.582780346657112e-4,PSMB2/PSMA5/PSMB4/YWHAQ/RPS27A/PSMD2/RFC4/PSMB1/PSMB5/PSMA3/UBB/BABAM1/UBA52/PSMC4,14,2,Reactome
R-HSA-1500931,Cell-Cell communication,23/373,269/10039,0.08550185873605948,2.3012149057675635,4.249447850477549,1.6801135230533413e-4,0.0010054012669700153,6.596936974394906e-4,PSMB2/PSMA5/PSMB4/NECTIN4/OST4/RPS27A/PSMD2/CSNK2B/HDAC2/PSMB1/MYC/TMEM258/CADM1/KRT5/PSMB5/PSMA3/CLDN7/UBB/KRT14/SEC11C/RPN2/UBA52/PSMC4,23,2,Reactome
R-HSA-72203,Processing of Capped Intron-Containing Pre-mRNA,24/373,287/10039,0.08362369337979095,2.2506655706158747,4.2226969311340765,1.7087684220079362e-4,0.0010171668869952504,6.674137049947894e-4,YBX1/MAGOH/SF3B6/RPS27A/PRPF40A/SEC13/POLR2H/NCBP2/FYTTD1/SF3B5/PUF60/SF3B2/RBM17/PCBP2/HNRNPA1/SRSF9/SAP18/UBB/DDX39A/LSM4/UBA52/RBM42/PRPF31/POLR2F,24,2,Reactome
R-HSA-5688426,Deubiquitination,20/373,218/10039,0.09174311926605505,2.469193496814817,4.308082433754929,1.7479033746809343e-4,0.0010350150349550454,6.791247611739094e-4,PSMB2/PSMA5/PSMB4/RPS27A/ACTL6A/PSMD2/PSMB1/MYC/RAD23B/VDAC2/UCHL3/PSMB5/PSMA3/UBB/RAD23A/BABAM1/FKBP8/UBA52/PSMC4/TFPT,20,2,Reactome
R-HSA-9734767,Developmental Cell Lineages,15/373,138/10039,0.10869565217391304,2.9254575125305977,4.473923656424014,1.8132638675343992e-4,0.001068125746969482,7.008503435371443e-4,EPCAM/CXCR4/KIT/DLX5/FABP5/CA2/AQP3/ALDH1A1/CALML5/VIM/KRT5/KRT8/KRT19/KRT14/SLPI,15,2,Reactome
R-HSA-9824272,Somitogenesis,8/373,44/10039,0.18181818181818182,4.893492566414818,5.084273504670279,1.84628647824989e-4,0.0010819430087568008,7.099165351329001e-4,PSMB2/PSMA5/PSMB4/PSMD2/PSMB1/PSMB5/PSMA3/PSMC4,8,2,Reactome
R-HSA-110312,Translesion synthesis by REV1,5/373,16/10039,0.3125,8.410690348525469,5.827394358979015,2.145169437846995e-4,0.001244198273951257,8.163802718931883e-4,RPS27A/RFC4/UBB/PCNA/UBA52,5,2,Reactome
R-HSA-8866427,VLDLR internalisation and degradation,5/373,16/10039,0.3125,8.410690348525469,5.827394358979015,2.145169437846995e-4,0.001244198273951257,8.163802718931883e-4,RPS27A/AP2M1/UBB/UBA52/NR1H2,5,2,Reactome
R-HSA-9837999,Mitochondrial protein degradation,12/373,96/10039,0.125,3.3642761394101877,4.5722473016025464,2.1650073449272112e-4,0.0012492976056697326,8.197261966561137e-4,COX5B/CHCHD2/ATP5MG/ATP5F1C/TFAM/ATP5F1B/IDH2/COX4I1/ATP5PD/ECH1/ATP5PF/ATP5PO,12,2,Reactome
R-HSA-201681,TCF dependent signaling in response to WNT,16/373,156/10039,0.10256410256410256,2.760431704131436,4.353030388416156,2.1971223262667346e-4,0.001261393579191714,8.2766296554531e-4,PSMB2/PSMA5/PSMB4/DPY30/RPS27A/PSMD2/CSNK2B/PSMB1/MYC/PSMB5/PSMA3/UBB/UBA52/PSMC4/PPP2R1A/RBX1,16,2,Reactome
R-HSA-5696397,Gap-filling DNA repair synthesis and ligation in GG-NER,6/373,25/10039,0.24,6.459410187667561,5.368668060887084,2.45492636759456e-4,0.0014022836978532563,9.201079687156644e-4,RPS27A/POLE4/RFC4/UBB/PCNA/UBA52,6,2,Reactome
R-HSA-2644602,Signaling by NOTCH1 PEST Domain Mutants in Cancer,9/373,58/10039,0.15517241379310345,4.176342793750578,4.765505234251328,2.600069885021771e-4,0.0014486103645121296,9.505051951985212e-4,APH1A/RPS27A/HDAC2/HEY1/MYC/UBB/UBA52/PSENEN/RBX1,9,2,Reactome
R-HSA-2644603,Signaling by NOTCH1 in Cancer,9/373,58/10039,0.15517241379310345,4.176342793750578,4.765505234251328,2.600069885021771e-4,0.0014486103645121296,9.505051951985212e-4,APH1A/RPS27A/HDAC2/HEY1/MYC/UBB/UBA52/PSENEN/RBX1,9,2,Reactome
R-HSA-2644606,Constitutive Signaling by NOTCH1 PEST Domain Mutants,9/373,58/10039,0.15517241379310345,4.176342793750578,4.765505234251328,2.600069885021771e-4,0.0014486103645121296,9.505051951985212e-4,APH1A/RPS27A/HDAC2/HEY1/MYC/UBB/UBA52/PSENEN/RBX1,9,2,Reactome
R-HSA-2894858,Signaling by NOTCH1 HD+PEST Domain Mutants in Cancer,9/373,58/10039,0.15517241379310345,4.176342793750578,4.765505234251328,2.600069885021771e-4,0.0014486103645121296,9.505051951985212e-4,APH1A/RPS27A/HDAC2/HEY1/MYC/UBB/UBA52/PSENEN/RBX1,9,2,Reactome
R-HSA-2894862,Constitutive Signaling by NOTCH1 HD+PEST Domain Mutants,9/373,58/10039,0.15517241379310345,4.176342793750578,4.765505234251328,2.600069885021771e-4,0.0014486103645121296,9.505051951985212e-4,APH1A/RPS27A/HDAC2/HEY1/MYC/UBB/UBA52/PSENEN/RBX1,9,2,Reactome
R-HSA-5668541,TNFR2 non-canonical NF-kB pathway,11/373,85/10039,0.12941176470588237,3.483015297271724,4.515903531523268,2.9023629268972514e-4,0.0016091041521180348,0.0010558131390415698,PSMB2/PSMA5/PSMB4/RPS27A/PSMD2/PSMB1/PSMB5/PSMA3/UBB/UBA52/PSMC4,11,2,Reactome
R-HSA-5655862,Translesion synthesis by POLK,5/373,17/10039,0.29411764705882354,7.915943857435736,5.606003140823621,2.9469749700416733e-4,0.001617975092775307,0.0010616338037196624,RPS27A/RFC4/UBB/PCNA/UBA52,5,2,Reactome
R-HSA-5656121,Translesion synthesis by POLI,5/373,17/10039,0.29411764705882354,7.915943857435736,5.606003140823621,2.9469749700416733e-4,0.001617975092775307,0.0010616338037196624,RPS27A/RFC4/UBB/PCNA/UBA52,5,2,Reactome
R-HSA-8878171,Transcriptional regulation by RUNX1,16/373,161/10039,0.09937888198757763,2.6747040114565466,4.207955165333804,3.154029928120231e-4,0.0017232888157990248,0.001130735367060647,PSMB2/PSMA5/PSMB4/DPY30/RPS27A/ACTL6A/PSMD2/CCNH/CSNK2B/PSMB1/CCND1/PSMB5/PSMA3/UBB/UBA52/PSMC4,16,2,Reactome
R-HSA-9020702,Interleukin-1 signaling,12/373,101/10039,0.1188118811881188,3.19772781567701,4.360534347675764,3.4973456197246995e-4,0.0019016816807253055,0.0012477877843653405,PSMB2/PSMA5/PSMB4/RPS27A/PSMD2/PSMB1/PSMB5/PSMA3/UBB/UBA52/PSMC4/RBX1,12,2,Reactome
R-HSA-9927426,Developmental Lineage of Mammary Gland Alveolar Cells,5/373,18/10039,0.2777777777777778,7.476169198689306,5.401986872000217,3.956989248879982e-4,0.0021311213526110763,0.0013983345465966854,EPCAM/KIT/KRT8/KRT19/SLPI,5,2,Reactome
R-HSA-9927432,Developmental Lineage of Mammary Gland Myoepithelial Cells,5/373,18/10039,0.2777777777777778,7.476169198689306,5.401986872000217,3.956989248879982e-4,0.0021311213526110763,0.0013983345465966854,EPCAM/ALDH1A1/VIM/KRT5/KRT14,5,2,Reactome
R-HSA-9012852,Signaling by NOTCH3,8/373,49/10039,0.16326530612244897,4.394156590250041,4.678447785188225,3.9953384166985044e-4,0.002141577132363037,0.001405195102904687,YBX1/APH1A/RPS27A/HEY1/UBB/NOTCH3/UBA52/PSENEN,8,2,Reactome
R-HSA-6781827,Transcription-Coupled Nucleotide Excision Repair (TC-NER),10/373,76/10039,0.13157894736842105,3.541343304642303,4.368473284171267,4.755932682581668e-4,0.0025372452188678614,0.0016648125825323116,RPS27A/POLE4/POLR2H/RFC4/CCNH/UBB/PCNA/UBA52/POLR2F/RBX1,10,2,Reactome
R-HSA-9664873,Pexophagy,4/373,11/10039,0.36363636363636365,9.786985132829637,5.7277451691838035,5.028031920707326e-4,0.0026573383655700868,0.001743611659664862,RPS27A/MAP1LC3B/UBB/UBA52,4,2,Reactome
R-HSA-9708530,Regulation of BACH1 activity,4/373,11/10039,0.36363636363636365,9.786985132829637,5.7277451691838035,5.028031920707326e-4,0.0026573383655700868,0.001743611659664862,RPS27A/UBB/UBA52/RBX1,4,2,Reactome
R-HSA-72163,mRNA Splicing - Major Pathway,18/373,202/10039,0.0891089108910891,2.398295861757757,3.9436470337505867,5.201836660559278e-4,0.002726909633116082,0.0017892608230693264,YBX1/MAGOH/SF3B6/PRPF40A/POLR2H/NCBP2/SF3B5/PUF60/SF3B2/RBM17/PCBP2/HNRNPA1/SRSF9/SAP18/LSM4/RBM42/PRPF31/POLR2F,18,2,Reactome
R-HSA-110320,Translesion Synthesis by POLH,5/373,19/10039,0.2631578947368421,7.082686609284606,5.213063286783434,5.207891076508168e-4,0.002726909633116082,0.0017892608230693264,RPS27A/RFC4/UBB/PCNA/UBA52,5,2,Reactome
R-HSA-1592230,Mitochondrial biogenesis,11/373,91/10039,0.12087912087912088,3.2533659370120493,4.241692185142032,5.277391790614745e-4,0.0027379495941216862,0.0017965046897070957,ATP5PB/ATP5MC3/MTX2/ATP5MG/ATP5F1C/TFAM/ATP5F1B/IDH2/ATP5PD/ATP5PF/ATP5PO,11,2,Reactome
R-HSA-391251,Protein folding,11/373,91/10039,0.12087912087912088,3.2533659370120493,4.241692185142032,5.277391790614745e-4,0.0027379495941216862,0.0017965046897070957,CCT4/CCT5/TBCA/CSNK2B/TCP1/TUBA1B/TUBA1C/CCT2/PFDN4/TBCB/CCT8,11,2,Reactome
R-HSA-5357801,Programmed Cell Death,14/373,137/10039,0.10218978102189781,2.7503571358681826,4.052099567158329,5.579787875434452e-4,0.002881616478135326,0.0018907716665134764,PSMB2/PSMA5/PSMB4/YWHAQ/RPS27A/PSMD2/PSMB1/CDKN2A/VIM/PSMB5/PSMA3/UBB/UBA52/PSMC4,14,2,Reactome
R-HSA-9646399,Aggrephagy,7/373,40/10039,0.175,4.7099865951742625,4.618263071012247,5.964196211605941e-4,0.0030551808001018153,0.0020046558370066356,RPS27A/HSF1/VIM/TUBA1B/TUBA1C/UBB/UBA52,7,2,Reactome
R-HSA-9612973,Autophagy,15/373,154/10039,0.09740259740259741,2.6215138748650815,3.983339371908188,5.969893517440329e-4,0.0030551808001018153,0.0020046558370066356,LAMTOR5/LAMTOR2/RPS27A/CSNK2B/EEF1A1/HSF1/RRAGA/VIM/VDAC2/TUBA1B/TUBA1C/ATG101/MAP1LC3B/UBB/UBA52,15,2,Reactome
R-HSA-1632852,Macroautophagy,14/373,139/10039,0.10071942446043165,2.710783651898856,3.9896932918365726,6.457496756707283e-4,0.003289832807133305,0.00215862267116104,LAMTOR5/LAMTOR2/RPS27A/CSNK2B/HSF1/RRAGA/VIM/VDAC2/TUBA1B/TUBA1C/ATG101/MAP1LC3B/UBB/UBA52,14,2,Reactome
R-HSA-5628897,TP53 Regulates Metabolic Genes,10/373,80/10039,0.125,3.3642761394101877,4.170517450916926,7.192399382929154e-4,0.003647804350714293,0.002393505577042744,PRDX1/LAMTOR5/LAMTOR2/YWHAQ/COX5B/RRAGA/DDIT4/COX4I1/PRDX2/GPI,10,2,Reactome
R-HSA-72172,mRNA Splicing,18/373,210/10039,0.08571428571428572,2.3069322098812717,3.759781940370216,8.231617993393937e-4,0.0041562321207716715,0.002727110284465566,YBX1/MAGOH/SF3B6/PRPF40A/POLR2H/NCBP2/SF3B5/PUF60/SF3B2/RBM17/PCBP2/HNRNPA1/SRSF9/SAP18/LSM4/RBM42/PRPF31/POLR2F,18,2,Reactome
R-HSA-983705,Signaling by the B Cell Receptor (BCR),11/373,96/10039,0.11458333333333333,3.0839197944593386,4.030069287655134,8.3349730880592e-4,0.004189713138931091,0.0027490788430791745,PSMB2/PSMA5/PSMB4/RPS27A/PSMD2/PSMB1/PSMB5/PSMA3/UBB/UBA52/PSMC4,11,2,Reactome
R-HSA-2467813,Separation of Sister Chromatids,16/373,176/10039,0.09090909090909091,2.446746283207409,3.803634770733296,8.46464263054273e-4,0.004236066732364526,0.0027794937375559495,PSMB2/PSMA5/PSMB4/RPS27A/SEC13/PSMD2/PSMB1/ANAPC16/TUBA1B/TUBA1C/PSMB5/PSMA3/UBB/UBA52/PSMC4/PPP2R1A,16,2,Reactome
R-HSA-5689880,Ub-specific processing proteases,14/373,143/10039,0.0979020979020979,2.6349575357618256,3.868114035080121,8.567656851542495e-4,0.004252139683718565,0.002790039999089383,PSMB2/PSMA5/PSMB4/RPS27A/PSMD2/PSMB1/MYC/VDAC2/PSMB5/PSMA3/UBB/FKBP8/UBA52/PSMC4,14,2,Reactome
R-HSA-9613829,Chaperone Mediated Autophagy,5/373,21/10039,0.23809523809523808,6.408145027447976,4.873288014287475,8.57195267805334e-4,0.004252139683718565,0.002790039999089383,RPS27A/EEF1A1/VIM/UBB/UBA52,5,2,Reactome
R-HSA-446203,Asparagine N-linked glycosylation,23/373,302/10039,0.076158940397351,2.0497576478525645,3.6386019670410796,8.708001596404559e-4,0.004300764107219893,0.0028219448979385033,OST4/RPS27A/RAB1A/SEC13/ARF4/TFG/RAD23B/TMEM258/FOLR1/TRAPPC4/TUBA1B/TUBA1C/MLEC/TMED2/TMED10/UBB/LMAN1/RPN2/DPM1/CALR/UBA52/COPE/KDELR1,23,2,Reactome
R-HSA-3700989,Transcriptional Regulation by TP53,25/373,343/10039,0.0728862973760933,1.9616770492187685,3.5598739815756404,9.916010189510742e-4,0.0048760902279724565,0.0031994449352883625,MEAF6/PRDX1/LAMTOR5/LAMTOR2/YWHAQ/RPS27A/COX5B/POLR2H/RFC4/CCNH/CSNK2B/HDAC2/PERP/IGFBP3/RRAGA/CDKN2A/DDIT4/COX4I1/UBB/PCNA/PRDX2/UBA52/GPI/PPP2R1A/POLR2F,25,2,Reactome
R-HSA-1980145,Signaling by NOTCH2,6/373,32/10039,0.1875,5.046414209115282,4.5034774501857715,0.0010082579691306625,0.004915257599511979,0.0032251445927273916,APH1A/RPS27A/MDK/UBB/UBA52/PSENEN,6,2,Reactome
R-HSA-5656169,Termination of translesion DNA synthesis,6/373,32/10039,0.1875,5.046414209115282,4.5034774501857715,0.0010082579691306625,0.004915257599511979,0.0032251445927273916,RPS27A/POLE4/RFC4/UBB/PCNA/UBA52,6,2,Reactome
R-HSA-1358803,Downregulation of ERBB2:ERBB3 signaling,4/373,13/10039,0.3076923076923077,8.281295112394309,5.160253958192263,0.001026819491924322,0.004962960877634223,0.0032564450823510884,RPS27A/ERBB3/UBB/UBA52,4,2,Reactome
R-HSA-9938206,Developmental Lineage of Mammary Stem Cells,4/373,13/10039,0.3076923076923077,8.281295112394309,5.160253958192263,0.001026819491924322,0.004962960877634223,0.0032564450823510884,EPCAM/DLX5/ALDH1A1/KRT5,4,2,Reactome
R-HSA-3858494,Beta-catenin independent WNT signaling,13/373,130/10039,0.1,2.69142091152815,3.8129672380161677,0.0010676883101576225,0.005138533952290515,0.0033716472952345965,PSMB2/PSMA5/PSMB4/RPS27A/AP2M1/PSMD2/PSMB1/PSMB5/PSMA3/PFN1/UBB/UBA52/PSMC4,13,2,Reactome
R-HSA-9663891,Selective autophagy,10/373,85/10039,0.11764705882352941,3.166377542974294,3.940028886523496,0.0011599276646912864,0.005558805884601038,0.003647408579872243,RPS27A/CSNK2B/HSF1/VIM/VDAC2/TUBA1B/TUBA1C/MAP1LC3B/UBB/UBA52,10,2,Reactome
R-HSA-202403,TCR signaling,11/373,100/10039,0.11,2.960563002680965,3.8704732813927034,0.0011728786631071922,0.005597155139131791,0.0036725714301157914,PSMB2/PSMA5/PSMB4/RPS27A/PSMD2/PSMB1/PSMB5/PSMA3/UBB/UBA52/PSMC4,11,2,Reactome
R-HSA-5654738,Signaling by FGFR2,9/373,71/10039,0.1267605633802817,3.411660310387796,4.005861335770345,0.0011896544448935392,0.005651805120907698,0.0037084299969658216,RPS27A/POLR2H/NCBP2/FGFBP2/HNRNPA1/UBB/UBA52/PPP2R1A/POLR2F,9,2,Reactome
R-HSA-2559585,Oncogene Induced Senescence,6/373,33/10039,0.18181818181818182,4.893492566414818,4.4006890909416345,0.001194324866398709,0.005651805120907698,0.0037084299969658216,RPS27A/CDKN2A/CDK4/UBB/ID1/UBA52,6,2,Reactome
R-HSA-5619115,Disorders of transmembrane transporters,14/373,148/10039,0.0945945945945946,2.5459387000941964,3.721839511741135,0.001199749867153277,0.005653821248959819,0.0037097528786976326,PSMB2/PSMA5/PSMB4/ERLEC1/RPS27A/SEC13/PSMD2/PSMB1/SLC3A2/PSMB5/PSMA3/UBB/UBA52/PSMC4,14,2,Reactome
R-HSA-9793380,Formation of paraxial mesoderm,8/373,58/10039,0.13793103448275862,3.712304705556069,4.069303318471403,0.0012697978861254554,0.005959092984265104,0.003910056823404438,PSMB2/PSMA5/PSMB4/PSMD2/PSMB1/PSMB5/PSMA3/PSMC4,8,2,Reactome
R-HSA-5620922,BBSome-mediated cargo-targeting to cilium,5/373,23/10039,0.21739130434782608,5.850915025061195,4.575041556786974,0.0013333325501940145,0.00620575767189066,0.004071905773821876,CCT4/CCT5/TCP1/CCT2/CCT8,5,2,Reactome
R-HSA-73980,RNA Polymerase III Transcription Termination,5/373,23/10039,0.21739130434782608,5.850915025061195,4.575041556786974,0.0013333325501940145,0.00620575767189066,0.004071905773821876,SSB/POLR2H/POLR1D/NFIX/POLR2F,5,2,Reactome
R-HSA-532668,N-glycan trimming in the ER and Calnexin/Calreticulin cycle,6/373,34/10039,0.17647058823529413,4.7495663144614415,4.301961972630089,0.0014055747634294249,0.006515184661633932,0.004274936187306922,RPS27A/RAD23B/MLEC/UBB/CALR/UBA52,6,2,Reactome
R-HSA-1257604,PIP3 activates AKT signaling,20/373,257/10039,0.07782101167315175,2.0944909817339687,3.491560213691868,0.0014378182327566367,0.006612989933301861,0.0043391110828589615,PSMB2/PSMA5/LAMTOR5/PSMB4/LAMTOR2/RPS27A/PSMD2/KIT/CSNK2B/HDAC2/PSMB1/MAF1/RRAGA/ERBB3/PSMB5/PSMA3/UBB/UBA52/PSMC4/PPP2R1A,20,2,Reactome
R-HSA-69275,G2/M Transition,16/373,185/10039,0.08648648648648649,2.327715382943265,3.5804629859159514,0.0014383691632115453,0.006612989933301861,0.0043391110828589615,PSMB2/PSMA5/PSMB4/RPS27A/PSMD2/CCNH/PSMB1/TUBA1B/TUBA1C/PSMB5/PSMA3/UBB/UBA52/PSMC4/PPP2R1A/RBX1,16,2,Reactome
R-HSA-1980143,Signaling by NOTCH1,9/373,74/10039,0.12162162162162163,3.2733497572639667,3.855654248063964,0.0016013438149177733,0.0073324690472550665,0.004811197057391988,APH1A/RPS27A/HDAC2/HEY1/MYC/UBB/UBA52/PSENEN/RBX1,9,2,Reactome
R-HSA-453274,Mitotic G2-G2/M phases,16/373,187/10039,0.0855614973262032,2.302820031254032,3.5326258715742513,0.0016090371308178598,0.0073379878828830625,0.00481481823950166,PSMB2/PSMA5/PSMB4/RPS27A/PSMD2/CCNH/PSMB1/TUBA1B/TUBA1C/PSMB5/PSMA3/UBB/UBA52/PSMC4/PPP2R1A/RBX1,16,2,Reactome
R-HSA-166208,mTORC1-mediated signalling,5/373,24/10039,0.20833333333333334,5.60712689901698,4.438793433278687,0.001633540227472626,0.007419815250086505,0.004868509238504339,LAMTOR5/LAMTOR2/EIF4G1/RRAGA/RPS6,5,2,Reactome
R-HSA-8964043,Plasma lipoprotein clearance,6/373,35/10039,0.17142857142857143,4.613864419762543,4.207011043584795,0.001644162025859549,0.0074381890049886,0.004880565171498871,RPS27A/AP2M1/UBB/UBA52/LSR/NR1H2,6,2,Reactome
R-HSA-5621481,C-type lectin receptors (CLRs),12/373,121/10039,0.09917355371900827,2.669177763498992,3.628589502626225,0.0017666418290562575,0.007960445851245527,0.005223243822539993,PSMB2/PSMA5/PSMB4/RPS27A/PSMD2/PSMB1/CLEC7A/PSMB5/PSMA3/UBB/UBA52/PSMC4,12,2,Reactome
R-HSA-2122947,NOTCH1 Intracellular Domain Regulates Transcription,7/373,48/10039,0.14583333333333334,3.924988829311886,3.990202783138739,0.0018256876745265237,0.00816147335924703,0.005355147953156642,RPS27A/HDAC2/HEY1/MYC/UBB/UBA52/RBX1,7,2,Reactome
R-HSA-73893,DNA Damage Bypass,7/373,48/10039,0.14583333333333334,3.924988829311886,3.990202783138739,0.0018256876745265237,0.00816147335924703,0.005355147953156642,RPS27A/POLE4/RFC4/UBB/PCNA/UBA52/RBX1,7,2,Reactome
R-HSA-2173796,SMAD2/SMAD3:SMAD4 heterotrimer regulates transcription,6/373,36/10039,0.16666666666666666,4.485701519213583,4.115578860930182,0.0019123024053123321,0.008448492267219717,0.005543475311452278,YBX1/RPS27A/MYC/UBB/JUNB/UBA52,6,2,Reactome
R-HSA-6814122,Cooperation of PDCL (PhLP1) and TRiC/CCT in G-protein beta folding,6/373,36/10039,0.16666666666666666,4.485701519213583,4.115578860930182,0.0019123024053123321,0.008448492267219717,0.005543475311452278,CCT4/CCT5/CSNK2B/TCP1/CCT2/CCT8,6,2,Reactome
R-HSA-9725554,Differentiation of Keratinocytes in Interfollicular Epidermis in Mammalian Skin,6/373,36/10039,0.16666666666666666,4.485701519213583,4.115578860930182,0.0019123024053123321,0.008448492267219717,0.005543475311452278,FABP5/AQP3/CALML5/KRT5/KRT19/KRT14,6,2,Reactome
R-HSA-9758941,Gastrulation,11/373,108/10039,0.10185185185185185,2.741262039519412,3.5738320169587494,0.0021943895918711234,0.009657021900413388,0.006336451616912316,PSMB2/PSMA5/PSMB4/CXCR4/PSMD2/PSMB1/DLX5/PSMB5/PSMA3/PSMC4/TEAD2,11,2,Reactome
R-HSA-2173793,Transcriptional activity of SMAD2/SMAD3:SMAD4 heterotrimer,7/373,50/10039,0.14,3.7679892761394105,3.854277812897715,0.0023243153028771443,0.010149809295575485,0.006659793897697161,YBX1/PARP1/RPS27A/MYC/UBB/JUNB/UBA52,7,2,Reactome
R-HSA-72165,mRNA Splicing - Minor Pathway,7/373,50/10039,0.14,3.7679892761394105,3.854277812897715,0.0023243153028771443,0.010149809295575485,0.006659793897697161,YBX1/SF3B6/POLR2H/NCBP2/SF3B5/SF3B2/POLR2F,7,2,Reactome
R-HSA-1295596,Spry regulation of FGF signaling,4/373,16/10039,0.25,6.728552278820375,4.504645541067099,0.0023924293690387043,0.010407067755318362,0.006828593948065936,RPS27A/UBB/UBA52/PPP2R1A,4,2,Reactome
R-HSA-5205647,Mitophagy,6/373,38/10039,0.15789473684210525,4.249611965570763,3.942359331157401,0.0025463741434249305,0.011034287954841364,0.007240144267451404,RPS27A/CSNK2B/VDAC2/MAP1LC3B/UBB/UBA52,6,2,Reactome
R-HSA-6781823,Formation of TC-NER Pre-Incision Complex,7/373,51/10039,0.13725490196078433,3.6941071334700104,3.7889188101218454,0.0026099682270052083,0.011266694903598818,0.007392638007387191,RPS27A/POLR2H/CCNH/UBB/UBA52/POLR2F/RBX1,7,2,Reactome
R-HSA-110313,Translesion synthesis by Y family DNA polymerases bypasses lesions on DNA template,6/373,39/10039,0.15384615384615385,4.1406475561971545,3.8601672538458627,0.0029169857661267193,0.01254414791440806,0.008230838363495445,RPS27A/POLE4/RFC4/UBB/PCNA/UBA52,6,2,Reactome
R-HSA-5620920,Cargo trafficking to the periciliary membrane,8/373,66/10039,0.12121212121212122,3.2623283776098795,3.622174072405307,0.0029416124483103443,0.012602135147874997,0.008268886666901086,CCT4/ARF4/CCT5/TCP1/TUBA1B/TUBA1C/CCT2/CCT8,8,2,Reactome
R-HSA-2454202,Fc epsilon receptor (FCERI) signaling,11/373,113/10039,0.09734513274336283,2.6199672590097034,3.4018326073062486,0.003136868762610594,0.013387919134009742,0.008784478560637412,PSMB2/PSMA5/PSMB4/RPS27A/PSMD2/PSMB1/PSMB5/PSMA3/UBB/UBA52/PSMC4,11,2,Reactome
R-HSA-1852241,Organelle biogenesis and maintenance,20/373,275/10039,0.07272727272727272,1.9573970265659275,3.162271485952453,0.0031842889827841977,0.013539213682439578,0.00888375042684155,ATP5PB/CCT4/ATP5MC3/MTX2/ARF4/CCT5/TCP1/ATP5MG/ATP5F1C/TFAM/TUBA1B/TUBA1C/ATP5F1B/CCT2/IDH2/ATP5PD/PPP2R1A/ATP5PF/CCT8/ATP5PO,20,2,Reactome
R-HSA-68882,Mitotic Anaphase,17/373,219/10039,0.0776255707762557,2.089230844565231,3.2014067831251696,0.0032811610885331286,0.013898850903112242,0.009119726266177235,PSMB2/PSMA5/PSMB4/RPS27A/SUMO1/SEC13/PSMD2/PSMB1/ANAPC16/TUBA1B/TUBA1C/PSMB5/PSMA3/UBB/UBA52/PSMC4/PPP2R1A,17,2,Reactome
R-HSA-69620,Cell Cycle Checkpoints,19/373,257/10039,0.07392996108949416,1.9897664326472706,3.157476082264265,0.003340938188858861,0.01409925780447527,0.00925122318596032,PSMB2/PSMA5/PSMB4/YWHAQ/RPS27A/SEC13/PSMD2/RFC4/PSMB1/CDKN2A/ANAPC16/PSMB5/PSMA3/UBB/BABAM1/UBA52/PSMC4/PPP2R1A/RBX1,19,2,Reactome
R-HSA-2555396,Mitotic Metaphase and Anaphase,17/373,220/10039,0.07727272727272727,2.079734340726298,3.18089432136552,0.003438318405034219,0.014456275524511902,0.009485480240849635,PSMB2/PSMA5/PSMB4/RPS27A/SUMO1/SEC13/PSMD2/PSMB1/ANAPC16/TUBA1B/TUBA1C/PSMB5/PSMA3/UBB/UBA52/PSMC4/PPP2R1A,17,2,Reactome
R-HSA-204005,COPII-mediated vesicle transport,8/373,69/10039,0.11594202898550725,3.1204880133659714,3.471901569940016,0.0038894963705326177,0.016292668129897745,0.010690428620762166,RAB1A/SEC13/TFG/FOLR1/TRAPPC4/TMED2/TMED10/LMAN1,8,2,Reactome
R-HSA-69278,"Cell Cycle, Mitotic",30/373,483/10039,0.062111801242236024,1.6716900071603416,2.972069755787075,0.003931388707444077,0.01640738239158395,0.010765698344331227,PSMB2/PSMA5/PSMB4/CKS1B/RPS27A/RAB1A/POLE4/GORASP2/SUMO1/SEC13/PSMD2/RFC4/CCNH/CSNK2B/PSMB1/MYC/CDKN2A/CCND1/ANAPC16/TUBA1B/TUBA1C/CDK4/PSMB5/PSMA3/UBB/PCNA/UBA52/PSMC4/PPP2R1A/RBX1,30,2,Reactome
R-HSA-199977,ER to Golgi Anterograde Transport,13/373,151/10039,0.08609271523178808,2.317117341050725,3.2034159131046422,0.004064763067047918,0.016901643488349983,0.011090007593919435,RAB1A/SEC13/ARF4/TFG/FOLR1/TRAPPC4/TUBA1B/TUBA1C/TMED2/TMED10/LMAN1/COPE/KDELR1,13,2,Reactome
R-HSA-390466,Chaperonin-mediated protein folding,9/373,85/10039,0.10588235294117647,2.849739788676865,3.3641542415237233,0.004175113447248746,0.01729689856717338,0.011349354078698151,CCT4/CCT5/CSNK2B/TCP1/TUBA1B/TUBA1C/CCT2/PFDN4/CCT8,9,2,Reactome
R-HSA-190236,Signaling by FGFR,9/373,86/10039,0.10465116279069768,2.8166032795062037,3.3234330441619995,0.004514650231903003,0.0186352898258478,0.012227539045300105,RPS27A/POLR2H/NCBP2/FGFBP2/HNRNPA1/UBB/UBA52/PPP2R1A/POLR2F,9,2,Reactome
R-HSA-427413,NoRC negatively regulates rRNA expression,6/373,43/10039,0.13953488372093023,3.755471039341605,3.5568993091134917,0.004812768517245619,0.019793604338199253,0.012987566716394873,POLR2H/CCNH/HDAC2/SAP18/POLR1D/POLR2F,6,2,Reactome
R-HSA-446652,Interleukin-1 family signaling,12/373,137/10039,0.08759124087591241,2.3574489736012993,3.1425120540563682,0.004943045584834407,0.020255741146549686,0.013290797625126837,PSMB2/PSMA5/PSMB4/RPS27A/PSMD2/PSMB1/PSMB5/PSMA3/UBB/UBA52/PSMC4/RBX1,12,2,Reactome
R-HSA-937042,IRAK2 mediated activation of TAK1 complex,3/373,10/10039,0.3,8.07426273458445,4.396499071531051,0.00502456892898653,0.0205154781901941,0.013461223997474838,RPS27A/UBB/UBA52,3,2,Reactome
R-HSA-2122948,Activated NOTCH1 Transmits Signal to the Nucleus,5/373,31/10039,0.16129032258064516,4.3410014702066935,3.6596409749305594,0.005277384065084814,0.02131686206289616,0.013987051751446593,APH1A/RPS27A/UBB/UBA52/PSENEN,5,2,Reactome
R-HSA-5205685,PINK1-PRKN Mediated Mitophagy,5/373,31/10039,0.16129032258064516,4.3410014702066935,3.6596409749305594,0.005277384065084814,0.02131686206289616,0.013987051751446593,RPS27A/VDAC2/MAP1LC3B/UBB/UBA52,5,2,Reactome
R-HSA-9768727,Regulation of CDH1 posttranslational processing and trafficking to plasma membrane,5/373,31/10039,0.16129032258064516,4.3410014702066935,3.6596409749305594,0.005277384065084814,0.02131686206289616,0.013987051751446593,OST4/CSNK2B/TMEM258/SEC11C/RPN2,5,2,Reactome
R-HSA-195721,Signaling by WNT,18/373,250/10039,0.072,1.937823056300268,2.9496899051196235,0.005566804829859386,0.022405894172850414,0.014701619797905475,PSMB2/PSMA5/PSMB4/DPY30/RPS27A/AP2M1/PSMD2/CSNK2B/PSMB1/MYC/PSMB5/PSMA3/PFN1/UBB/UBA52/PSMC4/PPP2R1A/RBX1,18,2,Reactome
R-HSA-5689901,Metalloprotease DUBs,4/373,20/10039,0.2,5.3828418230563,3.854013423229155,0.00566330917810599,0.02271348468240381,0.01490344520554208,RPS27A/UBB/BABAM1/UBA52,4,2,Reactome
R-HSA-6798695,Neutrophil degranulation,28/373,457/10039,0.061269146608315096,1.6490106241310327,2.7895647024734562,0.006325585523507833,0.025279990201722117,0.016587456924206892,CDA/PSMA5/ILF2/LAMTOR2/RAB10/ACTR1B/PTX3/PSMD2/S100P/CSNK2B/EEF1A1/DYNLT1/PSMB1/PRDX4/FABP5/ERP44/CALML5/COMMD3/PSAP/PGAM1/CD63/CCT2/MLEC/GRN/SLPI/GPI/CCT8/CSTB,28,2,Reactome
R-HSA-9014325,"TICAM1,TRAF6-dependent induction of TAK1 complex",3/373,11/10039,0.2727272727272727,7.340238849622227,4.132847830448159,0.006720231080329966,0.026550030558309123,0.017420793469782616,RPS27A/UBB/UBA52,3,2,Reactome
R-HSA-9645460,Alpha-protein kinase 1 signaling pathway,3/373,11/10039,0.2727272727272727,7.340238849622227,4.132847830448159,0.006720231080329966,0.026550030558309123,0.017420793469782616,RPS27A/UBB/UBA52,3,2,Reactome
R-HSA-9828211,"Regulation of TBK1, IKKε-mediated activation of IRF3, IRF7 upon TLR3 ligation",3/373,11/10039,0.2727272727272727,7.340238849622227,4.132847830448159,0.006720231080329966,0.026550030558309123,0.017420793469782616,RPS27A/UBB/UBA52,3,2,Reactome
R-HSA-5250941,Negative epigenetic regulation of rRNA expression,6/373,46/10039,0.13043478260869565,3.5105490150367173,3.352388121172922,0.006737275658916639,0.026550030558309123,0.017420793469782616,POLR2H/CCNH/HDAC2/SAP18/POLR1D/POLR2F,6,2,Reactome
R-HSA-389977,Post-chaperonin tubulin folding pathway,4/373,21/10039,0.19047619047619047,5.126516021958381,3.718410095977859,0.0067941595099414494,0.026681230575499235,0.01750688031618685,TBCA/TUBA1B/TUBA1C/TBCB,4,2,Reactome
R-HSA-9694635,Translation of Structural Proteins,7/373,61/10039,0.11475409836065574,3.0885158001142705,3.2139236025437476,0.007169318511216093,0.028057090782648446,0.018409650520514822,OST4/RPS27A/SUMO1/TMEM258/UBB/RPN2/UBA52,7,2,Reactome
R-HSA-170834,Signaling by TGF-beta Receptor Complex,9/373,93/10039,0.0967741935483871,2.604600882124016,3.0537880382372165,0.007532130475525671,0.02927436277601214,0.019208363122610227,YBX1/PARP1/RPS27A/MYC/BAMBI/UBB/JUNB/UBA52/LTBP4,9,2,Reactome
R-HSA-381119,Unfolded Protein Response (UPR),9/373,93/10039,0.0967741935483871,2.604600882124016,3.0537880382372165,0.007532130475525671,0.02927436277601214,0.019208363122610227,PDIA6/SERP1/DNAJB11/SSR1/EXOSC4/EXOSC3/YIF1A/MYDGF/CALR,9,2,Reactome
R-HSA-9006925,Intracellular signaling by second messengers,20/373,298/10039,0.06711409395973154,1.8063227594148656,2.7756831883166933,0.007715774838795848,0.029885415557116796,0.019609305195930325,PSMB2/PSMA5/LAMTOR5/PSMB4/LAMTOR2/RPS27A/PSMD2/KIT/CSNK2B/HDAC2/PSMB1/MAF1/RRAGA/ERBB3/PSMB5/PSMA3/UBB/UBA52/PSMC4/PPP2R1A,20,2,Reactome
R-HSA-5663202,Diseases of signal transduction by growth factor receptors and second messengers,27/373,444/10039,0.060810810810810814,1.6366748786319834,2.69551234944684,0.00800731567895786,0.030908785095226415,0.02028078876833228,PSMB2/PSMA5/APH1A/PSMB4/ERLEC1/RPS27A/TFG/PSMD2/POLR2H/NCBP2/KIT/HDAC2/PSMB1/HEY1/MYC/RPS6/ERBB3/PSMB5/PSMA3/UBB/JUNB/UBA52/PSENEN/PSMC4/PPP2R1A/POLR2F/RBX1,27,2,Reactome
R-HSA-9833109,Evasion by RSV of host interferon responses,4/373,22/10039,0.18181818181818182,4.893492566414818,3.5911741772750227,0.008064889262439649,0.031025135223874976,0.020357131865449164,RPS27A/UBB/UBA52/RBX1,4,2,Reactome
R-HSA-381038,XBP1(S) activates chaperone genes,6/373,48/10039,0.125,3.3642761394101877,3.2252913710451376,0.008296488284912985,0.031807892373683345,0.020870737701565223,PDIA6/SERP1/DNAJB11/SSR1/YIF1A/MYDGF,6,2,Reactome
R-HSA-209543,p75NTR recruits signalling complexes,3/373,12/10039,0.25,6.728552278820375,3.900359269436767,0.008716239541465703,0.03297012348293548,0.021633335246376763,RPS27A/UBB/UBA52,3,2,Reactome
R-HSA-209560,NF-kB is activated and signals survival,3/373,12/10039,0.25,6.728552278820375,3.900359269436767,0.008716239541465703,0.03297012348293548,0.021633335246376763,RPS27A/UBB/UBA52,3,2,Reactome
R-HSA-3134975,Regulation of innate immune responses to cytosolic DNA,3/373,12/10039,0.25,6.728552278820375,3.900359269436767,0.008716239541465703,0.03297012348293548,0.021633335246376763,RPS27A/UBB/UBA52,3,2,Reactome
R-HSA-3371511,HSF1 activation,3/373,12/10039,0.25,6.728552278820375,3.900359269436767,0.008716239541465703,0.03297012348293548,0.021633335246376763,EEF1A1/HSF1/HSBP1,3,2,Reactome
R-HSA-6804757,Regulation of TP53 Degradation,5/373,35/10039,0.14285714285714285,3.844887016468786,3.3118207286873242,0.00893349994989661,0.03367929481111022,0.022098657770796875,RPS27A/CDKN2A/UBB/UBA52/PPP2R1A,5,2,Reactome
R-HSA-9918481,Dengue Virus-Host Interactions,16/373,225/10039,0.07111111111111111,1.9138993148644623,2.7234612483431486,0.009737142341623095,0.036587069728822995,0.024006593288491977,YBX1/SDC1/SF3B6/POLR2H/NCBP2/SF3B5/DYNLT1/PUF60/SF3B2/RBM17/VIM/PCBP2/HNRNPA1/SRSF9/RPL18/POLR2F,16,2,Reactome
R-HSA-6807878,COPI-mediated anterograde transport,9/373,97/10039,0.09278350515463918,2.497194660180758,2.91059563311039,0.009838552188864196,0.03684570372717022,0.02417629589804551,RAB1A/ARF4/FOLR1/TUBA1B/TUBA1C/TMED2/TMED10/COPE/KDELR1,9,2,Reactome
R-HSA-390471,Association of TriC/CCT with target proteins during biosynthesis,5/373,36/10039,0.1388888888888889,3.738084599344653,3.2328651877925907,0.010065951166765038,0.0374493117421423,0.024572353090614098,CCT4/CCT5/TCP1/CCT2/CCT8,5,2,Reactome
R-HSA-6806003,Regulation of TP53 Expression and Degradation,5/373,36/10039,0.1388888888888889,3.738084599344653,3.2328651877925907,0.010065951166765038,0.0374493117421423,0.024572353090614098,RPS27A/CDKN2A/UBB/UBA52/PPP2R1A,5,2,Reactome
R-HSA-381070,IRE1alpha activates chaperones,6/373,50/10039,0.12,3.2297050938337803,3.1047457251910693,0.010099211921719729,0.037449864535950866,0.024572715806082515,PDIA6/SERP1/DNAJB11/SSR1/YIF1A/MYDGF,6,2,Reactome
R-HSA-73894,DNA Repair,19/373,286/10039,0.06643356643356643,1.7880068992669529,2.6558194095310563,0.010284958200913694,0.03801401217396532,0.0249428810858072,PARP1/RPS27A/POLE4/SUMO1/ACTL6A/POLR2H/RFC4/CCNH/RAD23B/PPP4C/UBB/PCNA/RAD23A/BABAM1/UBA52/TFPT/POLR2F/RBX1/SUMO3,19,2,Reactome
R-HSA-3322077,Glycogen synthesis,3/373,13/10039,0.23076923076923078,6.2109713342957305,3.693015464797409,0.011023065556328098,0.0400626404052776,0.02628708779907925,RPS27A/UBB/UBA52,3,2,Reactome
R-HSA-9013973,TICAM1-dependent activation of IRF3/IRF7,3/373,13/10039,0.23076923076923078,6.2109713342957305,3.693015464797409,0.011023065556328098,0.0400626404052776,0.02628708779907925,RPS27A/UBB/UBA52,3,2,Reactome
R-HSA-9637687,Suppression of phagosomal maturation,3/373,13/10039,0.23076923076923078,6.2109713342957305,3.693015464797409,0.011023065556328098,0.0400626404052776,0.02628708779907925,RPS27A/UBB/UBA52,3,2,Reactome
R-HSA-975110,TRAF6 mediated IRF7 activation in TLR7/8 or 9 signaling,3/373,13/10039,0.23076923076923078,6.2109713342957305,3.693015464797409,0.011023065556328098,0.0400626404052776,0.02628708779907925,RPS27A/UBB/UBA52,3,2,Reactome
R-HSA-110373,Resolution of AP sites via the multiple-nucleotide patch replacement pathway,4/373,24/10039,0.16666666666666666,4.485701519213583,3.3583422712224658,0.011051762870421407,0.0400626404052776,0.02628708779907925,PARP1/POLE4/RFC4/PCNA,4,2,Reactome
R-HSA-174048,APC/C:Cdc20 mediated degradation of Cyclin B,4/373,24/10039,0.16666666666666666,4.485701519213583,3.3583422712224658,0.011051762870421407,0.0400626404052776,0.02628708779907925,RPS27A/ANAPC16/UBB/UBA52,4,2,Reactome
R-HSA-8951664,Neddylation,16/373,229/10039,0.06986899563318777,1.8804687591463056,2.647596538200997,0.01140563037965141,0.041213316164171704,0.02704210330470571,PSMB2/PSMA5/PSMB4/RPS27A/PSMD2/PSMB1/DCUN1D5/COMMD3/COMMD6/UCHL3/PSMB5/PSMA3/UBB/UBA52/PSMC4/RBX1,16,2,Reactome
R-HSA-2559582,Senescence-Associated Secretory Phenotype (SASP),6/373,52/10039,0.11538461538461539,3.1054856671478652,2.990136761993489,0.012164203746686064,0.04381437718949662,0.02874878860681755,RPS27A/CDKN2A/ANAPC16/CDK4/UBB/UBA52,6,2,Reactome
R-HSA-9609507,Protein localization,12/373,155/10039,0.07741935483870968,2.083680705699213,2.6708865308378344,0.012756814670711885,0.04561149185987199,0.029927964783107403,RPS27A/MTX2/SERP1/DNAJC19/CHCHD2/CYC1/SEC61B/ATP5F1B/UBB/CYB5A/UBA52/ECH1,12,2,Reactome
R-HSA-901042,Calnexin/calreticulin cycle,4/373,25/10039,0.16,4.30627345844504,3.2513191181364722,0.012779612536187219,0.04561149185987199,0.029927964783107403,RPS27A/UBB/CALR/UBA52,4,2,Reactome
R-HSA-174824,"Plasma lipoprotein assembly, remodeling, and clearance",7/373,68/10039,0.10294117647058823,2.7705803501025072,2.8777651869215894,0.012784122828982688,0.04561149185987199,0.029927964783107403,RPS27A/AP2M1/UBB/PLTP/UBA52/LSR/NR1H2,7,2,Reactome
R-HSA-162594,Early Phase of HIV Life Cycle,3/373,14/10039,0.21428571428571427,5.767330524703179,3.5063212721819252,0.013648704857723116,0.04764409010520014,0.031261653426558796,CXCR4/HMGA1/PSIP1,3,2,Reactome
R-HSA-174490,Membrane binding and targetting of GAG proteins,3/373,14/10039,0.21428571428571427,5.767330524703179,3.5063212721819252,0.013648704857723116,0.04764409010520014,0.031261653426558796,RPS27A/UBB/UBA52,3,2,Reactome
R-HSA-174495,"Synthesis And Processing Of GAG, GAGPOL Polyproteins",3/373,14/10039,0.21428571428571427,5.767330524703179,3.5063212721819252,0.013648704857723116,0.04764409010520014,0.031261653426558796,RPS27A/UBB/UBA52,3,2,Reactome
R-HSA-3229121,Glycogen storage diseases,3/373,14/10039,0.21428571428571427,5.767330524703179,3.5063212721819252,0.013648704857723116,0.04764409010520014,0.031261653426558796,RPS27A/UBB/UBA52,3,2,Reactome
R-HSA-937039,IRAK1 recruits IKK complex,3/373,14/10039,0.21428571428571427,5.767330524703179,3.5063212721819252,0.013648704857723116,0.04764409010520014,0.031261653426558796,RPS27A/UBB/UBA52,3,2,Reactome
R-HSA-975144,IRAK1 recruits IKK complex upon TLR7/8 or 9 stimulation,3/373,14/10039,0.21428571428571427,5.767330524703179,3.5063212721819252,0.013648704857723116,0.04764409010520014,0.031261653426558796,RPS27A/UBB/UBA52,3,2,Reactome
R-HSA-9956593,Enterobacterial factors antagonize host defense,3/373,14/10039,0.21428571428571427,5.767330524703179,3.5063212721819252,0.013648704857723116,0.04764409010520014,0.031261653426558796,RPS27A/UBB/UBA52,3,2,Reactome
