"Gene","Cluster","Silhouette_Width"
"CD74",1,0.653190120848313
"HLA-DRA",1,0.651256783765799
"MTRNR2L12",1,0.642898769446255
"IGHA1",1,0.637632003776818
"IGLC2",1,0.635964274808985
"MTRNR2L8",1,0.633264530556644
"MT-ND4L",1,0.628094383479836
"TPM1",1,0.625417190964487
"LTF",1,0.62051423717551
"CLU",1,0.619421865944888
"CEBPD",1,0.617741994732004
"IFI16",1,0.611290231491519
"PSMB9",1,0.609763652129933
"HLA-DPA1",1,0.603987622673488
"MT-ND3",1,0.601023463293339
"IGLC3",1,0.60068151134533
"HLA-DRB1",1,0.600428385570245
"IGHG1",1,0.597900720651608
"NNMT",1,0.595153859937464
"BIRC3",1,0.587983554913135
"MT2A",1,0.584747817748963
"HLA-A",1,0.578284836426718
"MT-ND5",1,0.572943865582214
"LGALS3BP",1,0.569297266341335
"IGKC",1,0.568950390446226
"TIMP1",1,0.563761472164139
"TAGLN",1,0.562997981058334
"MT-ATP6",1,0.561897773189233
"B2M",1,0.557801211711697
"SAA1",1,0.556435304731559
"A2M",1,0.541520550504504
"MT-CO2",1,0.535318532271122
"IL32",1,0.531385401858568
"PMP22",1,0.523006868220746
"HLA-DQA1",1,0.517648489043684
"ACTA2",1,0.503284602875445
"UBC",1,0.50015846373827
"SMIM22",1,0.475077352703708
"MT-CYB",1,0.452402494838143
"MT-CO3",1,0.424659788433919
"PLAT",1,0.418188740365785
"RPL36",1,0.414456370543364
"ACTB",1,0.403621160993099
"MT-ND4",1,0.394430447720393
"RPS28",1,0.388858990109589
"MT-CO1",1,0.382269733415993
"RPL34",1,0.376790627578965
"TMSB10",1,0.351257993843283
"RPL37",1,0.311471803166893
"RPS15",1,0.306102924023014
"RPS27",1,0.265206597693842
"MT-ND1",1,0.231291534062844
"ACTG1",1,0.182835653296657
"ATP5PO",2,0.732703550763307
"MMADHC",2,0.730679024582868
"TMEM167A",2,0.726750325580482
"PIGP",2,0.725759755157842
"SOD1",2,0.725374761923121
"ETFB",2,0.724517490732241
"ATP5F1C",2,0.724168867525541
"TMEM147",2,0.724118242632995
"TRIR",2,0.723704870756369
"ERH",2,0.723478324369629
"BABAM1",2,0.722766434456141
"NDUFB5",2,0.722567528873049
"RAD23A",2,0.722281804497367
"SLC9A3R1",2,0.722124607869608
"PRDX2",2,0.72119222674023
"HINT2",2,0.720821735519807
"RAB10",2,0.720801223739848
"EIF3H",2,0.720756648078994
"VDAC2",2,0.720741041012959
"ARL6IP6",2,0.720515351198644
"LSR",2,0.719829291397525
"KDELR1",2,0.719372407906079
"OCIAD2",2,0.719312556052407
"PYM1",2,0.718751850567248
"CBR3",2,0.718712847337462
"ACP1",2,0.718687319413555
"SRP19",2,0.718173772114719
"PDCD6",2,0.717846604387382
"REXO2",2,0.717763016291053
"NUDT5",2,0.717571420141423
"MRPL36",2,0.717531670802776
"TRAPPC4",2,0.717496843695598
"MTCH1",2,0.716555771977368
"PSMA5",2,0.71640097684527
"ABRACL",2,0.715540846262631
"MRPS6",2,0.714650924301957
"COPE",2,0.713775216848439
"SEC61B",2,0.713774205372867
"SDHC",2,0.713620735287137
"ATP5PB",2,0.713565670302222
"TMEM14A",2,0.713507343315238
"DNAJC19",2,0.713468403691575
"EPCAM",2,0.713326307071804
"GRHPR",2,0.712693369991778
"PSMD4",2,0.712453470392347
"AP2M1",2,0.711438100091041
"SSB",2,0.71085988933295
"CYC1",2,0.710736713785972
"GHITM",2,0.710085178948461
"EXOSC4",2,0.709921247251659
"SRP72",2,0.709505272851862
"TBCB",2,0.709129212044294
"PSMC4",2,0.709031381477844
"NDUFA8",2,0.708573945627186
"DYNLT1",2,0.708354042054992
"PPA1",2,0.708136240344961
"CBR1",2,0.707741376081089
"PIH1D1",2,0.707477259201228
"COMT",2,0.707324765546156
"KRT19",2,0.70728643874226
"ATP5PF",2,0.706628107547144
"EIF2D",2,0.706362550107495
"VPS72",2,0.705576504062235
"ELOF1",2,0.705409217534378
"CBX5",2,0.705377747571669
"ATP5F1B",2,0.705218139763356
"TCTEX1D2",2,0.704916454758618
"STMP1",2,0.70488251155243
"NDUFB3",2,0.704841556208191
"TFG",2,0.704408731474618
"SDHB",2,0.702935662018466
"PSMB5",2,0.702905088068556
"ATG101",2,0.702643883692769
"MRPS16",2,0.702273631129638
"TSFM",2,0.701846913590124
"PFDN4",2,0.701629261068141
"PSMB1",2,0.701459336628738
"MRPL9",2,0.700864212875266
"KIN",2,0.700572439685275
"CDC123",2,0.700539016645491
"SF3B6",2,0.700180991924983
"EBPL",2,0.700163956954407
"GADD45GIP1",2,0.700132055525041
"HDAC2",2,0.699949532183835
"TECR",2,0.699607238003048
"STX10",2,0.699470773819987
"MTX2",2,0.699140934322188
"HSPB11",2,0.699106250610398
"CDK4",2,0.699067022830909
"SMAGP",2,0.698929585033345
"CUTA",2,0.698903583579536
"C19orf53",2,0.698580633792173
"CCT4",2,0.698381928129857
"SLC25A5",2,0.697987889740245
"C1orf43",2,0.697860767829986
"GPAA1",2,0.697668092701541
"MRPS14",2,0.697652760578971
"PSMB2",2,0.697115506861742
"RAD23B",2,0.696263946508118
"SHKBP1",2,0.696071623680678
"DNAJB11",2,0.695985601600143
"ANP32B",2,0.695961858542626
"IDH2",2,0.695858818287572
"PARL",2,0.695385173710032
"HMGA1",2,0.695370196922125
"MAF1",2,0.695362535011257
"SEC13",2,0.695251554387805
"TCP1",2,0.69502100666348
"CCT8",2,0.694658617958225
"NCBP2-AS2",2,0.694545564860616
"TMEM14B",2,0.694329388699394
"HSF1",2,0.693490271734087
"PSIP1",2,0.693436251855329
"POLR2H",2,0.693360003019845
"HMGN1",2,0.693066369484072
"BRK1",2,0.692850913060548
"TSEN34",2,0.69274896957036
"YEATS4",2,0.692701894608423
"FIBP",2,0.692404300094672
"PAK4",2,0.692029939537663
"MAP3K13",2,0.691956612203714
"ISOC2",2,0.691546812803394
"EXOSC3",2,0.691309446578665
"ADI1",2,0.691177010777905
"ATRAID",2,0.691165083521414
"MRPL58",2,0.690977870417284
"PPIC",2,0.690559814888334
"OST4",2,0.689702049634953
"NDUFB7",2,0.6895538931235
"NOP10",2,0.689544283776438
"ILF2",2,0.689420655869957
"PSMB4",2,0.688860764415843
"PSMA3",2,0.688641813632585
"UROD",2,0.688510743349012
"RER1",2,0.688473590948547
"TSTA3",2,0.688365377781578
"CCT2",2,0.687473402111582
"NDUFB9",2,0.687041708995353
"AHSA1",2,0.687026241673721
"UQCRFS1",2,0.686945459633437
"CSNK2B",2,0.686831107010606
"LSM10",2,0.685909272831582
"SSR3",2,0.685648223424509
"DPY30",2,0.685578150439326
"FKBP8",2,0.685531645640735
"ALDH16A1",2,0.684813368998446
"RPL22L1",2,0.684631392084074
"COMMD3",2,0.684480352711463
"PLLP",2,0.684458556804169
"CFAP298",2,0.684359812729384
"SF3B5",2,0.684255490796421
"YBEY",2,0.682929631734393
"MRPL39",2,0.682905935039709
"PCMT1",2,0.682904971873039
"PPP2R1A",2,0.682247909839199
"HADHB",2,0.682212360628902
"MED10",2,0.682096968554463
"CFL1",2,0.681964265986137
"MRPS33",2,0.681905852914083
"RPN2",2,0.681850261160471
"DPM1",2,0.681744311086538
"ATP5MC3",2,0.681164988415725
"EMP2",2,0.681046126267442
"DHPS",2,0.680977138352753
"LAGE3",2,0.680962279386577
"ARL1",2,0.680701479394489
"SERP1",2,0.680660386976166
"UTP11",2,0.680413472583622
"SLPI",2,0.680067455338356
"NDUFS2",2,0.680031439404581
"CHCHD1",2,0.679883593276264
"SSR2",2,0.679525329995847
"UCHL3",2,0.679443106100249
"DGUOK",2,0.679412015383929
"LAMTOR2",2,0.679262090349024
"ASNA1",2,0.679056764475511
"MPZL2",2,0.678793428547349
"RBM17",2,0.678712889088142
"EIF4G1",2,0.678272849770983
"SFT2D1",2,0.678082495066888
"FBL",2,0.677736720717442
"CISD1",2,0.677693722290854
"MARCKSL1",2,0.677634413110719
"SPATC1L",2,0.67749110001458
"PTRHD1",2,0.677463266475627
"MRPS12",2,0.677244314385988
"DBI",2,0.677075811071647
"ACTL6A",2,0.67702770252633
"GMPS",2,0.676955745891254
"SUMO1",2,0.67679914936188
"MDH1",2,0.676787718973695
"MAGOH",2,0.676585481174411
"WRB",2,0.676128476752166
"RAB5IF",2,0.675953167417018
"EFNA4",2,0.675951752718625
"CLIC1",2,0.675487795378979
"RAB1A",2,0.675044266087904
"SYNCRIP",2,0.674502740377098
"FKBP10",2,0.674028957395487
"MRPL34",2,0.673607951308774
"TMEM134",2,0.673559794975203
"COX14",2,0.673257690507107
"MEAF6",2,0.672981629984403
"BASP1",2,0.67264928147317
"ATP5PD",2,0.67247631938575
"YWHAQ",2,0.672066638391667
"FXYD6",2,0.671987836507416
"PSMD2",2,0.671784731818816
"TFAM",2,0.671782832774167
"LINC00623",2,0.671475386400543
"ERP44",2,0.671404296939115
"MRPL3",2,0.671390258830102
"CSRP2",2,0.671380377609281
"DESI2",2,0.671268466820764
"LAMTOR5",2,0.670818889195093
"PPP4C",2,0.670661861174343
"PSENEN",2,0.670078634061277
"TSPO",2,0.669828841749909
"FARSA",2,0.669479396891456
"MRPS15",2,0.668548070435102
"PFN1",2,0.668439401346737
"PCBD1",2,0.668257880504188
"PHGDH",2,0.667641274036437
"DDAH2",2,0.667547605931314
"CRIPT",2,0.667018490476099
"SPATS2",2,0.66648724364142
"SELENOF",2,0.666465297211317
"EBLN3P",2,0.66601369191228
"ATP6V1G1",2,0.665938850879677
"MGST3",2,0.665631856821474
"SDC1",2,0.665529963754534
"SUMO3",2,0.665441178208192
"ERG28",2,0.66530968782017
"MRPL14",2,0.665241804241729
"ACTR1B",2,0.665239064976012
"LSM4",2,0.665041226503161
"MAGEF1",2,0.665026943217906
"SAP18",2,0.664832768338693
"PRPF31",2,0.664310402964899
"APH1A",2,0.663856407955062
"C6orf48",2,0.663292221721167
"GNL2",2,0.663208968196716
"SPINT2",2,0.661822923006901
"NQO1",2,0.66135938846373
"FAM178B",2,0.660387341196386
"DNASE2",2,0.660344070286595
"ODC1",2,0.660180609462405
"LAPTM4A",2,0.659860489324462
"SRSF9",2,0.659670982278806
"MDFI",2,0.658717026415065
"PERP",2,0.658645333421297
"KRT8",2,0.65836658493037
"SLC3A2",2,0.658307493387691
"PDIA6",2,0.658273963034798
"TBCA",2,0.65778357870512
"TTYH1",2,0.657644238189721
"CRABP2",2,0.657286202772105
"WDR83OS",2,0.657264774822604
"PUF60",2,0.656854313463752
"RFXANK",2,0.656631602851006
"FADS2",2,0.655569514660183
"OAT",2,0.655469209512698
"ARPC3",2,0.654103805666861
"PCNA",2,0.652858042778933
"MLF2",2,0.652453392616157
"CRABP1",2,0.652402448986725
"FDPS",2,0.65216691578625
"SIX1",2,0.652022654268934
"LMO4",2,0.651946259515675
"PGAM1",2,0.651927246371988
"GORASP2",2,0.651648081685277
"NR1H2",2,0.651569481734857
"EI24",2,0.65130839979471
"PRPF40A",2,0.650987738931001
"MORF4L2",2,0.650754928509441
"TUBA1B",2,0.650720609658288
"ECH1",2,0.650487552077802
"RBM42",2,0.649742142558803
"TMEM123",2,0.649675712351816
"LARP6",2,0.649335958005863
"MRPL47",2,0.649237489659382
"TEAD2",2,0.649098928950967
"PRDX1",2,0.649036415709463
"RASIP1",2,0.648937847636884
"NAP1L1",2,0.648800431730163
"CDKN2A",2,0.648710471247073
"PARP1",2,0.648418271771814
"TMEM14C",2,0.648036119118277
"SH3BGR",2,0.647770530961929
"CD63",2,0.645929605634323
"MALL",2,0.645762121119431
"TMEM205",2,0.645153566509396
"ERGIC3",2,0.644927208311185
"THYN1",2,0.64489455029887
"CNPY2",2,0.643914760131744
"TFPT",2,0.64377303511573
"SSR1",2,0.643207020621885
"ATP5MG",2,0.643061104403781
"HNRNPH3",2,0.642703414810479
"LMCD1",2,0.64215283934694
"CD9",2,0.642095253237715
"SMCO4",2,0.641399848769903
"RPS7",2,0.640676342181506
"DDX39A",2,0.640573693947734
"CCNH",2,0.640216688948871
"HAT1",2,0.640123712033826
"CCND1",2,0.639712434701279
"KRT6B",2,0.639710744951478
"COX4I1",2,0.639355454311719
"YIPF3",2,0.638988019731813
"TTC3",2,0.638684105503581
"FABP5",2,0.637999915771281
"MBOAT7",2,0.636824305829379
"MDK",2,0.636397830367331
"NOTCH3",2,0.63587753242874
"UBXN4",2,0.63511944266506
"PRDX4",2,0.634842052444352
"DNAJC9",2,0.634693804555775
"NIPSNAP3A",2,0.634521225008268
"UQCRH",2,0.634234258632747
"SLIRP",2,0.633602266648526
"EIF3D",2,0.633025148038949
"MAP1LC3B",2,0.632646993740841
"C1orf122",2,0.631658910996932
"MYO10",2,0.631438402304438
"POLR1D",2,0.631128905156956
"SEC63",2,0.630806615658278
"SF3B2",2,0.630131992341398
"YIF1A",2,0.62940453553265
"CCT5",2,0.628990028647834
"RTRAF",2,0.628979247764037
"RPL39L",2,0.628836879375329
"GTPBP4",2,0.627512462109286
"CHCHD2",2,0.627175004253031
"NPW",2,0.626944746664497
"KIT",2,0.626885358591674
"GRN",2,0.626143285441157
"DCUN1D5",2,0.625953364075001
"LMAN1",2,0.625576467690642
"UBB",2,0.624475529693352
"ASPG",2,0.623817492678889
"CSTB",2,0.622861898213108
"MSRB2",2,0.622117462850141
"SEC11C",2,0.621300734417604
"HEXIM1",2,0.621198043880044
"HIGD2A",2,0.621080995370207
"LURAP1L",2,0.620126448209222
"ARF4",2,0.619978711124733
"TRMT10C",2,0.619874334891221
"H3F3A",2,0.619701251425331
"PSMG1",2,0.619647384394621
"RPS25",2,0.619334014676012
"CLDN7",2,0.619103818931392
"CYB5A",2,0.618543907195927
"S100A1",2,0.618233300094893
"FAM84A",2,0.617837709866457
"RFC4",2,0.61741517828726
"CALR",2,0.617248377661968
"TUBA1C",2,0.617244897624977
"PAM",2,0.617164516498096
"VIM",2,0.615460453879931
"FXYD3",2,0.614660227642092
"CCSER2",2,0.613509546517085
"FAM213A",2,0.613507292700879
"KRT16",2,0.61213671888035
"TMEM258",2,0.611495089211954
"S100P",2,0.610963220333908
"RPL35A",2,0.610817365619337
"YBX1",2,0.610813770681023
"AP3S1",2,0.610518048662052
"SH3YL1",2,0.610206600532193
"RPS16",2,0.609771237701297
"MFSD1",2,0.609410316477877
"POLR2F",2,0.609342939446241
"TMEM213",2,0.609318011220502
"ANKRD35",2,0.609156912016813
"UNC50",2,0.608437580249015
"PCBP2",2,0.608150813572609
"HSBP1",2,0.608090463189509
"MYDGF",2,0.608077918154808
"FAM162A",2,0.607699771516044
"MYC",2,0.607039243991164
"NACA",2,0.606435398696951
"IGFBP5",2,0.606187580078864
"APLP2",2,0.605798625946684
"RBX1",2,0.604657599594532
"SMIM7",2,0.604210103654384
"FYTTD1",2,0.603701979800121
"VCAN",2,0.602516239442491
"TMED10",2,0.602057750708354
"HEY1",2,0.601638567541382
"RPL23A",2,0.601158083928384
"CKS1B",2,0.60073568942843
"COMMD6",2,0.598642951322056
"HNRNPA1",2,0.597183370980212
"RPS5",2,0.596882164080759
"RPL8",2,0.596185473742224
"MLEC",2,0.595486179207629
"GCHFR",2,0.594897713001462
"EWSR1",2,0.594416684141207
"TMED2",2,0.594061084255157
"KANK2",2,0.594002118220169
"EIF3L",2,0.593042964686257
"AQP3",2,0.592827769719338
"TM9SF2",2,0.591423254378693
"ERLEC1",2,0.590596609006904
"ARL6IP5",2,0.589906699516274
"CAPG",2,0.587762214706077
"C19orf48",2,0.586841201791565
"GPI",2,0.586798027896628
"CALML5",2,0.585127715531442
"RPL31",2,0.584513697980528
"PEPD",2,0.583206309336323
"CACNA1A",2,0.581671977751211
"COX5B",2,0.580925547421055
"NDUFA4L2",2,0.580107643004666
"THUMPD3-AS1",2,0.57938115622299
"EIF4A2",2,0.57898440630068
"ANAPC16",2,0.577511059516202
"KRT14",2,0.576538561122636
"BAMBI",2,0.575493878773479
"RPS10",2,0.575429646246461
"PPP1R16A",2,0.574992641491063
"CXADR",2,0.574834243887066
"RHOBTB3",2,0.57461628437526
"RRAGA",2,0.574492712150522
"RPL24",2,0.572851254686303
"RPS23",2,0.571594126719672
"TMEM45A",2,0.56880141160598
"RPL13A",2,0.568711167930652
"IGFBP3",2,0.568636237929942
"RPL27",2,0.568543188955581
"LAPTM4B",2,0.568359668215785
"KRT5",2,0.568181812338459
"RPL7",2,0.566355321428757
"SERTAD4",2,0.566319471778973
"DDIT4",2,0.56484862582153
"NFIX",2,0.559110274294432
"GMPR",2,0.555170493209659
"TET1",2,0.554334713048124
"YIPF2",2,0.551373457372621
"EEF1B2",2,0.549154323962774
"FAM3B",2,0.547310754491442
"TMEM59",2,0.545526518249527
"REEP5",2,0.544586839007902
"HSPA14.1",2,0.54135300763605
"SELENBP1",2,0.540156413245194
"TNNT1",2,0.537682048399203
"EEF1A1",2,0.535888033213708
"RPL18A",2,0.531781956673865
"COL8A1",2,0.531410156024342
"RPS18",2,0.528900093247086
"GAPDH",2,0.52889822775668
"RBP4",2,0.526272808985622
"NUCB2",2,0.524492803606555
"LGALS1",2,0.522594142288808
"RPS6",2,0.521741602561806
"RABAC1",2,0.518492763761575
"RPL28",2,0.517901553671948
"PSAP",2,0.517481553046537
"SERTAD4-AS1",2,0.516477097781873
"PTX3",2,0.515829830685926
"RPL5",2,0.514432671715789
"NECTIN4",2,0.511846182677673
"NEBL",2,0.511064469420466
"POLE4",2,0.507033122088654
"CHST9",2,0.506018070984936
"RPLP2",2,0.504023099522518
"CLEC7A",2,0.501393207114268
"CADM1",2,0.49904600745868
"DLX5",2,0.495385311151153
"RPS26",2,0.493036931142272
"CXCR4",2,0.492745944494868
"PLTP",2,0.49229350264274
"RPS11",2,0.488982750407129
"MAL",2,0.488663754345297
"RPL18",2,0.487882659813149
"MXRA8",2,0.48511025539252
"FOLR1",2,0.482120500707854
"CXCL14",2,0.478566681143873
"PPP1R1B",2,0.474560098853377
"RPL32",2,0.474409618648605
"RPL7A",2,0.470655177283148
"UBA52",2,0.461949742460413
"CDA",2,0.454162817173239
"FGFBP2",2,0.453696013043839
"RPS27A",2,0.452851374326522
"GJA1",2,0.449613029978647
"HOOK2",2,0.446940484886902
"GPX3",2,0.444653493709698
"HSD17B1",2,0.443738655458999
"CALML3",2,0.442669312042116
"ERBB3",2,0.434692389729273
"ID1",2,0.425619729395487
"NCBP2",2,0.419256026489435
"JUNB",2,0.418838390456702
"ALDH1A1",2,0.418812834387784
"AC020916.1",2,0.417524552442092
"CHST1",2,0.411873397024837
"RPL21",2,0.411772360583667
"RPL41",2,0.410974454209651
"RPS24",2,0.410434141446751
"RPS9",2,0.406629763051108
"P4HA1",2,0.405398525688596
"RPL6",2,0.400243126617039
"LTBP4",2,0.397743604897779
"AL139393.2",2,0.39221306091508
"RPL10A",2,0.378891367865156
"DLX1",2,0.377967221642803
"CA2",2,0.374358179075166
"TF",2,0.36328861171229
"AC011503.1",2,0.35510631185442
"RPL10",2,0.346716337353875
"KIAA1324",2,0.344396720231989
"SCRG1",2,0.338092305655146
"CTHRC1",2,0.288010211104563
