"Temporal_Cluster","Gene"
"1","CD74"
"1","MTRNR2L8"
"1","HLA-DRA"
"1","TPM1"
"1","MTRNR2L12"
"1","IGHA1"
"1","CLU"
"1","IGLC2"
"1","LTF"
"1","MT-ND4L"
"1","CEBPD"
"1","PSMB9"
"1","IFI16"
"1","MT2A"
"1","HLA-A"
"1","B2M"
"1","HLA-DPA1"
"1","NNMT"
"1","HLA-DRB1"
"1","IGLC3"
"1","BIRC3"
"1","MT-ND3"
"1","IGHG1"
"1","UBC"
"1","LGALS3BP"
"1","TIMP1"
"1","MT-ND5"
"1","MT-ATP6"
"1","SAA1"
"1","IGKC"
"1","TAGLN"
"1","A2M"
"1","PMP22"
"1","IL32"
"1","MT-CO2"
"1","HLA-DQA1"
"1","RPL36"
"1","ACTA2"
"1","RPS28"
"1","ACTB"
"1","SMIM22"
"1","RPL34"
"1","MT-CYB"
"1","MT-CO3"
"1","PLAT"
"1","RPL37"
"1","RPS15"
"1","TMSB10"
"1","MT-ND4"
"1","MT-CO1"
"1","RPS27"
"1","ACTG1"
"1","MT-ND1"
"2","MMADHC"
"2","PRDX2"
"2","ATP5PO"
"2","TMEM147"
"2","PYM1"
"2","PIGP"
"2","KDELR1"
"2","VDAC2"
"2","TMEM167A"
"2","ERH"
"2","PSMD4"
"2","LSR"
"2","ETFB"
"2","TRIR"
"2","MTCH1"
"2","GHITM"
"2","ARL6IP6"
"2","SRP19"
"2","SOD1"
"2","HINT2"
"2","EIF3H"
"2","EXOSC4"
"2","BABAM1"
"2","SRP72"
"2","ATP5F1C"
"2","CBR3"
"2","TMEM14A"
"2","PDCD6"
"2","RAD23A"
"2","MRPL36"
"2","COPE"
"2","GRHPR"
"2","TBCB"
"2","OCIAD2"
"2","REXO2"
"2","PSMA5"
"2","ATG101"
"2","SLC9A3R1"
"2","EBPL"
"2","MRPS6"
"2","RAB10"
"2","ACP1"
"2","NDUFB5"
"2","TRAPPC4"
"2","PPA1"
"2","MRPS16"
"2","PSMB5"
"2","ATP5PF"
"2","SEC61B"
"2","NDUFA8"
"2","KRT19"
"2","ATP5PB"
"2","STMP1"
"2","DNAJC19"
"2","SDHB"
"2","C19orf53"
"2","MTX2"
"2","HSF1"
"2","CBR1"
"2","C1orf43"
"2","EPCAM"
"2","EIF2D"
"2","ELOF1"
"2","SSB"
"2","AP2M1"
"2","NUDT5"
"2","FKBP8"
"2","RAD23B"
"2","ABRACL"
"2","GADD45GIP1"
"2","MAF1"
"2","SDHC"
"2","GPAA1"
"2","TSFM"
"2","SSR3"
"2","FIBP"
"2","NDUFB3"
"2","COMT"
"2","KIN"
"2","PSMC4"
"2","ATRAID"
"2","DNAJB11"
"2","TECR"
"2","DYNLT1"
"2","CUTA"
"2","PFDN4"
"2","HSPB11"
"2","CBX5"
"2","PSMB1"
"2","RER1"
"2","CSNK2B"
"2","MRPS14"
"2","MRPS33"
"2","PPIC"
"2","MAP3K13"
"2","NOP10"
"2","RPN2"
"2","HADHB"
"2","YEATS4"
"2","PARL"
"2","PIH1D1"
"2","NDUFB7"
"2","TFG"
"2","SFT2D1"
"2","CCT4"
"2","SF3B5"
"2","ANP32B"
"2","TMEM14B"
"2","OST4"
"2","TMEM134"
"2","CYC1"
"2","ASNA1"
"2","ADI1"
"2","TSTA3"
"2","VPS72"
"2","PSMA3"
"2","CCT2"
"2","TCP1"
"2","HMGA1"
"2","MRPL9"
"2","IDH2"
"2","HDAC2"
"2","ATP5F1B"
"2","UQCRFS1"
"2","LSM10"
"2","ILF2"
"2","CDC123"
"2","AHSA1"
"2","SSR2"
"2","STX10"
"2","PTRHD1"
"2","COMMD3"
"2","HMGN1"
"2","RPL22L1"
"2","NDUFB9"
"2","ERP44"
"2","BRK1"
"2","RAB1A"
"2","SMAGP"
"2","DPY30"
"2","CFAP298"
"2","PCMT1"
"2","PSMB2"
"2","TCTEX1D2"
"2","SLC25A5"
"2","CRIPT"
"2","SELENOF"
"2","TSPO"
"2","MRPL34"
"2","DGUOK"
"2","SEC13"
"2","SHKBP1"
"2","EXOSC3"
"2","UROD"
"2","PSIP1"
"2","ARL1"
"2","SF3B6"
"2","CDK4"
"2","NDUFS2"
"2","PSMB4"
"2","ALDH16A1"
"2","PLLP"
"2","ATP6V1G1"
"2","YBEY"
"2","COX14"
"2","CLIC1"
"2","LAMTOR5"
"2","UCHL3"
"2","MPZL2"
"2","MGST3"
"2","ACTR1B"
"2","FBL"
"2","PAK4"
"2","SYNCRIP"
"2","DDAH2"
"2","PCBD1"
"2","PUF60"
"2","CHCHD1"
"2","FKBP10"
"2","MRPL3"
"2","ATP5MC3"
"2","CFL1"
"2","SAP18"
"2","MEAF6"
"2","MRPL58"
"2","OAT"
"2","CCT8"
"2","MAGEF1"
"2","EFNA4"
"2","MED10"
"2","FARSA"
"2","SPINT2"
"2","PSENEN"
"2","ISOC2"
"2","LINC00623"
"2","FXYD6"
"2","NCBP2-AS2"
"2","MRPL14"
"2","SERP1"
"2","SRSF9"
"2","SLC3A2"
"2","PPP2R1A"
"2","CISD1"
"2","EI24"
"2","MLF2"
"2","ARPC3"
"2","LAMTOR2"
"2","MARCKSL1"
"2","EIF4G1"
"2","TSEN34"
"2","TFAM"
"2","ERG28"
"2","DHPS"
"2","WRB"
"2","SUMO1"
"2","ECH1"
"2","TMEM14C"
"2","MRPL39"
"2","POLR2H"
"2","NQO1"
"2","CSRP2"
"2","CD63"
"2","YWHAQ"
"2","SLPI"
"2","BASP1"
"2","APH1A"
"2","PFN1"
"2","WDR83OS"
"2","EBLN3P"
"2","LSM4"
"2","EMP2"
"2","SPATC1L"
"2","DBI"
"2","MDH1"
"2","HAT1"
"2","MAGOH"
"2","SPATS2"
"2","MRPS12"
"2","THYN1"
"2","RBM17"
"2","TBCA"
"2","SDC1"
"2","DESI2"
"2","PDIA6"
"2","DPM1"
"2","UBXN4"
"2","GORASP2"
"2","RAB5IF"
"2","TEAD2"
"2","LAGE3"
"2","C6orf48"
"2","PPP4C"
"2","PGAM1"
"2","UTP11"
"2","LARP6"
"2","MDFI"
"2","ERGIC3"
"2","YIPF3"
"2","CD9"
"2","RTRAF"
"2","ATP5PD"
"2","DNASE2"
"2","COX4I1"
"2","LAPTM4A"
"2","EIF3D"
"2","RFXANK"
"2","GNL2"
"2","NAP1L1"
"2","PSMD2"
"2","SUMO3"
"2","ACTL6A"
"2","GMPS"
"2","KRT8"
"2","MRPS15"
"2","PRDX4"
"2","PHGDH"
"2","MORF4L2"
"2","ATP5MG"
"2","CRABP1"
"2","LMCD1"
"2","SSR1"
"2","MAP1LC3B"
"2","ODC1"
"2","C1orf122"
"2","LMO4"
"2","PARP1"
"2","HNRNPH3"
"2","TMEM123"
"2","TMEM205"
"2","FAM178B"
"2","PRPF31"
"2","PERP"
"2","TMEM258"
"2","FADS2"
"2","NR1H2"
"2","MSRB2"
"2","SH3BGR"
"2","ARF4"
"2","YIF1A"
"2","UBB"
"2","GRN"
"2","FDPS"
"2","SLIRP"
"2","PCNA"
"2","CHCHD2"
"2","CALR"
"2","MDK"
"2","POLR1D"
"2","SF3B2"
"2","SIX1"
"2","CCNH"
"2","UNC50"
"2","RASIP1"
"2","SMCO4"
"2","MYDGF"
"2","KIT"
"2","PRDX1"
"2","HSBP1"
"2","TFPT"
"2","CCND1"
"2","TTYH1"
"2","MALL"
"2","TUBA1B"
"2","FABP5"
"2","KRT6B"
"2","NPW"
"2","SEC11C"
"2","PSMG1"
"2","TTC3"
"2","MBOAT7"
"2","NOTCH3"
"2","EIF3L"
"2","TMED10"
"2","CRABP2"
"2","PRPF40A"
"2","LMAN1"
"2","RPS7"
"2","MYC"
"2","POLR2F"
"2","COMMD6"
"2","S100A1"
"2","TMED2"
"2","PCBP2"
"2","CNPY2"
"2","FYTTD1"
"2","RBM42"
"2","RPS25"
"2","KRT16"
"2","CYB5A"
"2","MRPL47"
"2","DDX39A"
"2","ARL6IP5"
"2","TUBA1C"
"2","RBX1"
"2","CLDN7"
"2","VIM"
"2","TRMT10C"
"2","ANKRD35"
"2","HEXIM1"
"2","CDKN2A"
"2","CAPG"
"2","ANAPC16"
"2","COX5B"
"2","S100P"
"2","NACA"
"2","MLEC"
"2","UQCRH"
"2","SEC63"
"2","HIGD2A"
"2","FAM213A"
"2","NIPSNAP3A"
"2","FAM162A"
"2","FXYD3"
"2","HNRNPA1"
"2","CCT5"
"2","RPL39L"
"2","DNAJC9"
"2","H3F3A"
"2","SMIM7"
"2","GTPBP4"
"2","MYO10"
"2","APLP2"
"2","CCSER2"
"2","DCUN1D5"
"2","PAM"
"2","MFSD1"
"2","LURAP1L"
"2","ERLEC1"
"2","RPL23A"
"2","ASPG"
"2","HEY1"
"2","LAPTM4B"
"2","RPS16"
"2","SH3YL1"
"2","RPL35A"
"2","AP3S1"
"2","TMEM59"
"2","RPL8"
"2","CKS1B"
"2","AQP3"
"2","PEPD"
"2","RHOBTB3"
"2","KANK2"
"2","CSTB"
"2","TMEM213"
"2","IGFBP5"
"2","FAM84A"
"2","RPL31"
"2","TM9SF2"
"2","GCHFR"
"2","RFC4"
"2","RPS5"
"2","REEP5"
"2","RPS10"
"2","YBX1"
"2","EEF1B2"
"2","TMEM45A"
"2","RPL7"
"2","RPL24"
"2","EIF4A2"
"2","VCAN"
"2","IGFBP3"
"2","RPS23"
"2","CXADR"
"2","RPL27"
"2","RRAGA"
"2","EWSR1"
"2","KRT14"
"2","YIPF2"
"2","PPP1R16A"
"2","BAMBI"
"2","DDIT4"
"2","RABAC1"
"2","GPI"
"2","SERTAD4"
"2","THUMPD3-AS1"
"2","NDUFA4L2"
"2","GMPR"
"2","C19orf48"
"2","RPL13A"
"2","CACNA1A"
"2","SELENBP1"
"2","KRT5"
"2","RPL5"
"2","RPS26"
"2","EEF1A1"
"2","NUCB2"
"2","RPL18A"
"2","LGALS1"
"2","SERTAD4-AS1"
"2","GAPDH"
"2","CALML5"
"2","PSAP"
"2","RPS11"
"2","TNNT1"
"2","COL8A1"
"2","RPS18"
"2","NFIX"
"2","RPL18"
"2","POLE4"
"2","FAM3B"
"2","UBA52"
"2","TET1"
"2","PTX3"
"2","RPLP2"
"2","RPS6"
"2","RBP4"
"2","CADM1"
"2","CLEC7A"
"2","HSPA14.1"
"2","RPL28"
"2","RPL7A"
"2","PLTP"
"2","JUNB"
"2","MXRA8"
"2","CXCR4"
"2","PPP1R1B"
"2","DLX5"
"2","MAL"
"2","RPL32"
"2","FOLR1"
"2","CXCL14"
"2","RPS27A"
"2","RPS9"
"2","CHST9"
"2","NECTIN4"
"2","RPL6"
"2","RPL10A"
"2","AC020916.1"
"2","RPS24"
"2","NEBL"
"2","CDA"
"2","RPL21"
"2","GJA1"
"2","CALML3"
"2","FGFBP2"
"2","RPL41"
"2","GPX3"
"2","RPL10"
"2","ID1"
"2","ALDH1A1"
"2","AL139393.2"
"2","ERBB3"
"2","CHST1"
"2","CA2"
"2","HOOK2"
"2","DLX1"
"2","P4HA1"
"2","HSD17B1"
"2","TF"
"2","NCBP2"
"2","AC011503.1"
"2","KIAA1324"
"2","SCRG1"
"2","LTBP4"
"2","CTHRC1"
