"Database","Temporal_Cluster","ID","Description","GeneRatio","BgRatio","pvalue","p.adjust","qvalue","geneID","Count","Biological_Theme"
"GO_BP","1","GO:1903039","positive regulation of leukocyte cell-cell adhesion","8/52","279/15373",4.00975194901024e-06,0.000116091865952296,8.48178106507428e-05,"CD74/HLA-DRA/HLA-A/B2M/HLA-DPA1/HLA-DRB1/HLA-DQA1/ACTB",8,"Cell adhesion / extracellular interactions"
"GO_BP","1","GO:0045785","positive regulation of cell adhesion","10/52","495/15373",5.13205931819907e-06,0.000141831457521138,0.000103623398673685,"CD74/HLA-DRA/TPM1/HLA-A/B2M/HLA-DPA1/HLA-DRB1/SAA1/HLA-DQA1/ACTB",10,"Cell adhesion / extracellular interactions"
"GO_BP","1","GO:0022409","positive regulation of cell-cell adhesion","8/52","332/15373",1.43014192504077e-05,0.000354908689969302,0.000259299631521893,"CD74/HLA-DRA/HLA-A/B2M/HLA-DPA1/HLA-DRB1/HLA-DQA1/ACTB",8,"Cell adhesion / extracellular interactions"
"GO_BP","1","GO:1903037","regulation of leukocyte cell-cell adhesion","8/52","377/15373",3.55814773580572e-05,0.000721117941123293,0.000526855559477198,"CD74/HLA-DRA/HLA-A/B2M/HLA-DPA1/HLA-DRB1/HLA-DQA1/ACTB",8,"Cell adhesion / extracellular interactions"
"GO_BP","1","GO:0007159","leukocyte cell-cell adhesion","8/52","412/15373",6.65823145855007e-05,0.00117339267443433,0.00085729173928547,"CD74/HLA-DRA/HLA-A/B2M/HLA-DPA1/HLA-DRB1/HLA-DQA1/ACTB",8,"Cell adhesion / extracellular interactions"
"GO_BP","1","GO:1903421","regulation of synaptic vesicle recycling","2/52","29/15373",0.00429762526031543,0.0326619519783973,0.0238631297349094,"ACTB/ACTG1",2,"Cell cycle / proliferation"
"Reactome","1","R-HSA-5675482","Regulation of necroptotic cell death","2/43","18/10039",0.00262518999461078,0.0205575485313859,0.0157036829059198,"BIRC3/UBC",2,"Cell death / apoptosis"
"Reactome","1","R-HSA-9711097","Cellular response to starvation","6/43","152/10039",4.19030568813026e-05,0.00068960459324658,0.000526781286507804,"RPS27/RPL34/RPL37/RPS15/RPL36/RPS28",6,"Cellular stress / hypoxia / redox"
"GO_BP","1","GO:0001666","response to hypoxia","7/52","293/15373",5.45818242623421e-05,0.00100562876216679,0.000734721844934875,"MT-ND5/MT-CO2/MT-CYB/PLAT/MT-ND4/MT-CO1/MT-ND1",7,"Cellular stress / hypoxia / redox"
"GO_BP","1","GO:0072331","signal transduction by p53 class mediator","4/52","188/15373",0.00371063778875546,0.0296569572730618,0.0216676523013021,"CD74/IFI16/RPL37/RPS15",4,"DNA damage / repair / checkpoint"
"Reactome","1","R-HSA-5628897","TP53 Regulates Metabolic Genes","3/43","80/10039",0.00478173948427382,0.0331841197944785,0.02534898039856,"MT-CO1/MT-CO2/MT-CO3",3,"DNA damage / repair / checkpoint"
"GO_BP","1","GO:1902230","negative regulation of intrinsic apoptotic signaling pathway in response to DNA damage","2/52","30/15373",0.00459467374337596,0.0336573691081034,0.0245903908649925,"CD74/CLU",2,"DNA damage / repair / checkpoint"
"GO_BP","1","GO:0008630","intrinsic apoptotic signaling pathway in response to DNA damage","3/52","110/15373",0.0061074914138822,0.0432011888204551,0.0315631954332273,"CD74/CLU/IFI16",3,"DNA damage / repair / checkpoint"
"GO_BP","1","GO:1901798","positive regulation of signal transduction by p53 class mediator","2/52","35/15373",0.006217276351628,0.0432011888204551,0.0315631954332273,"RPL37/RPS15",2,"DNA damage / repair / checkpoint"
"Reactome","1","R-HSA-9635486","Infection with Mycobacterium tuberculosis","3/43","27/10039",0.000199308556570017,0.00255114952409621,0.00194879477535127,"LTF/UBC/B2M",3,"Growth / MYC / mTOR signaling"
"GO_BP","1","GO:0002478","antigen processing and presentation of exogenous peptide antigen","7/52","39/15373",4.71449805551329e-11,1.14656592710083e-08,8.3769186502173e-09,"CD74/HLA-DRA/HLA-A/B2M/HLA-DPA1/HLA-DRB1/HLA-DQA1",7,"Immune / antigen-presentation / inflammatory processes"
"GO_BP","1","GO:0002396","MHC protein complex assembly","6/52","22/15373",7.95999766884106e-11,1.29197309864205e-08,9.43927714035566e-09,"HLA-DRA/HLA-A/B2M/HLA-DPA1/HLA-DRB1/HLA-DQA1",6,"Immune / antigen-presentation / inflammatory processes"
"GO_BP","1","GO:0002501","peptide antigen assembly with MHC protein complex","6/52","22/15373",7.95999766884106e-11,1.29197309864205e-08,9.43927714035566e-09,"HLA-DRA/HLA-A/B2M/HLA-DPA1/HLA-DRB1/HLA-DQA1",6,"Immune / antigen-presentation / inflammatory processes"
"GO_BP","1","GO:0019884","antigen processing and presentation of exogenous antigen","7/52","48/15373",2.2052981261289e-10,2.68164252137275e-08,1.95923328258189e-08,"CD74/HLA-DRA/HLA-A/B2M/HLA-DPA1/HLA-DRB1/HLA-DQA1",7,"Immune / antigen-presentation / inflammatory processes"
"GO_BP","1","GO:0019886","antigen processing and presentation of exogenous peptide antigen via MHC class II","6/52","29/15373",4.97736728428375e-10,5.04373218140753e-08,3.68499823503112e-08,"CD74/HLA-DRA/B2M/HLA-DPA1/HLA-DRB1/HLA-DQA1",6,"Immune / antigen-presentation / inflammatory processes"
"Reactome","1","R-HSA-2408522","Selenoamino acid metabolism","7/43","107/10039",3.01365398783578e-07,1.9287385522149e-05,1.4733419496086e-05,"RPS27/RPL34/RPL37/NNMT/RPS15/RPL36/RPS28",7,"Metabolic processes"
"Reactome","1","R-HSA-9633012","Response of EIF2AK4 (GCN2) to amino acid deficiency","6/43","100/10039",3.80055219123633e-06,0.000104243717245339,7.96306173401897e-05,"RPS27/RPL34/RPL37/RPS15/RPL36/RPS28",6,"Metabolic processes"
"GO_BP","1","GO:0046034","ATP metabolic process","6/52","226/15373",0.00010932676964739,0.00172651106352241,0.0012614052437785,"MT-ND4L/MT-ND3/MT-ND5/MT-ATP6/MT-ND4/MT-ND1",6,"Metabolic processes"
"GO_BP","1","GO:0009205","purine ribonucleoside triphosphate metabolic process","6/52","248/15373",0.000181485779069676,0.00272452725121884,0.00199056527010795,"MT-ND4L/MT-ND3/MT-ND5/MT-ATP6/MT-ND4/MT-ND1",6,"Metabolic processes"
"GO_BP","1","GO:0009144","purine nucleoside triphosphate metabolic process","6/52","255/15373",0.000211007360298229,0.0030913849412367,0.00225859495360437,"MT-ND4L/MT-ND3/MT-ND5/MT-ATP6/MT-ND4/MT-ND1",6,"Metabolic processes"
"GO_BP","1","GO:0019646","aerobic electron transport chain","9/52","87/15373",1.1754220504242e-11,7.3703818045662e-09,5.38487036275439e-09,"MT-ND4L/MT-ND3/MT-ND5/MT-CO2/MT-CYB/MT-CO3/MT-ND4/MT-CO1/MT-ND1",9,"Mitochondrial / oxidative energy metabolism"
"GO_BP","1","GO:0042773","ATP synthesis coupled electron transport","9/52","94/15373",2.39479832572192e-11,7.3703818045662e-09,5.38487036275439e-09,"MT-ND4L/MT-ND3/MT-ND5/MT-CO2/MT-CYB/MT-CO3/MT-ND4/MT-CO1/MT-ND1",9,"Mitochondrial / oxidative energy metabolism"
"GO_BP","1","GO:0042775","mitochondrial ATP synthesis coupled electron transport","9/52","94/15373",2.39479832572192e-11,7.3703818045662e-09,5.38487036275439e-09,"MT-ND4L/MT-ND3/MT-ND5/MT-CO2/MT-CYB/MT-CO3/MT-ND4/MT-CO1/MT-ND1",9,"Mitochondrial / oxidative energy metabolism"
"GO_BP","1","GO:0006119","oxidative phosphorylation","10/52","136/15373",2.42446769887046e-11,7.3703818045662e-09,5.38487036275439e-09,"MT-ND4L/MT-ND3/MT-ND5/MT-ATP6/MT-CO2/MT-CYB/MT-CO3/MT-ND4/MT-CO1/MT-ND1",10,"Mitochondrial / oxidative energy metabolism"
"GO_BP","1","GO:0022904","respiratory electron transport chain","9/52","108/15373",8.49982301738188e-11,1.29197309864205e-08,9.43927714035566e-09,"MT-ND4L/MT-ND3/MT-ND5/MT-CO2/MT-CYB/MT-CO3/MT-ND4/MT-CO1/MT-ND1",9,"Mitochondrial / oxidative energy metabolism"
"GO_BP","1","GO:1902600","proton transmembrane transport","10/52","176/15373",3.125774995919e-10,3.45540217730682e-08,2.52454937469439e-08,"MT-ND4L/MT-ND3/MT-ND5/MT-ATP6/MT-CO2/MT-CYB/MT-CO3/MT-ND4/MT-CO1/MT-ND1",10,"Other biological processes"
"GO_BP","1","GO:0045333","cellular respiration","10/52","312/15373",7.6367211012913e-08,4.11811785275908e-06,3.00873568882329e-06,"MT-ND4L/MT-ND3/MT-ND5/MT-ATP6/MT-CO2/MT-CYB/MT-CO3/MT-ND4/MT-CO1/MT-ND1",10,"Other biological processes"
"GO_BP","1","GO:0002443","leukocyte mediated immunity","11/52","447/15373",2.28932338819138e-07,1.0706989384772e-05,7.82262728596568e-06,"CD74/HLA-DRA/IGHA1/CLU/IGLC2/HLA-A/B2M/HLA-DRB1/IGLC3/IGHG1/IGKC",11,"Other biological processes"
"GO_BP","1","GO:0015980","energy derivation by oxidation of organic compounds","10/52","400/15373",7.57982913889703e-07,3.22291507829727e-05,2.35469211052882e-05,"MT-ND4L/MT-ND3/MT-ND5/MT-ATP6/MT-CO2/MT-CYB/MT-CO3/MT-ND4/MT-CO1/MT-ND1",10,"Other biological processes"
"GO_BP","1","GO:0019731","antibacterial humoral response","5/52","55/15373",1.11303021149654e-06,4.36595076509611e-05,3.18980474873712e-05,"IGHA1/LTF/HLA-A/B2M/IGHG1",5,"Other biological processes"
"Reactome","1","R-HSA-72766","Translation","17/43","344/10039",1.56743257134772e-14,9.02841161096288e-12,6.89670331392998e-12,"RPS27/RPL34/RPL37/UBC/RPS15/RPL36/RPS28/MT-ND1/MT-CO1/MT-CO2/MT-ATP6/MT-CO3/MT-ND3/MT-ND4L/MT-ND4/MT-ND5/MT-CYB",17,"Protein synthesis / translational processes"
"Reactome","1","R-HSA-5419276","Mitochondrial translation termination","10/43","100/10039",8.87907154569646e-12,2.55717260516058e-09,1.95339574005322e-09,"MT-ND1/MT-CO1/MT-CO2/MT-ATP6/MT-CO3/MT-ND3/MT-ND4L/MT-ND4/MT-ND5/MT-CYB",10,"Protein synthesis / translational processes"
"Reactome","1","R-HSA-5368287","Mitochondrial translation","10/43","109/10039",2.12832821030179e-11,4.08639016377944e-09,3.12154804177596e-09,"MT-ND1/MT-CO1/MT-CO2/MT-ATP6/MT-CO3/MT-ND3/MT-ND4L/MT-ND4/MT-ND5/MT-CYB",10,"Protein synthesis / translational processes"
"Reactome","1","R-HSA-9954716","ZNF598 and the Ribosome-associated Quality Trigger (RQT) complex dissociate a ribosome stalled on a no-go mRNA","7/43","95/10039",1.32637035101319e-07,1.09141331740514e-05,8.33718506351146e-06,"RPS27/RPL34/RPL37/UBC/RPS15/RPL36/RPS28",7,"Protein synthesis / translational processes"
"Reactome","1","R-HSA-156902","Peptide chain elongation","6/43","88/10039",1.79482575993955e-06,7.40904227544297e-05,5.65968507151894e-05,"RPS27/RPL34/RPL37/RPS15/RPL36/RPS28",6,"Protein synthesis / translational processes"
"Reactome","2","R-HSA-9764274","Regulation of Expression and Function of Type I Classical Cadherins","18/373","142/10039",4.96632496392468e-06,4.13008348102854e-05,2.70995286344187e-05,"PSMB2/PSMA5/PSMB4/OST4/RPS27A/PSMD2/CSNK2B/HDAC2/PSMB1/MYC/TMEM258/PSMB5/PSMA3/UBB/SEC11C/RPN2/UBA52/PSMC4",18,"Cell adhesion / extracellular interactions"
"Reactome","2","R-HSA-446728","Cell junction organization","23/373","235/10039",2.07294573738372e-05,0.000146531351811312,9.6146496372074e-05,"PSMB2/PSMA5/PSMB4/NECTIN4/OST4/RPS27A/PSMD2/CSNK2B/HDAC2/PSMB1/MYC/TMEM258/CADM1/KRT5/PSMB5/PSMA3/CLDN7/UBB/KRT14/SEC11C/RPN2/UBA52/PSMC4",23,"Cell adhesion / extracellular interactions"
"Reactome","2","R-HSA-9759476","Regulation of Homotypic Cell-Cell Adhesion","18/373","158/10039",2.2173240303511e-05,0.000155763570082428,0.000102204213232921,"PSMB2/PSMA5/PSMB4/OST4/RPS27A/PSMD2/CSNK2B/HDAC2/PSMB1/MYC/TMEM258/PSMB5/PSMA3/UBB/SEC11C/RPN2/UBA52/PSMC4",18,"Cell adhesion / extracellular interactions"
"Reactome","2","R-HSA-421270","Cell-cell junction organization","21/373","209/10039",3.21061179398524e-05,0.000218747104758874,0.000143530837968269,"PSMB2/PSMA5/PSMB4/NECTIN4/OST4/RPS27A/PSMD2/CSNK2B/HDAC2/PSMB1/MYC/TMEM258/CADM1/PSMB5/PSMA3/CLDN7/UBB/SEC11C/RPN2/UBA52/PSMC4",21,"Cell adhesion / extracellular interactions"
"Reactome","2","R-HSA-75815","Ubiquitin-dependent degradation of Cyclin D","13/373","39/10039",7.06296105565552e-10,1.9970522384866e-08,1.3103651432203e-08,"PSMB2/PSMA5/PSMB4/RPS27A/PSMD2/PSMB1/CCND1/CDK4/PSMB5/PSMA3/UBB/UBA52/PSMC4",13,"Cell cycle / proliferation"
"Reactome","2","R-HSA-69202","Cyclin E associated events during G1/S transition","16/373","73/10039",7.28649881545853e-09,1.91651864192642e-07,1.25752305138268e-07,"PSMB2/PSMA5/PSMB4/CKS1B/RPS27A/PSMD2/CCNH/PSMB1/MYC/CCND1/CDK4/PSMB5/PSMA3/UBB/UBA52/PSMC4",16,"Cell cycle / proliferation"
"Reactome","2","R-HSA-69656","Cyclin A:Cdk2-associated events at S phase entry","16/373","75/10039",1.10404173856205e-08,2.77482490291929e-07,1.82070041096198e-07,"PSMB2/PSMA5/PSMB4/CKS1B/RPS27A/PSMD2/CCNH/PSMB1/MYC/CCND1/CDK4/PSMB5/PSMA3/UBB/UBA52/PSMC4",16,"Cell cycle / proliferation"
"Reactome","2","R-HSA-8854050","FBXL7 down-regulates AURKA during mitotic entry and in early mitosis","12/373","42/10039",2.34179488129478e-08,5.2971400214888e-07,3.47571661329015e-07,"PSMB2/PSMA5/PSMB4/RPS27A/PSMD2/PSMB1/PSMB5/PSMA3/UBB/UBA52/PSMC4/RBX1",12,"Cell cycle / proliferation"
"Reactome","2","R-HSA-69206","G1/S Transition","19/373","121/10039",9.19136551136629e-08,1.48506205619361e-06,9.74422960227554e-07,"PSMB2/PSMA5/PSMB4/CKS1B/RPS27A/POLE4/PSMD2/CCNH/PSMB1/MYC/CCND1/CDK4/PSMB5/PSMA3/UBB/PCNA/UBA52/PSMC4/PPP2R1A",19,"Cell cycle / proliferation"
"Reactome","2","R-HSA-169911","Regulation of Apoptosis","11/373","40/10039",1.40938038394293e-07,2.09738054505191e-06,1.37619552725729e-06,"PSMB2/PSMA5/PSMB4/RPS27A/PSMD2/PSMB1/PSMB5/PSMA3/UBB/UBA52/PSMC4",11,"Cell death / apoptosis"
"Reactome","2","R-HSA-109581","Apoptosis","14/373","111/10039",5.93560541408083e-05,0.000385814351915254,0.000253151955047004,"PSMB2/PSMA5/PSMB4/YWHAQ/RPS27A/PSMD2/PSMB1/CDKN2A/VIM/PSMB5/PSMA3/UBB/UBA52/PSMC4",14,"Cell death / apoptosis"
"Reactome","2","R-HSA-205043","NRIF signals cell death from the nucleus","5/373","15/10039",0.000152089469554866,0.000924802097132007,0.000606808579718055,"APH1A/RPS27A/UBB/UBA52/PSENEN",5,"Cell death / apoptosis"
"Reactome","2","R-HSA-5357801","Programmed Cell Death","14/373","137/10039",0.000557978787543445,0.00288161647813533,0.00189077166651348,"PSMB2/PSMA5/PSMB4/YWHAQ/RPS27A/PSMD2/PSMB1/CDKN2A/VIM/PSMB5/PSMA3/UBB/UBA52/PSMC4",14,"Cell death / apoptosis"
"Reactome","2","R-HSA-9711097","Cellular response to starvation","41/373","152/10039",1.46737227876139e-24,6.91499186366304e-23,4.53726954617008e-23,"RPL5/LAMTOR5/LAMTOR2/RPS7/RPS27A/RPL31/SEC13/RPL32/RPL24/RPL22L1/RPL39L/RPL35A/RPS23/RPS18/RPS10/RPL10A/RPL10/RPL7/RPL8/RRAGA/RPS6/ATP6V1G1/RPL7A/RPLP2/RPS25/RPS24/RPS26/RPL41/RPL6/RPL21/RPL23A/RPL27/RPL18A/UBA52/RPS16/RPL18/RPL13A/RPS11/RPS9/RPL28/RPS5",41,"Cellular stress / hypoxia / redox"
"Reactome","2","R-HSA-9762114","GSK3B and BTRC:CUL1-mediated-degradation of NFE2L2","12/373","42/10039",2.34179488129478e-08,5.2971400214888e-07,3.47571661329015e-07,"PSMB2/PSMA5/PSMB4/RPS27A/PSMD2/PSMB1/PSMB5/PSMA3/UBB/UBA52/PSMC4/RBX1",12,"Cellular stress / hypoxia / redox"
"Reactome","2","R-HSA-9759194","Nuclear events mediated by NFE2L2","16/373","87/10039",1.01707128215331e-07,1.62015157762732e-06,1.06306190351087e-06,"PSMB2/PRDX1/PSMA5/PSMB4/RPS27A/PSMD2/PSMB1/MYC/CDKN2A/PSMB5/PSMA3/NQO1/UBB/UBA52/PSMC4/RBX1",16,"Cellular stress / hypoxia / redox"
"Reactome","2","R-HSA-9755511","KEAP1-NFE2L2 pathway","18/373","113/10039",1.60891374348112e-07,2.33292492804763e-06,1.5307478935954e-06,"PSMB2/PRDX1/PSMA5/PSMB4/RPS27A/PSMD2/CSNK2B/PSMB1/MYC/CDKN2A/PSMB5/PSMA3/NQO1/MAP1LC3B/UBB/UBA52/PSMC4/RBX1",18,"Cellular stress / hypoxia / redox"
"Reactome","2","R-HSA-1234176","Oxygen-dependent proline hydroxylation of Hypoxia-inducible Factor Alpha","12/373","53/10039",3.90219714870403e-07,4.79715758172201e-06,3.1476533064489e-06,"PSMB2/PSMA5/PSMB4/RPS27A/PSMD2/PSMB1/PSMB5/PSMA3/UBB/UBA52/PSMC4/RBX1",12,"Cellular stress / hypoxia / redox"
"Reactome","2","R-HSA-69541","Stabilization of p53","12/373","44/10039",4.1755849457751e-08,8.28523960293269e-07,5.43635713161855e-07,"PSMB2/PSMA5/PSMB4/RPS27A/PSMD2/PSMB1/CDKN2A/PSMB5/PSMA3/UBB/UBA52/PSMC4",12,"DNA damage / repair / checkpoint"
"Reactome","2","R-HSA-5696399","Global Genome Nucleotide Excision Repair (GG-NER)","15/373","84/10039",3.82793819539454e-07,4.79715758172201e-06,3.1476533064489e-06,"PARP1/RPS27A/POLE4/SUMO1/ACTL6A/RFC4/CCNH/RAD23B/UBB/PCNA/RAD23A/UBA52/TFPT/RBX1/SUMO3",15,"DNA damage / repair / checkpoint"
"Reactome","2","R-HSA-69563","p53-Dependent G1 DNA Damage Response","12/373","53/10039",3.90219714870403e-07,4.79715758172201e-06,3.1476533064489e-06,"PSMB2/PSMA5/PSMB4/RPS27A/PSMD2/PSMB1/CDKN2A/PSMB5/PSMA3/UBB/UBA52/PSMC4",12,"DNA damage / repair / checkpoint"
"Reactome","2","R-HSA-5696398","Nucleotide Excision Repair","17/373","108/10039",4.25125269018697e-07,5.115071055959e-06,3.35625212383182e-06,"PARP1/RPS27A/POLE4/SUMO1/ACTL6A/POLR2H/RFC4/CCNH/RAD23B/UBB/PCNA/RAD23A/UBA52/TFPT/POLR2F/RBX1/SUMO3",17,"DNA damage / repair / checkpoint"
"Reactome","2","R-HSA-5696394","DNA Damage Recognition in GG-NER","9/373","38/10039",7.6748383391452e-06,6.15620011459094e-05,4.03938859955011e-05,"PARP1/RPS27A/ACTL6A/RAD23B/UBB/RAD23A/UBA52/TFPT/RBX1",9,"DNA damage / repair / checkpoint"
"Hallmark","2","HALLMARK_MYC_TARGETS_V1","HALLMARK_MYC_TARGETS_V1","35/212","195/4226",1.12309818708557e-11,2.69543564900536e-10,2.30530680507037e-10,"ERH/ACP1/SSB/RAD23B/PSMC4/CCT4/CYC1/CCT2/TCP1/MRPL9/HDAC2/ILF2/PSMB2/CDK4/FBL/SYNCRIP/YWHAQ/EIF3D/NAP1L1/PRDX4/ODC1/PRPF31/PCNA/MYC/HNRNPA1/CCT5/AP3S1/RFC4/RPS5/RPS10/EEF1B2/RPL18/RPS6/RPL6/NCBP2",35,"Growth / MYC / mTOR signaling"
"Reactome","2","R-HSA-166208","mTORC1-mediated signalling","5/373","24/10039",0.00163354022747263,0.00741981525008651,0.00486850923850434,"LAMTOR5/LAMTOR2/EIF4G1/RRAGA/RPS6",5,"Growth / MYC / mTOR signaling"
"Hallmark","2","HALLMARK_MTORC1_SIGNALING","HALLMARK_MTORC1_SIGNALING","21/212","196/4226",0.000679175466252553,0.00815010559503064,0.00697048504838147,"PPA1/PSMB5/PSMC4/PSMA3/RAB1A/SERP1/CD9/GMPS/PHGDH/SSR1/FADS2/CALR/PRDX1/PSMG1/DDX39A/IGFBP5/DDIT4/GPI/GAPDH/CXCR4/P4HA1",21,"Growth / MYC / mTOR signaling"
"Reactome","2","R-HSA-5663202","Diseases of signal transduction by growth factor receptors and second messengers","27/373","444/10039",0.00800731567895786,0.0309087850952264,0.0202807887683323,"PSMB2/PSMA5/APH1A/PSMB4/ERLEC1/RPS27A/TFG/PSMD2/POLR2H/NCBP2/KIT/HDAC2/PSMB1/HEY1/MYC/RPS6/ERBB3/PSMB5/PSMA3/UBB/JUNB/UBA52/PSENEN/PSMC4/PPP2R1A/POLR2F/RBX1",27,"Growth / MYC / mTOR signaling"
"Reactome","2","R-HSA-9929491","SPOP-mediated proteasomal degradation of PD-L1(CD274)","15/373","46/10039",4.80659833435461e-11,1.51007297670974e-09,9.90833867169591e-10,"PSMB2/PSMA5/PSMB4/RPS27A/PSMD2/CSNK2B/PSMB1/CCND1/CDK4/PSMB5/PSMA3/UBB/UBA52/PSMC4/RBX1",15,"Immune / antigen-presentation / inflammatory processes"
"Reactome","2","R-HSA-9909615","Regulation of PD-L1(CD274) Post-translational modification","19/373","86/10039",2.39402869879066e-10,7.31796340089794e-09,4.80167918249621e-09,"PSMB2/PSMA5/PSMB4/OST4/ERLEC1/RPS27A/PSMD2/CSNK2B/PSMB1/TMEM258/CCND1/CDK4/PSMB5/PSMA3/UBB/RPN2/UBA52/PSMC4/RBX1",19,"Immune / antigen-presentation / inflammatory processes"
"Reactome","2","R-HSA-9909648","Regulation of PD-L1(CD274) expression","22/373","135/10039",4.28076431892528e-09,1.15274867731059e-07,7.56375650336421e-08,"PSMB2/PSMA5/PSMB4/OST4/DPY30/ERLEC1/RPS27A/PSMD2/CSNK2B/PSMB1/MYC/TMEM258/CCND1/CDK4/PSMB5/PSMA3/UBB/RPN2/UBA52/PSMC4/TEAD2/RBX1",22,"Immune / antigen-presentation / inflammatory processes"
"Reactome","2","R-HSA-9929356","GSK3B-mediated proteasomal degradation of PD-L1(CD274)","12/373","44/10039",4.1755849457751e-08,8.28523960293269e-07,5.43635713161855e-07,"PSMB2/PSMA5/PSMB4/RPS27A/PSMD2/PSMB1/PSMB5/PSMA3/UBB/UBA52/PSMC4/RBX1",12,"Immune / antigen-presentation / inflammatory processes"
"Reactome","2","R-HSA-389948","Co-inhibition by PD-1","22/373","153/10039",4.54614429850799e-08,8.71472746036022e-07,5.71816544236954e-07,"PSMB2/PSMA5/PSMB4/OST4/DPY30/ERLEC1/RPS27A/PSMD2/CSNK2B/PSMB1/MYC/TMEM258/CCND1/CDK4/PSMB5/PSMA3/UBB/RPN2/UBA52/PSMC4/TEAD2/RBX1",22,"Immune / antigen-presentation / inflammatory processes"
"Reactome","2","R-HSA-9633012","Response of EIF2AK4 (GCN2) to amino acid deficiency","36/373","100/10039",1.43726319178777e-26,7.74068890434269e-25,5.07905037699437e-25,"RPL5/RPS7/RPS27A/RPL31/RPL32/RPL24/RPL22L1/RPL39L/RPL35A/RPS23/RPS18/RPS10/RPL10A/RPL10/RPL7/RPL8/RPS6/RPL7A/RPLP2/RPS25/RPS24/RPS26/RPL41/RPL6/RPL21/RPL23A/RPL27/RPL18A/UBA52/RPS16/RPL18/RPL13A/RPS11/RPS9/RPL28/RPS5",36,"Metabolic processes"
"Reactome","2","R-HSA-2408522","Selenoamino acid metabolism","36/373","107/10039",2.22919818378895e-25,1.09618397646318e-23,7.19260741222522e-24,"RPL5/RPS7/RPS27A/RPL31/RPL32/RPL24/RPL22L1/RPL39L/RPL35A/RPS23/RPS18/RPS10/RPL10A/RPL10/RPL7/RPL8/RPS6/RPL7A/RPLP2/RPS25/RPS24/RPS26/RPL41/RPL6/RPL21/RPL23A/RPL27/RPL18A/UBA52/RPS16/RPL18/RPL13A/RPS11/RPS9/RPL28/RPS5",36,"Metabolic processes"
"Reactome","2","R-HSA-71291","Metabolism of amino acids and derivatives","53/373","339/10039",1.48367577219295e-19,5.59345766116741e-18,3.67014533121413e-18,"PSMB2/RPL5/PSMA5/PHGDH/PSMB4/ADI1/RPS7/ODC1/RPS27A/RPL31/RPL32/RPL24/RPL22L1/PSMD2/RPL39L/RPL35A/RPS23/RPS18/RPS10/RPL10A/PSMB1/RPL10/RPL7/RPL8/RPS6/GRHPR/RPL7A/RPLP2/SLC3A2/RPS25/PCBD1/RPS24/OAT/RPS26/RPL41/RPL6/RPL21/PSMB5/PSMA3/NQO1/RPL23A/RPL27/RPL18A/UBA52/RPS16/PSMC4/RPL18/RPL13A/RPS11/RPS9/RPL28/RPS5/ASPG",53,"Metabolic processes"
"Reactome","2","R-HSA-351202","Metabolism of polyamines","10/373","46/10039",5.47528045081168e-06,4.48734941294784e-05,2.9443727824731e-05,"PSMB2/PSMA5/PSMB4/ODC1/PSMD2/PSMB1/PSMB5/PSMA3/NQO1/PSMC4",10,"Metabolic processes"
"GO_BP","2","GO:0046034","ATP metabolic process","23/468","226/15373",4.29177871964468e-07,7.64549723342417e-05,7.41111663617842e-05,"ATP5PO/ATP5F1C/NDUFB5/ATP5PF/NDUFA8/ATP5PB/SDHB/NUDT5/SDHC/NDUFB3/NDUFB7/ATP5F1B/NDUFB9/TSPO/NDUFS2/ATP5MC3/PGAM1/ATP5PD/ATP5MG/PARP1/DDIT4/GPI/GAPDH",23,"Metabolic processes"
"GO_BP","2","GO:0006119","oxidative phosphorylation","23/468","136/15373",2.03095574264383e-11,3.79890271661528e-08,3.68244343863578e-08,"ATP5PO/GHITM/ATP5F1C/NDUFB5/ATP5PF/NDUFA8/ATP5PB/SDHB/SDHC/NDUFB3/NDUFB7/CYC1/ATP5F1B/UQCRFS1/NDUFB9/DGUOK/NDUFS2/ATP5PD/COX4I1/ATP5MG/CHCHD2/COX5B/UQCRH",23,"Mitochondrial / oxidative energy metabolism"
"Reactome","2","R-HSA-1428517","Aerobic respiration and respiratory electron transport","30/373","247/10039",9.15373531476207e-09,2.3529260547718e-07,1.54387162605437e-07,"SDHB/UQCRH/ATP5PB/NDUFS2/SDHC/RPS27A/MDH1/COX5B/ATP5MC3/NDUFB3/NDUFB5/HIGD2A/NDUFB9/CYC1/NDUFA8/ATP5MG/ATP5F1C/COX14/ATP5F1B/IDH2/COX4I1/UBB/ATP5PD/RAB5IF/NDUFB7/UBA52/UQCRFS1/ETFB/ATP5PF/ATP5PO",30,"Mitochondrial / oxidative energy metabolism"
"GO_BP","2","GO:0015986","proton motive force-driven ATP synthesis","16/468","71/15373",2.89544589080442e-10,3.61062102583311e-07,3.49993371713025e-07,"ATP5PO/ATP5F1C/NDUFB5/ATP5PF/NDUFA8/ATP5PB/SDHB/SDHC/NDUFB3/NDUFB7/ATP5F1B/NDUFB9/NDUFS2/ATP5MC3/ATP5PD/ATP5MG",16,"Mitochondrial / oxidative energy metabolism"
"GO_BP","2","GO:0042776","proton motive force-driven mitochondrial ATP synthesis","15/468","65/15373",7.33667542451959e-10,6.86162569078195e-07,6.65127548354473e-07,"ATP5PO/ATP5F1C/NDUFB5/ATP5PF/NDUFA8/ATP5PB/SDHB/SDHC/NDUFB3/NDUFB7/ATP5F1B/NDUFB9/NDUFS2/ATP5PD/ATP5MG",15,"Mitochondrial / oxidative energy metabolism"
"GO_BP","2","GO:0006754","ATP biosynthetic process","17/468","95/15373",3.57100046567671e-09,2.22651879034943e-06,2.15826256215022e-06,"ATP5PO/ATP5F1C/NDUFB5/ATP5PF/NDUFA8/ATP5PB/SDHB/SDHC/NDUFB3/NDUFB7/ATP5F1B/NDUFB9/NDUFS2/ATP5MC3/ATP5PD/ATP5MG/PARP1",17,"Mitochondrial / oxidative energy metabolism"
"Reactome","2","R-HSA-9010553","Regulation of expression of SLITs and ROBOs","49/373","157/10039",1.54947790043497e-32,5.84153168463983e-30,3.83291901686545e-30,"PSMB2/MAGOH/RPL5/PSMA5/PSMB4/RPS7/RPS27A/RPL31/RPL32/RPL24/RPL22L1/PSMD2/EIF4G1/RPL39L/NCBP2/RPL35A/RPS23/RPS18/RPS10/RPL10A/PSMB1/RPL10/RPL7/RPL8/RPS6/RPL7A/RPLP2/RPS25/RPS24/RPS26/RPL41/RPL6/RPL21/PSMB5/PSMA3/UBB/RPL23A/RPL27/RPL18A/UBA52/RPS16/PSMC4/RPL18/RPL13A/RPS11/RPS9/RPL28/RPS5/RBX1",49,"Other biological processes"
"Reactome","2","R-HSA-376176","Signaling by ROBO receptors","52/373","201/10039",5.05518855652724e-30,5.19765296130209e-28,3.41043821277675e-28,"PSMB2/MAGOH/RPL5/PSMA5/PSMB4/RPS7/RPS27A/RPL31/CXCR4/RPL32/RPL24/RPL22L1/PSMD2/EIF4G1/RPL39L/NCBP2/RPL35A/RPS23/RPS18/RPS10/RPL10A/PSMB1/RPL10/RPL7/RPL8/RPS6/RPL7A/RPLP2/RPS25/RPS24/RPS26/RPL41/RPL6/RPL21/PSMB5/PSMA3/PFN1/UBB/RPL23A/RPL27/RPL18A/UBA52/PAK4/RPS16/PSMC4/RPL18/RPL13A/RPS11/RPS9/RPL28/RPS5/RBX1",52,"Other biological processes"
"Reactome","2","R-HSA-2408557","Selenocysteine synthesis","36/373","91/10039",2.81237592214641e-28,1.5903985839738e-26,1.0435394869017e-26,"RPL5/RPS7/RPS27A/RPL31/RPL32/RPL24/RPL22L1/RPL39L/RPL35A/RPS23/RPS18/RPS10/RPL10A/RPL10/RPL7/RPL8/RPS6/RPL7A/RPLP2/RPS25/RPS24/RPS26/RPL41/RPL6/RPL21/RPL23A/RPL27/RPL18A/UBA52/RPS16/RPL18/RPL13A/RPS11/RPS9/RPL28/RPS5",36,"Other biological processes"
"Reactome","2","R-HSA-168273","Influenza Viral RNA Transcription and Replication","40/373","133/10039",5.63760587312698e-26,2.8982419284121e-24,1.90168045002609e-24,"RPL5/PARP1/RPS7/RPS27A/RPL31/SEC13/RPL32/RPL24/RPL22L1/POLR2H/RPL39L/RPL35A/RPS23/RPS18/RPS10/RPL10A/RPL10/RPL7/RPL8/RPS6/RPL7A/RPLP2/RPS25/RPS24/RPS26/RPL41/RPL6/RPL21/RPL23A/RPL27/RPL18A/UBA52/RPS16/RPL18/RPL13A/RPS11/RPS9/RPL28/RPS5/POLR2F",40,"Other biological processes"
"Reactome","2","R-HSA-168255","Influenza Infection","41/373","154/10039",2.55612753830629e-24,1.15639209832977e-22,7.58766279791973e-23,"RPL5/PARP1/RPS7/RPS27A/RPL31/SEC13/RPL32/RPL24/RPL22L1/POLR2H/RPL39L/RPL35A/RPS23/RPS18/RPS10/RPL10A/RPL10/RPL7/RPL8/RPS6/RPL7A/RPLP2/RPS25/RPS24/RPS26/RPL41/RPL6/RPL21/RPL23A/RPL27/CALR/RPL18A/UBA52/RPS16/RPL18/RPL13A/RPS11/RPS9/RPL28/RPS5/POLR2F",41,"Other biological processes"
"Reactome","2","R-HSA-72766","Translation","80/373","344/10039",1.18453543909253e-42,1.33970958161365e-39,8.79049983747612e-40,"PSMB2/MRPS15/RPL5/PSMA5/PSMB4/MRPL9/SSR2/MRPS14/RPS7/RPS27A/RPL31/EEF1B2/RPL32/RPL24/MRPL3/SSR3/RPL22L1/MRPL47/PSMD2/EIF4G1/EIF4A2/RPL39L/RPL35A/SRP72/MRPL36/RPS23/SRP19/SSR1/RPS18/RPS10/RPL10A/MRPL14/EEF1A1/PSMB1/MRPS33/RPL10/RPL7/EIF3H/RPL8/RPS6/SEC61B/RPL7A/RPLP2/RPS25/PPA1/MRPS16/CHCHD1/RPS24/RPS26/RPL41/TSFM/RPL6/RPL21/PSMB5/PSMA3/UBB/RPL23A/RPL27/MRPL58/SEC11C/RPN2/FARSA/GADD45GIP1/MRPL34/RPL18A/UBA52/MRPS12/RPS16/PSMC4/RPL18/RPL13A/RPS11/RPS9/RPL28/RPS5/EIF3D/EIF3L/RBX1/MRPL39/MRPS6",80,"Protein synthesis / translational processes"
"Reactome","2","R-HSA-1799339","SRP-dependent cotranslational protein targeting to membrane","44/373","111/10039",1.90557208134009e-34,1.07760101199782e-31,7.07067535444612e-32,"RPL5/SSR2/RPS7/RPS27A/RPL31/RPL32/RPL24/SSR3/RPL22L1/RPL39L/RPL35A/SRP72/RPS23/SRP19/SSR1/RPS18/RPS10/RPL10A/RPL10/RPL7/RPL8/RPS6/SEC61B/RPL7A/RPLP2/RPS25/RPS24/RPS26/RPL41/RPL6/RPL21/RPL23A/RPL27/SEC11C/RPN2/RPL18A/UBA52/RPS16/RPL18/RPL13A/RPS11/RPS9/RPL28/RPS5",44,"Protein synthesis / translational processes"
"Reactome","2","R-HSA-9948299","Ribosome-associated quality control","46/373","143/10039",3.11778073158467e-31,8.81552501855564e-29,5.78430372570313e-29,"PSMB2/RPL5/PSMA5/PSMB4/RPS7/RPS27A/RPL31/RPL32/RPL24/RPL22L1/PSMD2/RPL39L/RPL35A/RPS23/RPS18/RPS10/RPL10A/PSMB1/RPL10/RPL7/RPL8/RPS6/RPL7A/RPLP2/RPS25/RPS24/RPS26/RPL41/RPL6/RPL21/PSMB5/PSMA3/UBB/RPL23A/RPL27/RPL18A/UBA52/RPS16/PSMC4/RPL18/RPL13A/RPS11/RPS9/RPL28/RPS5/RBX1",46,"Protein synthesis / translational processes"
"Reactome","2","R-HSA-156827","L13a-mediated translational silencing of Ceruloplasmin expression","41/373","110/10039",7.37897919266309e-31,1.66912509338039e-28,1.09519585912157e-28,"RPL5/RPS7/RPS27A/RPL31/RPL32/RPL24/RPL22L1/EIF4G1/EIF4A2/RPL39L/RPL35A/RPS23/RPS18/RPS10/RPL10A/RPL10/RPL7/EIF3H/RPL8/RPS6/RPL7A/RPLP2/RPS25/RPS24/RPS26/RPL41/RPL6/RPL21/RPL23A/RPL27/RPL18A/UBA52/RPS16/RPL18/RPL13A/RPS11/RPS9/RPL28/RPS5/EIF3D/EIF3L",41,"Protein synthesis / translational processes"
"Reactome","2","R-HSA-72706","GTP hydrolysis and joining of the 60S ribosomal subunit","41/373","111/10039",1.13196169155332e-30,1.92870497857302e-28,1.26551911200519e-28,"RPL5/RPS7/RPS27A/RPL31/RPL32/RPL24/RPL22L1/EIF4G1/EIF4A2/RPL39L/RPL35A/RPS23/RPS18/RPS10/RPL10A/RPL10/RPL7/EIF3H/RPL8/RPS6/RPL7A/RPLP2/RPS25/RPS24/RPS26/RPL41/RPL6/RPL21/RPL23A/RPL27/RPL18A/UBA52/RPS16/RPL18/RPL13A/RPS11/RPS9/RPL28/RPS5/EIF3D/EIF3L",41,"Protein synthesis / translational processes"
