"SYMBOL","ENTREZID"
"CRABP2","1382"
"TSEN34","79042"
"CDKN2A","1029"
"CALML5","51806"
"IGKC","3514"
"KRT14","3861"
"PIGR","5284"
"SLPI","6590"
"RPL13A","23521"
"KRT5","3852"
"CSN1S1","1446"
"AGR3","155465"
"ASPM","259266"
"IGFBP5","3488"
"UBE2C","11065"
"TTYH1","57348"
"MT-ND3","4537"
"KRT19","3880"
"RPS6","6194"
"CENPA","1058"
"RPS5","6193"
"CD74","972"
"CENPF","1063"
"TRIR","79002"
"TAGLN","6876"
"LAPTM4A","9741"
"ATP5F1C","509"
"CDK1","983"
"ANKRD30A","91074"
"MYLK","4638"
"RPS18","6222"
"RPL23A","6147"
"CDC20","991"
"MALAT1","378938"
"RPS23","6228"
"TOP2A","7153"
"SF3B6","51639"
"ATP5F1B","506"
"NDUFB5","4711"
"CDCA3","83461"
"LTF","4057"
"ACTA2","59"
"ATP5PO","539"
"CALML3","810"
"PRDX2","7001"
"POLR2H","5437"
"PERP","64065"
"NUDT5","11164"
"KRT8","3856"
"MT-CO2","4513"
"CSTB","1476"
"RPL27","6155"
"RPL35A","6165"
"CDCA8","55143"
"DEPDC1","55635"
"NACA","4666"
"TFF3","7033"
"HLA-DRA","3122"
"COMT","1312"
"HOOK2","29911"
"NUF2","83540"
"FXYD3","5349"
"SLC25A5","292"
"MT-ATP6","4508"
"SPC25","57405"
"CCNB1","891"
"EIF4A2","1974"
"RPS7","6201"
"SOD1","6647"
"CBR3","874"
"RPL28","6158"
"AP2M1","1173"
"VCAN","1462"
"SEC61B","10952"
"MKI67","4288"
"CDKN3","1033"
"TUBA1B","10376"
"AFF3","3899"
"RAD23A","5886"
"AURKB","9212"
"EPCAM","4072"
"AGR2","10551"
"CD63","967"
"CYC1","1537"
"CSN3","1448"
"RPS16","6217"
"SPINT2","10653"
"OST4","100128731"
"CSN2","1447"
"ALDH1A1","216"
"RPL41","6171"
"NEAT1","283131"
"NUSAP1","51203"
"HMGN1","3150"
"BRK1","55845"
"RPL24","6152"
"EEF1A1","1915"
"NNMT","4837"
"RPS10","6204"
"EIF3H","8667"
"SNORC","389084"
"CDK4","1019"
"FBL","2091"
"CUTA","51596"
"PFN1","5216"
"C19orf53","28974"
"ERH","2079"
"UQCRH","7388"
"LMO4","8543"
"DBI","1622"
"MTRNR2L12","100463498"
"HNRNPA1","3178"
"DYNLT1","6993"
"PPA1","5464"
"ANP32B","10541"
"HLA-DRB1","3123"
"TCIM","56892"
"PLK1","5347"
"MT2A","4502"
"YBX1","4904"
"FRZB","2487"
"TMEM205","374882"
"RPL7A","6130"
"ETFB","2109"
"CCT8","10694"
"RPL31","6160"
"PLAT","5327"
"TMEM123","114908"
"BIRC5","332"
"FABP5","2171"
"ABRACL","58527"
"RPL8","6132"
"ZFAS1","441951"
"MARCKSL1","65108"
"ATP5MC2","517"
"HLA-A","3105"
"SAA1","6288"
"HMGB2","3148"
"KRT18","3875"
"LALBA","3906"
"MDK","4192"
"CNPY2","10330"
"NUCKS1","64710"
"RPL18","6141"
"ATP5PD","10476"
"CD36","948"
"B2M","567"
"VDAC2","7417"
"A2M","2"
"AK5","26289"
"IFI16","3428"
"ACTL6A","86"
"JUNB","3726"
"BTF3","689"
"TPX2","22974"
"RPS11","6205"
"DLGAP5","9787"
"RPS26","6231"
"TUBB","203068"
"MMADHC","27249"
"HMMR","3161"
"MT-CYB","4519"
"MRPL47","57129"
"MTRNR2L8","100463486"
"COL8A1","1295"
"HMGA1","3159"
"CDC123","8872"
"RPL18A","6142"
"RAB10","10890"
"RPL7","6129"
"PRDX1","5052"
"POLR1D","51082"
"IFIT1","3434"
"HJURP","55355"
"PSMB2","5690"
"CCNB2","9133"
"RPS25","6230"
"ATP5PF","522"
"ODC1","4953"
"CFL1","1072"
"RPS14","6208"
"TBCB","1155"
"RPL32","6161"
"CA2","760"
"RPL21","6144"
"TECR","9524"
"COL17A1","1308"
"FBXO32","114907"
"CKS2","1164"
"CRYAB","1410"
"RPS20","6224"
"NAP1L1","4673"
"HLA-B","3106"
"KRT6B","3854"
"MRPS15","64960"
"COX4I1","1327"
"CCND1","595"
"RPL6","6128"
"TTC3","7267"
"DDX39A","10212"
"CYB5A","1528"
"UBE2S","27338"
"ATP5MC3","518"
"COMMD6","170622"
"DKK3","27122"
"VIM","7431"
"MT-CO1","4512"
"HP","3240"
"CCNA2","890"
"CENPE","1062"
"MYH11","4629"
"KRT17","3872"
"COPE","11316"
"PHGDH","26227"
"RPL22L1","200916"
"COL4A2","1284"
"MT-ND4L","4539"
"PIP","5304"
"PDIA6","10130"
"TMEM213","155006"
"RPS8","6202"
"CLU","1191"
"LAGE3","8270"
"RPL13","6137"
"PTTG1","9232"
"RANBP1","5902"
"TACSTD2","4070"
"RPS4X","6191"
"TIMP1","7076"
"SMC4","10051"
"S100A10","6281"
"EMP2","2013"
"MT-ND5","4540"
"REXO2","25996"
"TUBA1C","84790"
"HNRNPA2B1","3181"
"CNN1","1264"
"MYL9","10398"
"TMSB10","9168"
"MRPS6","64968"
"TBCA","6902"
"IL32","9235"
"CCT5","22948"
"COL6A2","1292"
"ATP6V1G1","9550"
"RPL23","9349"
"TF","7018"
"S100A11","6282"
"NEK2","4751"
"MT-CO3","4514"
"ATP5MG","10632"
"PDCD6","10016"
"AURKA","6790"
"SH3YL1","26751"
"JCHAIN","3512"
"WDR83OS","51398"
"TNFSF10","8743"
"COX7C","1350"
"RPS27A","6233"
"IER2","9592"
"PCBP2","5094"
"RACK1","10399"
"UBB","7314"
"IFI27","3429"
"CD9","928"
"HLA-DPA1","3113"
"CXCL2","2920"
"CAV1","857"
"TMEM167A","153339"
"SGO1","151648"
"CALR","811"
"SAA2","6289"
"SPARCL1","8404"
"NTN4","59277"
"PBK","55872"
"SCRG1","11341"
"MYC","4609"
"CBR1","873"
"RBP1","5947"
"KDELR1","10945"
"DPM1","8813"
"CHCHD2","51142"
"SAP18","10284"
"BCL2A1","597"
"THUMPD3-AS1","440944"
"SSB","6741"
"HEY1","23462"
"EEF1B2","1933"
"ISOC2","79763"
"CENPW","387103"
"UBE2T","29089"
"MT-ND4","4538"
"PSMB1","5689"
"RPS9","6203"
"GAPDH","2597"
"PIGP","51227"
"STMN1","3925"
"ECT2","1894"
"PTN","5764"
"HDAC2","3066"
"PFDN5","5204"
"SSR3","6747"
"COL6A1","1291"
"TMC5","79838"
"HLA-DQA1","3117"
"LPL","4023"
"KPNA2","3838"
"S100A1","6271"
"TSHZ2","128553"
"SLC7A2","6542"
"SLC25A6","293"
"HLA-C","3107"
"TIMP3","7078"
"AR","367"
"RBM17","84991"
"SCUBE2","57758"
"RPL5","6125"
"PSMA5","5686"
"MMP3","4314"
"RHEX","440712"
"PPP2R1A","5518"
"YWHAQ","10971"
"MGST3","4259"
"RPL4","6124"
"COL4A1","1282"
"CEBPD","1052"
"RPLP2","6181"
"GHITM","27069"
"ILF2","3608"
"LSM4","25804"
"RPLP0","6175"
"BIRC3","330"
"RPL10A","4736"
"RPS19","6223"
"OCIAD2","132299"
"HES1","3280"
"MDH1","4190"
"SERP1","27230"
"CXCL14","9547"
"SGO2","151246"
"GMPS","8833"
"XBP1","7494"
"FDPS","2224"
"RPL26","6154"
"TAGLN2","8407"
"BEST4","266675"
"KIF23","9493"
"CFAP298","56683"
"PDCD5","9141"
"RPL27A","6157"
"CKS1B","1163"
"TMEM14B","81853"
"XIST","7503"
"HSPB1","3315"
"SDC1","6382"
"GTSE1","51512"
"IFIT2","3433"
"KIF2C","11004"
"APP","351"
"RRM2","6241"
"IDH2","3418"
"BABAM1","29086"
"PRPF31","26121"
"HINT2","84681"
"ACP1","52"
"MGP","4256"
"SLC3A2","6520"
"MRPL36","64979"
"SNRPD1","6632"
"RPS24","6229"
"HIGD2A","192286"
"NDUFB9","4715"
"CLIC1","1192"
"CCNL1","57018"
"PSMB5","5693"
"KRT15","3866"
"STAC2","342667"
"HSPE1","3336"
"DSP","1832"
"RPS17","6218"
"NDUFB4","4710"
"SNRPF","6636"
"CCT2","10576"
"MAGOH","4116"
"HTN1","3346"
"SYT8","90019"
"CCL2","6347"
"IFI44L","10964"
"RPL39L","116832"
"PSMB9","5698"
"S100A8","6279"
"ATP5PB","515"
"NDUFB3","4709"
"MAD2L1","4085"
"CALM2","805"
"DPY30","84661"
"SERBP1","26135"
"CRABP1","1381"
"ARF1","375"
"RPL34","6164"
"ZG16B","124220"
"SLC25A37","51312"
"LDHB","3945"
"CCSER2","54462"
"MT1E","4493"
"C4BPA","722"
"C1S","716"
"TSPO","706"
"UTP11","51118"
"JUN","3725"
"SQLE","6713"
"CCT4","10575"
"COX6B1","1340"
"NPM1","4869"
"SERPING1","710"
"NDC80","10403"
"PSMB4","5692"
"NDUFB7","4713"
"BANF1","8815"
"CLTA","1211"
"SIX1","6495"
"JUND","3727"
"RPL9","6133"
"BST2","684"
"CA12","771"
"SUMO3","6612"
"CHST1","8534"
"C4BPB","725"
"IGHG1","3500"
"DDT","1652"
"RSAD2","91543"
"LGALS1","3956"
"ARL6IP5","10550"
"MYL6","4637"
"LGALS3BP","3959"
"CDCA2","157313"
"RPS12","6206"
"PCLAF","9768"
"HMGB1","3146"
"ARPC3","10094"
"ATP1B3","483"
"CXADR","1525"
"ISG15","9636"
"GSTP1","2950"
"FOS","2353"
"PPIC","5480"
"SNRPE","6635"
"ID3","3399"
"SNCG","6623"
"RBP4","5950"
"MRPL14","64928"
"RPL36AL","6166"
"MRPS12","6183"
"SAT1","6303"
"NME1","4830"
"CD2","914"
"SMIM22","440335"
"GJB6","10804"
"HSPD1","3329"
"PCMT1","5110"
"NPC2","10577"
"SUMO1","7341"
"PSAP","5660"
"LSR","51599"
"PMP22","5376"
"IGFBP4","3487"
"DNASE2","1777"
"TCN1","6947"
"MELK","9833"
"P4HA1","5033"
"PIF1","80119"
"PARP1","142"
"EEF2","1938"
"REEP5","7905"
"MT-ATP8","4509"
"NPW","283869"
"NFIX","4784"
"TROAP","10024"
"FAM83D","81610"
"FOSB","2354"
"APLP2","334"
"RPS15A","6210"
"MDFI","4188"
"MT1X","4501"
"MT-ND1","4535"
"IFITM3","10410"
"TMEM59","9528"
"LAMTOR5","10542"
"SIVA1","10572"
"RAB5IF","55969"
"PTGES3","10728"
"MRPL9","65005"
"DNAJC19","131118"
"RTN4","57142"
"PAM","5066"
"UBXN4","23190"
"UCHL3","7347"
"MYBL2","4605"
"SLC25A3","5250"
"DDAH2","23564"
"IFITM2","10581"
"GNAS","2778"
"HINT1","3094"
"RPL3","6122"
"CKAP2","26586"
"ATRAID","51374"
"GADD45GIP1","90480"
"IGHA1","3493"
"SLIRP","81892"
"DCUN1D5","84259"
"COX5A","9377"
"CTHRC1","115908"
"ACTB","60"
"SFRP1","6422"
"TNNT1","7138"
"BASP1","10409"
"GTPBP4","23560"
"TTK","7272"
"HSBP1","3281"
"TPI1","7167"
"SDHC","6391"
"HLA-DPB1","3115"
"UQCRFS1","7386"
"SON","6651"
"CCT6A","908"
"BEX3","27018"
"EGR1","1958"
"TCP1","6950"
"APOE","348"
"DIO2","1734"
"MAFF","23764"
"EIF3L","51386"
"MRPL58","3396"
"TMEM147","10430"
"CD24","100133941"
"PEPD","5184"
"COX7A2","1347"
"IFIT3","3437"
"CSRP2","1466"
"MLF2","8079"
"GDI2","2665"
"COX8A","1351"
"LYZ","4069"
"RPS3","6188"
"XDH","7498"
"RTRAF","51637"
"SGK1","6446"
"IFI6","2537"
"SF3B2","10992"
"FAM162A","26355"
"ATP1B1","481"
"TMEM258","746"
"TXN","7295"
"SEC61G","23480"
"TPT1","7178"
"LCP1","3936"
"SUMO2","6613"
"HNRNPH3","3189"
"PSMD2","5708"
"EIF4G1","1981"
"SERPINA1","5265"
"DST","667"
"CADM1","23705"
"ZFP36","7538"
"KIFC1","3833"
"HNRNPDL","9987"
"TPM1","7168"
"CISD1","55847"
"RPS2","6187"
"RAB11FIP1","80223"
"TFG","10342"
"SSR2","6746"
"RHEB","6009"
"TM4SF1","4071"
"GPX3","2878"
"SEMA5A","9037"
"SNRPG","6637"
"IGLC2","3538"
"LGALS3","3958"
"FABP7","2173"
"TMBIM6","7009"
"RPS13","6207"
"BTN1A1","696"
"MEPE","56955"
"SF3B5","83443"
"C1R","715"
"IFI44","10561"
"RPL36","25873"
"CCT3","7203"
"MRPL51","51258"
"KNSTRN","90417"
"IRF1","3659"
"MAP3K13","9175"
"PSMC4","5704"
"DEK","7913"
"MTFR2","113115"
"CLDN7","1366"
"RPL19","6143"
"SOX4","6659"
"ADI1","55256"
"BTG1","694"
"COX6C","1345"
"NDRG1","10397"
"ARPC2","10109"
"MEAF6","64769"
"RPLP1","6176"
"OAS1","4938"
"CSNK2B","1460"
"MIS18A","54069"
"RPN2","6185"
"PARP14","54625"
"RGS16","6004"
"NDRG2","57447"
"HNRNPF","3185"
"KIF14","9928"
"PPP4C","5531"
"NOP53","29997"
"CEP55","55165"
"JTB","10899"
"PIMREG","54478"
"GPAA1","8733"
"POMP","51371"
"DDIT4","54541"
"ZWINT","11130"
"FDCSP","260436"
"PGAM1","5223"
"COX6A1","1337"
"GABRP","2568"
"CLDN4","1364"
"ATP5F1A","498"
"THBS1","7057"
"PA2G4","5036"
"NDUFA8","4702"
"KRT16","3868"
"RPL10","6134"
"SYNCRIP","10492"
"NOP10","55505"
"SRP9","6726"
"SMC2","10592"
"CCNI","10983"
"ZFP36L1","677"
"SOD2","6648"
"PDK4","5166"
"OXTR","5021"
"ERP29","10961"
"BCL2L12","83596"
"PTMA","5757"
"ARPC5","10092"
"DDX5","1655"
"SNRPD3","6634"
"IDI1","3422"
"RAN","5901"
"PDZK1IP1","10158"
"PI15","51050"
"PPP1CA","5499"
"MMP7","4316"
"TMED10","10972"
"ANXA2","302"
"FOXA1","3169"
"HNRNPA0","10949"
"GEM","2669"
"GJB2","2706"
"PSIP1","11168"
"TOMM20","9804"
"TBC1D9","23158"
"CXCR4","7852"
"UBL5","59286"
"NEBL","10529"
"AP3S1","1176"
"RPS27","6232"
"TUBA1A","7846"
"RPL29","6159"
"STX10","8677"
"DYNLL1","8655"
"TNC","3371"
"PIH1D1","55011"
"RAB25","57111"
"KLF6","1316"
"RABAC1","10567"
"RPL30","6156"
"ELF3","1999"
"P4HB","5034"
"ECH1","1891"
"SEC13","6396"
"KHDRBS1","10657"
"TACC3","10460"
"COX7A2L","9167"
"HSPA8","3312"
"RAB7A","7879"
"RFC4","5984"
"APRT","353"
"RHOC","389"
"STAT3","6774"
"MAP1LC3B","81631"
"PSRC1","84722"
"TAP1","6890"
"HSP90AB1","3326"
"DHFR","1719"
"MIR222HG","104457406"
"SMAGP","57228"
"PARL","55486"
"PFDN2","5202"
"MUCL1","118430"
"RPL36A","6173"
"MRPL34","64981"
"ELOC","6921"
"PRPF40A","55660"
"PTPRC","5788"
"NOVA1","4857"
"GNG5","2787"
"PSMD4","5710"
"EIF3K","27335"
"CMPK2","129607"
"ATP5IF1","93974"
"MZT1","440145"
"PSMG1","8624"
"HSP90AA1","3320"
"PEBP1","5037"
"MTDH","92140"
"SLC12A2","6558"
"RER1","11079"
"MGST1","4257"
"OAT","4942"
"SET","6418"
"KIF20B","9585"
"LINC02515","102723920"
"PTRHD1","391356"
"GGH","8836"
"FGFBP2","83888"
"PCNA","5111"
"LAMTOR2","28956"
"SRP14","6727"
"ANLN","54443"
"HADHB","3032"
"MTCH1","23787"
"CCL28","56477"
"MT-ND2","4536"
"PPM1G","5496"
"MYL12B","103910"
"MAF1","84232"
"RPS29","6235"
"SRSF7","6432"
"NECTIN4","81607"
"TSFM","10102"
"POTEE","445582"
"MIF","4282"
"GSN","2934"
"RPL15","6138"
"CD3G","917"
"EWSR1","2130"
"ARL6IP1","23204"
"CD52","1043"
"DHPS","1725"
"HLA-E","3133"
"NEK10","152110"
"ID1","3397"
"COX5B","1329"
"RPS28","6234"
"RAD51AP1","10635"
"GIPC1","10755"
"MRPS16","51021"
"OASL","8638"
"CD3D","915"
"FAM3B","54097"
"SYTL2","54843"
"JPT1","51155"
"ESCO2","157570"
"HNRNPA3","220988"
"SRSF9","8683"
"EIF4B","1975"
"HNRNPK","3190"
"CBX5","23468"
"GPSM2","29899"
"SCGB3A1","92304"
"EIF1AX","1964"
"SYNM","23336"
"KIF20A","10112"
"HES4","57801"
"NCAPG","64151"
"CARMN","728264"
"EFEMP1","2202"
"GLS","2744"
"ARF4","378"
"MXD3","83463"
"UBE2L6","9246"
"SRGN","5552"
"S100A2","6273"
"FTH1","2495"
"GJA1","2697"
"RAD23B","5887"
"PSMA7","5688"
"MRPL3","11222"
"PGR","5241"
"SPDEF","25803"
"MORF4L2","9643"
"GADD45B","4616"
"UBE2L3","7332"
"BUB1","699"
"HMGN3","9324"
"MX1","4599"
"TRMT112","51504"
"TMEM14A","28978"
"ITM2B","9445"
"PSMA3","5684"
"DLX1","1745"
"SELENOP","6414"
"TPM2","7169"
"MAOB","4129"
"ID2","3398"
"ETS1","2113"
"CFB","629"
"HSP90B1","7184"
"PTHLH","5744"
"EBNA1BP2","10969"
"EXOSC3","51010"
"PABPC1","26986"
"LSM10","84967"
"SRP19","6728"
"PGK1","5230"
"NQO1","1728"
"SPATS2","65244"
"ACAT2","39"
"PRDX6","9588"
"EIF3E","3646"
"PRR11","55771"
"CHCHD1","118487"
"SPARC","6678"
"MLPH","79083"
"RBX1","9978"
"TRMT10C","54931"
"TFAP2B","7021"
"ATP6V0E1","8992"
"EBPL","84650"
"PCBD1","5092"
"TPD52","7163"
"RAD21","5885"
"APEX1","328"
"LINC00623","728855"
"RAB2A","5862"
"SSBP1","6742"
"TOMM7","54543"
"FBXO5","26271"
"BTF3L4","91408"
"SPP1","6696"
"RPS21","6227"
"TMEM45A","55076"
"RACGAP1","29127"
"GRHPR","9380"
"IFNGR2","3460"
"MRPL20","55052"
"HMGB3","3149"
"EXOSC4","54512"
"ESR1","2099"
"PSMB3","5691"
"IGFBP2","3485"
"MAP1B","4131"
"ZNF581","51545"
"NRP2","8828"
"RPL12","6136"
"RHOBTB3","22836"
"HNRNPC","3183"
"KRT7","3855"
"CHCHD10","400916"
"RPL37","6167"
"RPL35","11224"
"PUF60","22827"
"TUBB4B","10383"
"MRPS21","54460"
"BGN","633"
"PPP1R16A","84988"
"AZGP1","563"
"KCNQ1OT1","10984"
"IFIH1","64135"
"IFITM1","8519"
"S100A16","140576"
"HMGN2","3151"
"EIF4A3","9775"
"CD44","960"
"MYL12A","10627"
"UBC","7316"
"EI24","9538"
"HLA-DMA","3108"
"MALL","7851"
"YWHAB","7529"
"S100A6","6277"
"SEC63","11231"
"MAGEF1","64110"
"ERGIC3","51614"
"MEG3","55384"
"C1QBP","708"
"RBBP7","5931"
"TMEM14C","51522"
"NDUFB2","4708"
"SHMT2","6472"
"ENSA","2029"
"DIAPH3","81624"
"PRELID1","27166"
"LMAN1","3998"
"BTG3","10950"
"LSM3","27258"
"ICAM1","3383"
"ANAPC16","119504"
"CACYBP","27101"
"DLX5","1749"
"CCL5","6352"
"HSD17B1","3292"
"EIF1","10209"
"POLR2F","5435"
"LSM2","57819"
"DSG1","1828"
"USP18","11274"
"KRT10","3858"
"TWIST1","7291"
"MYO10","4651"
"NEDD9","4739"
"CDC42","998"
"HPRT1","3251"
"SELENOM","140606"
"PAICS","10606"
"KLHDC7B","113730"
"KIF4A","24137"
"SNHG7","84973"
"TNFAIP3","7128"
"PRMT1","3276"
"DEPDC1B","55789"
"IER3","8870"
"IL17B","27190"
"CD69","969"
"INPP4B","8821"
"ITM2A","9452"
"IL20RA","53832"
"TM4SF18","116441"
"TRAPPC3","27095"
"STOML2","30968"
"CHMP2A","27243"
"SPC24","147841"
"CA9","768"
"ZBTB16","7704"
"SRP72","6731"
"MUC15","143662"
"SRSF3","6428"
"DUSP4","1846"
"DGUOK","1716"
"DNAJC9","23234"
"SH3BGR","6450"
"PPIB","5479"
"PTS","5805"
"DCDC2","51473"
"PPP1R1B","84152"
"NASP","4678"
"ARL1","400"
"FIBP","9158"
"LAPTM4B","55353"
"TRBC2","28638"
"RARRES1","5918"
"LY6E","4061"
"MRPL4","51073"
"ANAPC11","51529"
"ERBB4","2066"
"FOSL1","8061"
"RPS3A","6189"
"ATP6V0B","533"
"SMCO4","56935"
"USP1","7398"
"SF3A3","10946"
"VMP1","81671"
"MRPL18","29074"
"PSMD14","10213"
"S100A9","6280"
"MPZL2","10205"
"DNAJB11","51726"
"RNF19A","25897"
"RTP4","64108"
"HTR2A","3356"
"ACTG1","71"
"PTPRF","5792"
"IRS1","3667"
"CBX3","11335"
"SPCS1","28972"
"NENF","29937"
"HADHA","3030"
"FUS","2521"
"PRDX4","10549"
"SEC62","7095"
"MME","4311"
"DLX2","1746"
"PMAIP1","5366"
"GTF3A","2971"
"MZT2B","80097"
"RTN3","10313"
"PSENEN","55851"
"SLC40A1","30061"
"PAFAH1B3","5050"
"ELOF1","84337"
"RBM8A","9939"
"FKBP8","23770"
"PGRMC1","10857"
"CSNK1A1","1452"
"TRAC","28755"
"VPS72","6944"
"ATP5MC1","516"
"STAT1","6772"
"CYP26B1","56603"
"SELENOF","9403"
"TMSB4X","7114"
"TMEM165","55858"
"OAS2","4939"
"GRN","2896"
"NCBP2","22916"
"LTBP2","4053"
"SCP2","6342"
"MSRB2","22921"
"AHSA1","10598"
"NFIB","4781"
"UBA52","7311"
"LCN2","3934"
"CNIH4","29097"
"YWHAZ","7534"
"PTTG1IP","754"
"ASF1B","55723"
"NCAPH","23397"
"COL5A2","1290"
"CALM1","801"
"HLA-F","3134"
"MIDN","90007"
"EEF1D","1936"
"SLC2A1","6513"
"TMEM134","80194"
"RPL22","6146"
"APH1A","51107"
"ATG101","60673"
"YIF1A","10897"
"ZFP36L2","678"
"FDFT1","2222"
"CKAP2L","150468"
"AEBP1","165"
"UQCRQ","27089"
"S100P","6286"
"YBEY","54059"
"PLSCR1","5359"
"MPC2","25874"
"HNRNPD","3184"
"BAMBI","25805"
"SNHG8","100093630"
"AURKAIP1","54998"
"KRT81","3887"
"FXR1","8087"
"STMP1","647087"
"ENY2","56943"
"WFDC2","10406"
"PAK2","5062"
"CST3","1471"
"PPP1R14A","94274"
"KLF10","7071"
"PNISR","25957"
"TRIP13","9319"
"PHLDA2","7262"
"NCL","4691"
"RBM42","79171"
"PNRC1","10957"
"IGHM","3507"
"RAB1A","5861"
"FTL","2512"
"ERBB3","2065"
"IGFBP3","3486"
"MCM7","4176"
"FXYD6","53826"
"YIPF2","78992"
"TFPT","29844"
"HSPBP1","23640"
"GCSH","2653"
"EIF3D","8664"
"CNN3","1266"
"SNX3","8724"
"APOL6","80830"
"RPL11","6135"
"MRPL33","9553"
"SLC39A6","25800"
"MAL2","114569"
"CHI3L1","1116"
"ZC3H15","55854"
"CSRNP1","64651"
"NOTCH3","4854"
"DAPP1","27071"
"CHST9","83539"
"ATF3","467"
"FBP1","2203"
"TMED2","10959"
"ITGB1","3688"
"PSMA2","5683"
"HEXIM1","10614"
"ANP32E","81611"
"ARHGAP29","9411"
"ERG28","11161"
"ARPC5L","81873"
"SAMD9","54809"
"WLS","79971"
"ATF4","468"
"BBX","56987"
"CPE","1363"
"TK1","7083"
"LARP6","55323"
"VEGFA","7422"
"SHKBP1","92799"
"NIPSNAP3A","25934"
"LRG1","116844"
"MRPL11","65003"
"COTL1","23406"
"POLR2I","5438"
"CAPG","822"
"TACC1","6867"
"SRARP","149563"
"CDA","978"
"ARL6IP6","151188"
"NUCB2","4925"
"SPCS2","9789"
"MPLKIP","136647"
"SRSF2","6427"
"COL6A3","1293"
"PRC1","9055"
"RCN2","5955"
"HSD17B2","3294"
"KIF5B","3799"
"PRSS23","11098"
"ATAD2","29028"
"HPX","3263"
"BHLHE41","79365"
"XAF1","54739"
"EID1","23741"
"COX14","84987"
"ANXA1","301"
"HSF1","3297"
"ADIRF","10974"
"TALDO1","6888"
"SCPEP1","59342"
"EFNA4","1945"
"SNRPB","6628"
"TMEM106C","79022"
"CAMK2N1","55450"
"SERPINE2","5270"
"DUSP1","1843"
"PSMD8","5714"
"MRPL57","78988"
"PCNP","57092"
"TM9SF2","9375"
"HLA-DQB1","3119"
"ATP1A1","476"
"LAMC2","3918"
"TFAM","7019"
"SFT2D1","113402"
"TAX1BP1","8887"
"HEY2","23493"
"EGR3","1960"
"YY1","7528"
"XRCC5","7520"
"TMCO1","54499"
"PAPOLA","10914"
"SEMA3C","10512"
"DAB2","1601"
"HNRNPM","4670"
"SDHB","6390"
"RPL39","6170"
"NTRK2","4915"
"GPI","2821"
"POLE4","56655"
"PTGS2","5743"
"UBE2N","7334"
"FEN1","2237"
"PKM","5315"
"STK17A","9263"
"LMAN2","10960"
"MRPL37","51253"
"S100A13","6284"
"IGLC3","3539"
"RIC3","79608"
"RPL37A","6168"
"MRPL50","54534"
"ZDHHC12","84885"
"RPL14","9045"
"TMA7","51372"
"IQGAP3","128239"
"CAMTA1","23261"
"YBX3","8531"
"DNAJB1","3337"
"BORA","79866"
"THY1","7070"
"CAP1","10487"
"GGCT","79017"
"DNMT1","1786"
"BRCA2","675"
"VPS29","51699"
"EIF2B5","8893"
"C1orf122","127687"
"CYP1B1","1545"
"ALG3","10195"
"ENO1","2023"
"N4BP2L2","10443"
"CREB5","9586"
"MRPL39","54148"
"BAX","581"
"RUVBL1","8607"
"DTYMK","1841"
"C11orf96","387763"
"MYDGF","56005"
"CALD1","800"
"FAU","2197"
"HYLS1","219844"
"CYCS","54205"
"CIRBP","1153"
"MFGE8","4240"
"NDUFAB1","4706"
"MRPS33","51650"
"PDLIM5","10611"
"CCND2","894"
"FGF10","2255"
"RPN1","6184"
"RHOV","171177"
"MCL1","4170"
"CDKN2B","1030"
"HNRNPU","3192"
"PGLS","25796"
"COMMD3","23412"
"KRT27","342574"
"ADRB2","154"
"RGS1","5996"
"ACADSB","36"
"MBOAT7","79143"
"DUT","1854"
"SSR1","6745"
"HDDC2","51020"
"GNL2","29889"
"YDJC","150223"
"CD244","51744"
"YEATS4","8089"
"NDUFA9","4704"
"KTN1","3895"
"PLPP2","8612"
"KNL1","57082"
"KIT","3815"
"PPA2","27068"
"RPSA","3921"
"EBLN3P","100506710"
"SRSF5","6430"
"CD99","4267"
"DNAJC1","64215"
"PLS3","5358"
"MDH2","4191"
"KCNQ3","3786"
"CD59","966"
"CDKN2C","1031"
"NDUFS6","4726"
"GYPC","2995"
"LSM5","23658"
"SELENOT","51714"
"MIS18BP1","55320"
"CNBP","7555"
"STC2","8614"
"POLR2K","5440"
"HNRNPUL1","11100"
"LTB","4050"
"ZEB1","6935"
"WEE1","7465"
"ERO1A","30001"
"DNPH1","10591"
"ACTN4","81"
"CX3CL1","6376"
"CHMP5","51510"
"LMNB1","4001"
"KRT23","25984"
"MFSD2A","84879"
"IGHG3","3502"
"PLTP","5360"
"AMPH","273"
"ADRM1","11047"
"LAMTOR4","389541"
"DSC2","1824"
"TRPS1","7227"
"AKR1A1","10327"
"PPIG","9360"
"SFN","2810"
"TRAM1","23471"
"CD48","962"
"GMPR","2766"
"MED10","84246"
"HAT1","8520"
"LDHA","3939"
"ATF5","22809"
"SELENBP1","8991"
"PKP1","5317"
"SPTSSA","171546"
"RBP7","116362"
"SUB1","10923"
"GRP","2922"
"EPB41L4A-AS1","114915"
"KLK10","5655"
"TPM4","7171"
"RAB5C","5878"
"PARP9","83666"
"CLDN3","1365"
"TGM2","7052"
"SFPQ","6421"
"CDC45","8318"
"ACTN1","87"
"KXD1","79036"
"STAU1","6780"
"IGHA2","3494"
"CDCA5","113130"
"CLEC7A","64581"
"DESI2","51029"
"GAS1","2619"
"TNS4","84951"
"PTBP3","9991"
"REEP6","92840"
"IRS2","8660"
"TUBA4A","7277"
"POTEI","653269"
"FRMD6","122786"
"NUDC","10726"
"SINHCAF","58516"
"CRIM1","51232"
"FBXO2","26232"
"COX7A1","1346"
"SNU13","4809"
"ARHGAP11A","9824"
"ATOX1","475"
"PROM1","8842"
"GPR160","26996"
"ITGB4","3691"
"PLP2","5355"
"GBP2","2634"
"CLSPN","63967"
"RASIP1","54922"
"GABARAPL2","11345"
"NCOA7","135112"
"POSTN","10631"
"ZCRB1","85437"
"CD14","929"
"SEM1","7979"
"SRSF11","9295"
"NDUFS2","4720"
"CSDE1","7812"
"BOLA3","388962"
"POLR2G","5436"
"AQP3","360"
"PGF","5228"
"FARSA","2193"
"PSAT1","29968"
"ERP44","23071"
"SYNPO2","171024"
"TMEM50A","23585"
"CDH3","1001"
"PNN","5411"
"SEPHS1","22929"
"NMI","9111"
"TRAPPC4","51399"
"CDCA4","55038"
"RTKN2","219790"
"PFDN4","5203"
"TPM3","7170"
"DNALI1","7802"
"RAB18","22931"
"CLDN1","9076"
"HSPA5","3309"
"GTF2A2","2958"
"CD7","924"
"MX2","4600"
"RAC2","5880"
"ANGPTL4","51129"
"NGFR","4804"
"USP53","54532"
"GATA3","2625"
"SERF2","10169"
"ASPG","374569"
"FOXM1","2305"
"FAM178B","51252"
"TGFBI","7045"
"LMNA","4000"
"UPK1B","7348"
"CAST","831"
"MLEC","9761"
"HMCES","56941"
"FLNA","2316"
"CACNA1A","773"
"MYADM","91663"
"TFF1","7031"
"C21orf58","54058"
"ASRGL1","80150"
"INHBA","3624"
"PDIA3","2923"
"SKP1","6500"
"SAC3D1","29901"
"TNF","7124"
"NKG7","4818"
"TPR","7175"
"FYB1","2533"
"NMU","10874"
"RPS15","6209"
"SMIM7","79086"
"SCGB2A2","4250"
"TIMMDC1","51300"
"LAMP3","27074"
"CFAP20","29105"
"POLR2L","5441"
"CNOT7","29883"
"MEX3A","92312"
"PRSS12","8492"
"CLDN11","5010"
"DDX21","9188"
"SDHD","6392"
"SMARCA4","6597"
"TXNDC17","84817"
"TRIM22","10346"
"ALDH7A1","501"
"DDX46","9879"
"DCTN3","11258"
"CHRD","8646"
"FHL2","2274"
"OAZ1","4946"
"RBPMS","11030"
"FKBP4","2288"
"SERPINB7","8710"
"TBL1XR1","79718"
"BACE2","25825"
"RNF213","57674"
"KIF11","3832"
"ARGLU1","55082"
"RRAD","6236"
"SEC11C","90701"
"SRRM2","23524"
"PPIA","5478"
"TYMP","1890"
"ERGIC2","51290"
"LSM14A","26065"
"ATP5F1D","513"
"SCAF11","9169"
"TREM2","54209"
"ARF6","382"
"GTF3C6","112495"
"SERPINH1","871"
"PRRC2C","23215"
"TIMM8B","26521"
"CCT7","10574"
"YIPF3","25844"
"EFNA3","1944"
"PTMS","5763"
"DDX1","1653"
"SOX9","6662"
"SKA2","348235"
"PDLIM4","8572"
"SERTAD4","56256"
"PPHLN1","51535"
"TGFB1I1","7041"
"DHX36","170506"
"DRAP1","10589"
"MT1M","4499"
"CD47","961"
"HDAC1","3065"
"USP16","10600"
"UQCRB","7381"
"IFI35","3430"
"TRA2B","6434"
"EGLN3","112399"
"CDC25C","995"
"FST","10468"
"TP63","8626"
"OLA1","29789"
"RPL38","6169"
"MIA","8190"
"NIFK","84365"
"GPRC5A","9052"
"UBE2E3","10477"
"GINS2","51659"
"ACTG2","72"
"RDX","5962"
"LURAP1L","286343"
"NFKBIA","4792"
"AP1M2","10053"
"TATDN1","83940"
"TRIM28","10155"
"MTPN","136319"
"SSRP1","6749"
"QPRT","23475"
"KDELR2","11014"
"ZFAND5","7763"
"FGF1","2246"
"NFKBIZ","64332"
"NUPR1","26471"
"UBA2","10054"
"TXNIP","10628"
"COPZ1","22818"
"NET1","10276"
"TPD52L1","7164"
"SLC39A2","29986"
"PSMG2","56984"
"MRPL42","28977"
"SERPINA3","12"
"PDLIM1","9124"
"TPRKB","51002"
"MRPL22","29093"
"ZYX","7791"
"SERTAD4-AS1","574036"
"SKA3","221150"
"DONSON","29980"
"LRRC42","115353"
"DSTN","11034"
"NFE4","58160"
"BHLHE40","8553"
"BRINP1","1620"
"DNAJA1","3301"
"FDX1","2230"
"CAVIN1","284119"
"CAPN6","827"
"JAGN1","84522"
"ELOVL5","60481"
"EIPR1","7260"
"NCAPD2","9918"
"NDUFC2","4718"
"MYH9","4627"
"PSMB8","5696"
"NR1H2","7376"
"MUC4","4585"
"MRPS5","64969"
"VAMP8","8673"
"ACTC1","70"
"HNRNPH1","3187"
"CRIPT","9419"
"GPC6","10082"
"BMP5","653"
"NCALD","83988"
"SLC15A3","51296"
"SLC7A5","8140"
"EIF2D","1939"
"KLK5","25818"
"HILPDA","29923"
"RUVBL2","10856"
"CCNH","902"
"ARID5B","84159"
"UPF3A","65110"
"PRELID3B","51012"
"IDO1","3620"
"FADS2","9415"
"PHB2","11331"
"MXRA8","54587"
"BSPRY","54836"
"CTSB","1508"
"AGO2","27161"
"PDE4B","5142"
"GMNN","51053"
"MRPL32","64983"
"RFXANK","8625"
"CYP24A1","1591"
"CDKN2D","1032"
"EFR3B","22979"
"MRPL16","54948"
"SUCLG1","8802"
"CXCL17","284340"
"NEXN","91624"
"NIT2","56954"
"TCEAL9","51186"
"PSMA4","5685"
"TEX30","93081"
"THRAP3","9967"
"TMED9","54732"
"MYBPC1","4604"
"ARHGDIB","397"
"IQGAP1","8826"
"ADM","133"
"KLK7","5650"
"BEX2","84707"
"CTSV","1515"
"RNF5","6048"
"ZNF639","51193"
"DHCR24","1718"
"GORASP2","26003"
"RBM25","58517"
"UROD","7389"
"FYTTD1","84248"
"CLSTN2","64084"
"MCM3","4172"
"YWHAH","7533"
"SBSPON","157869"
"GAS6","2621"
"ERLEC1","27248"
"ZFPM2","23414"
"RABGGTB","5876"
"DNAJC12","56521"
"SSR4","6748"
"FKBP3","2287"
"UQCR10","29796"
"XRCC6","2547"
"TM7SF2","7108"
"TRIB1","10221"
"RSU1","6251"
"NFIA","4774"
"LTBP4","8425"
"IRF2BP2","359948"
"DAP3","7818"
"HEBP2","23593"
"MCM10","55388"
"CSRP1","1465"
"VSNL1","7447"
"NDUFS5","4725"
"SNRPA1","6627"
"GPC4","2239"
"PPP1R15A","23645"
"PTX3","5806"
"SH3BGRL3","83442"
"BIRC2","329"
"HP1BP3","50809"
"TENT5A","55603"
"KIN","22944"
"CEBPG","1054"
"KLHDC3","116138"
"PPDPF","79144"
"TGFBR2","7048"
"NTM","50863"
"PPP4R2","151987"
"FABP3","2170"
"FOLR1","2348"
"BRDT","676"
"PSMB6","5694"
"SERPINB5","5268"
"DAD1","1603"
"CTNNB1","1499"
"FLT1","2321"
"TMPO","7112"
"EIF2S2","8894"
"PRPF38B","55119"
"PAK4","10298"
"PCMTD1","115294"
"SQSTM1","8878"
"TIMM17A","10440"
"TLR2","7097"
"MZT2A","653784"
"TAF7","6879"
"C12orf57","113246"
"ITGA3","3675"
"PTP4A2","8073"
"SMARCB1","6598"
"CIB1","10519"
"GCHFR","2644"
"YME1L1","10730"
"LINC02009","105377068"
"PRSS22","64063"
"BUB1B","701"
"CBX1","10951"
"GBP1","2633"
"TMC4","147798"
"SLC52A2","79581"
"EREG","2069"
"GADD45A","1647"
"LSM8","51691"
"LUC7L3","51747"
"MTX2","10651"
"CALU","813"
"PIN1","5300"
"YTHDF2","51441"
"ISG20","3669"
"CD164","8763"
"BTG2","7832"
"PRIM1","5557"
"CAPN8","388743"
"CKLF","51192"
"BATF","10538"
"EIF2A","83939"
"CYBA","1535"
"SMIM15","643155"
"RNF26","79102"
"BLVRB","645"
"DBF4","10926"
"TUSC3","7991"
"EMC4","51234"
"ASB2","51676"
"AKAP12","9590"
"MND1","84057"
"LAMP1","3916"
"BCAP31","10134"
"BSG","682"
"CDCA7","83879"
"EMC6","83460"
"DCAF13","25879"
"GZMA","3001"
"GPNMB","10457"
"DEFB1","1672"
"EMP1","2012"
"METTL5","29081"
"GZMK","3003"
"BNIP3","664"
"ENAH","55740"
"SLC38A1","81539"
"CKB","1152"
"BRD2","6046"
"VDAC1","7416"
"TUBG1","7283"
"VGLL4","9686"
"RHOB","388"
"WNK1","65125"
"TYMS","7298"
"MRPS14","63931"
"OCIAD1","54940"
"ORMDL1","94101"
"ROPN1","54763"
"BRD4","23476"
"NRXN2","9379"
"CES1","1066"
"UBE2D2","7322"
"MEIOB","254528"
"HACD3","51495"
"CFI","3426"
"EIF5","1983"
"SNRPC","6631"
"TINAGL1","64129"
"POPDC3","64208"
"PDCD2L","84306"
"FRMD3","257019"
"LSM7","51690"
"IGF2BP3","10643"
"DMAC1","90871"
"CYTIP","9595"
"AHNAK","79026"
"LINC01551","387978"
"DLX4","1748"
"SERPINF1","5176"
"NUP37","79023"
"BEX4","56271"
"SUPT4H1","6827"
"C9orf40","55071"
"SP100","6672"
"FCER1G","2207"
"PCBP1","5093"
"BBOX1","8424"
"SLC39A4","55630"
"LMCD1","29995"
"MOXD1","26002"
"NAA20","51126"
"ZNF706","51123"
"COPB2","9276"
"WIPF1","7456"
"RBM39","9584"
"IL7R","3575"
"TSTD1","100131187"
"BNIP3L","665"
"ZHX1","11244"
"UBXN1","51035"
"SDC4","6385"
"YIPF4","84272"
"PLIN2","123"
"NDUFS4","4724"
"PPP1R2","5504"
"NANS","54187"
"OSTC","58505"
"DCTN6","10671"
"NID1","4811"
"CHEK2","11200"
"SELENOK","58515"
"HAUS1","115106"
"DLG1","1739"
"PSMD7","5713"
"PDHA1","5160"
"LRP2","4036"
"EFHD1","80303"
"CHTOP","26097"
"GBP5","115362"
"IMPA2","3613"
"RRAGA","10670"
"HERPUD1","9709"
"KCNMB1","3779"
"SS18L2","51188"
"PYGB","5834"
"CIP2A","57650"
"RALA","5898"
"KRCC1","51315"
"VTCN1","79679"
"GPBP1","65056"
"NDUFAF4","29078"
"LAMC1","3915"
"UBE2A","7319"
"GBP4","115361"
"NAA10","8260"
"EPSTI1","94240"
"LEMD1","93273"
"AKR1C3","8644"
"EXOSC5","56915"
"FAM20A","54757"
"TET1","80312"
"BCLAF1","9774"
"CMSS1","84319"
"GSTM3","2947"
"CHMP4B","128866"
"BMP6","654"
"GOPC","57120"
"MYH14","79784"
"DDX60L","91351"
"HOXB6","3216"
"DUSP6","1848"
"SUSD3","203328"
"FAM174B","400451"
"GAS2L3","283431"
"VPS28","51160"
"FAM133B","257415"
"REEP4","80346"
"RAB27B","5874"
"PLLP","51090"
"PEG10","23089"
"ZNF521","25925"
"UGP2","7360"
"KIF15","56992"
"HERC6","55008"
"DSG3","1830"
"EVL","51466"
"SLC35B2","347734"
"EZR","7430"
"ORC4","5000"
"PFKP","5214"
"CDC26","246184"
"FUBP1","8880"
"ALDH1A3","220"
"PADI2","11240"
"DMKN","93099"
"TMEM50B","757"
"OLAH","55301"
"ATP23","91419"
"CHD4","1108"
"LAPTM5","7805"
"FKBP10","60681"
"SRI","6717"
"EIF2AK2","5610"
"DUSP5","1847"
"VAPA","9218"
"AREG","374"
"AMD1","262"
"LBR","3930"
"EIF4A1","1973"
"RNF168","165918"
"MAGED2","10916"
"DPT","1805"
"ALDH1L1","10840"
"TUBB2B","347733"
"NDUFAF8","284184"
"SNX10","29887"
"TFRC","7037"
"UFD1","7353"
"OSGEP","55644"
"RRP1","8568"
"ELF5","2001"
"TEAD2","8463"
"MAL","4118"
"CREB3L1","90993"
"CHRAC1","54108"
"RRBP1","6238"
"NOL7","51406"
"NINJ1","4814"
"TXNL1","9352"
"BRINP3","339479"
"ZBTB20","26137"
"GATA3-AS1","399717"
"NHP2","55651"
"DNAJC8","22826"
"SNRPD2","6633"
"UFC1","51506"
"RGCC","28984"
"KIF18A","81930"
"POLR2B","5431"
"METRN","79006"
"SMAP1","60682"
"PARPBP","55010"
"KLF9","687"
"COMMD5","28991"
"ZKSCAN1","7586"
"PIK3R1","5295"
"TSC22D1","8848"
"KLRC1","3821"
"CFLAR","8837"
"EDN1","1906"
"DKC1","1736"
"IL6ST","3572"
"CHMP2B","25978"
"PPP1CC","5501"
"HSPA1A","3303"
"ACADM","34"
"GOLGA4","2803"
"OAS3","4940"
"ZNF524","147807"
"MALSU1","115416"
"BLOC1S1","2647"
"UBE2E1","7324"
"SPATC1L","84221"
"SAMD9L","219285"
"TANK","10010"
"SKA1","220134"
"GSTK1","373156"
"METAP2","10988"
"SHARPIN","81858"
"TXNL4A","10907"
"LRRFIP1","9208"
"ACTR10","55860"
"RFK","55312"
"RPL7L1","285855"
"MASTL","84930"
"MTHFD2L","441024"
"ADIPOR1","51094"
"HTRA1","5654"
"FHL3","2275"
"HSPA9","3313"
"PRKDC","5591"
"SAMD11","148398"
"NDUFV2","4729"
"TRAT1","50852"
"RAB11A","8766"
"RNASE7","84659"
"LYPD3","27076"
"ANKRD35","148741"
"STRAP","11171"
"FOXO1","2308"
"IKZF3","22806"
"SCCPDH","51097"
"FNDC1","84624"
"VPS26A","9559"
"CDC37","11140"
"TNIK","23043"
"NES","10763"
"EMC8","10328"
"NR4A1","3164"
"ORC6","23594"
"CCDC34","91057"
"TUBB2A","7280"
"C16orf89","146556"
"PYURF","100996939"
"GOLIM4","27333"
"TMBIM4","51643"
"MRPS25","64432"
"ITGB1BP1","9270"
"SLC51A","200931"
"COX7B","1349"
"DHCR7","1717"
"SNHG9","735301"
"DCPS","28960"
"NUDCD2","134492"
"IDS","3423"
"TSPAN15","23555"
"SNHG25","105376843"
"ARPC1A","10552"
"SNX7","51375"
"MAPK13","5603"
"CDKN1A","1026"
"GART","2618"
"PYM1","84305"
"MORF4L1","10933"
"PDCD2","5134"
"GNLY","10578"
"ELOB","6923"
"SORBS2","8470"
"EMC3","55831"
"METTL9","51108"
"SMIM26","388789"
"SKIL","6498"
"CSTF3","1479"
"KPNB1","3837"
"ENPP1","5167"
"GNPNAT1","64841"
"RBMX","27316"
"ACAT1","38"
"CMPK1","51727"
"RNF7","9616"
"CD46","4179"
"CXCL11","6373"
"WASF2","10163"
"DPYSL2","1808"
"CCL4","6351"
"SRRM1","10250"
"ALDH16A1","126133"
"GON7","84520"
"POLR2J","5439"
"FAM107B","83641"
"SRPRA","6734"
"GLO1","2739"
"ARID4B","51742"
"FXYD5","53827"
"ANKRD12","23253"
"EIF4G2","1982"
"ACTR1B","10120"
"ITIH5","80760"
"MRPS23","51649"
"SERINC2","347735"
"CD81","975"
"PSMB7","5695"
"NDUFV1","4723"
"RBMS1","5937"
"PHF20L1","51105"
"LINC01235","401492"
"ANXA3","306"
"TDG","6996"
"RCAN1","1827"
"THYN1","29087"
"ATP5F1E","514"
"UNC5B","219699"
"ARMCX3","51566"
"TIMM9","26520"
"DRAM2","128338"
"S100A14","57402"
"ACTR3","10096"
"C1orf21","81563"
"ZNF22","7570"
"SEC24D","9871"
"SPHK1","8877"
"PRKCSH","5589"
"EPHA2","1969"
"FAM72D","728833"
"NDUFA13","51079"
"HPF1","54969"
"AGPAT2","10555"
"SCGB1D2","10647"
"NR4A2","4929"
"DDX60","55601"
"TNFRSF12A","51330"
"TBX22","50945"
"PTGR1","22949"
"ARHGEF39","84904"
"PRELP","5549"
"AK4","205"
"CLIC3","9022"
"VAMP5","10791"
"EIF3F","8665"
"NRIP1","8204"
"SNRNP70","6625"
"CAPN2","824"
"MPST","4357"
"ZNF667-AS1","100128252"
"PSME4","23198"
"FKBP1A","2280"
"APOC1","341"
"CISD2","493856"
"CD3E","916"
"RAB31","11031"
"JOSD2","126119"
"ADK","132"
"EIF3G","8666"
"TGIF1","7050"
"HAX1","10456"
"LPP","4026"
"UNC50","25972"
"MANF","7873"
"UQCR11","10975"
"ODF2L","57489"
"PRB2","653247"
"PLD3","23646"
"DERL1","79139"
"MSRB3","253827"
"MUC1","4582"
"PNPT1","87178"
"SMC1A","8243"
"LAMP2","3920"
"NUP107","57122"
"FAM111B","374393"
"KRTCAP3","200634"
"SRPK1","6732"
"GAMT","2593"
"CENPK","64105"
"RRP1B","23076"
"TMPRSS11E","28983"
"VSIG10L2","338667"
"ST13","6767"
"VRK1","7443"
"LMOD1","25802"
"NDUFS8","4728"
"CLEC2B","9976"
"PDCD4","27250"
"AZIN1","51582"
"AK2","204"
"INTS6","26512"
"ITM2C","81618"
"EDIL3","10085"
"ZNF32","7580"
"RAC1","5879"
"SLURP1","57152"
"TRABD2B","388630"
"DDR2","4921"
"CP","1356"
"MACF1","23499"
"DDX17","10521"
"PRDX5","25824"
"ST14","6768"
"DCTN2","10540"
"IRX2","153572"
"PRKCI","5584"
"MARCKS","4082"
"LPAR6","10161"
"ZNF90","7643"
"ILF3","3609"
"CHCHD3","54927"
"EHF","26298"
"AKT3","10000"
"ZNF146","7705"
"LOXL1","4016"
"PCID2","55795"
"CYTOR","112597"
"COPS5","10987"
"MRPL19","9801"
"FH","2271"
"ASPH","444"
"CLNS1A","1207"
"MEF2C","4208"
"CSAD","51380"
"ATIC","471"
"UQCC3","790955"
"RND3","390"
"SUV39H2","79723"
"LRP12","29967"
"COL4A6","1288"
"ITGA2","3673"
"C1QB","713"
"PCAT18","728606"
"PLK2","10769"
"FCGRT","2217"
"BARD1","580"
"NME4","4833"
"C12orf75","387882"
"LHX3","8022"
"ATP12A","479"
"SPESP1","246777"
"SPDL1","54908"
"TNFSF13B","10673"
"BZW2","28969"
"HCST","10870"
"GDF15","9518"
"CREG2","200407"
"MRPL21","219927"
"PTPRE","5791"
"FOXD3-AS1","100996301"
"ARC","23237"
"EIF2AK1","27102"
"LY6D","8581"
"C4A","720"
"BUB3","9184"
"C19orf33","64073"
"TCEAL4","79921"
"PDCD10","11235"
"FMC1","154791"
"TNFRSF14","8764"
"DDX24","57062"
"OIP5","11339"
"GGT5","2687"
"PFN2","5217"
"GFRA1","2674"
"ATG3","64422"
"TMEM179B","374395"
"ALDH2","217"
"RNPS1","10921"
"BRI3","25798"
"PRF1","5551"
"REL","5966"
"PIGX","54965"
"SPINT1","6692"
"GUK1","2987"
"UNG","7374"
"MARCO","8685"
"MYO6","4646"
"ZNF165","7718"
"CHEK1","1111"
"GLRX","2745"
"TSPAN13","27075"
"CDK2AP2","10263"
"GUCY1A1","2982"
"RAB8A","4218"
"EDF1","8721"
"LAMB3","3914"
"LRRCC1","85444"
"PDZK1","5174"
"IRAK1","3654"
"CITED4","163732"
"TIMM50","92609"
"SELENOH","280636"
"PIK3CD-AS2","101929074"
"OSMR","9180"
"NUP62","23636"
"KRTCAP2","200185"
"PREB","10113"
"NDUFA1","4694"
"ACADVL","37"
"SH3BGRL","6451"
"PRRX1","5396"
"ZNF580","51157"
"DDX49","54555"
"UBE2D3","7323"
"GRSF1","2926"
"ANKRD33B","651746"
"AHCYL1","10768"
"TIPRL","261726"
"RPP38","10557"
"PFKL","5211"
"CRACR2B","283229"
"SUSD4","55061"
"SDF2","6388"
"RORA","6095"
"SMIM14","201895"
"KIF18B","146909"
"RNF181","51255"
"NOP58","51602"
"HNRNPAB","3182"
"FSCN1","6624"
"CD27","939"
"CCDC14","64770"
"TSPAN7","7102"
"SLC16A3","9123"
"LINC00885","401109"
"HNRNPR","10236"
"SYNE2","23224"
"TMEM54","113452"
"CAV2","858"
"NDUFB10","4716"
"HSPH1","10808"
"TAF1D","79101"
"CHL1","10752"
"ACSL6","23305"
"C5orf46","389336"
"TAPBP","6892"
"IRX4","50805"
"ERRFI1","54206"
"NINJ2","4815"
"DCAF7","10238"
"SMAD6","4091"
"OGFRL1","79627"
"C11orf58","10944"
"LYPLA1","10434"
"SRSF10","10772"
"GATA6","2627"
"FOXP1","27086"
"ARL5B","221079"
"USF2","7392"
"COL9A2","1298"
"VAV3","10451"
"NXPH4","11247"
"CTNNAL1","8727"
"ABL2","27"
"PHYHD1","254295"
"MMP10","4319"
"IER5","51278"
"SEPHS2","22928"
"ALKAL2","285016"
"GPX4","2879"
"PRAME","23532"
"PRKRA","8575"
"KRT6A","3853"
"EEF1AKMT4","110599564"
"MRPL55","128308"
"ENHO","375704"
"ATP1A4","480"
"KLK6","5653"
"PRPF18","8559"
"FOXC1","2296"
"PI3","5266"
"SYPL1","6856"
"EIF6","3692"
"FERMT2","10979"
"GALNT6","11226"
"TMEM183A","92703"
"VWA1","64856"
"CAND1","55832"
"LIMA1","51474"
"DCUN1D1","54165"
"SMC6","79677"
"MAX","4149"
"ACAA2","10449"
"COX17","10063"
"ANXA5","308"
"SYF2","25949"
"PARK7","11315"
"MFSD1","64747"
"PPP1R14B","26472"
"CFLAR-AS1","65072"
"DNAJC3","5611"
"C4B","721"
"PHAX","51808"
"PXDN","7837"
"CD151","977"
"GSDME","1687"
"NPTN","27020"
"ACTR3B","57180"
"NFASC","23114"
"BZW1","9689"
"NEURL1B","54492"
"KMT5C","84787"
"CD55","1604"
"PSMD1","5707"
"CD53","963"
"CS","1431"
"MED30","90390"
"UBE2K","3093"
"INSIG1","3638"
"TRBC1","28639"
"FUNDC1","139341"
"USP31","57478"
"CTSC","1075"
"NABP2","79035"
"PSME2","5721"
"TTLL7","79739"
"HSPA1B","3304"
"DHRS3","9249"
"TSN","7247"
"CTSD","1509"
"SMG1","23049"
"WWTR1","25937"
"CCAR1","55749"
"RAB13","5872"
"DEPP1","11067"
"STOM","2040"
"UBE2I","7329"
"IRF7","3665"
"BPTF","2186"
"LAMA3","3909"
"TMEM255B","348013"
"TFPI2","7980"
"SF1","7536"
"MBD4","8930"
"BCAM","4059"
"SLBP","7884"
"PRNP","5621"
"RNASE4","6038"
"SLC25A39","51629"
"IRF9","10379"
"TSC22D2","9819"
"GLUL","2752"
"GIMAP4","55303"
"ZNF593","51042"
"AKAP9","10142"
"CKAP4","10970"
"THUMPD3","25917"
"FAM32A","26017"
"SF3B1","23451"
"GPR180","160897"
"SNRPN","6638"
"HSPA2","3306"
"KCNMA1","3778"
"INSR","3643"
"CKAP5","9793"
"ATP6V1F","9296"
"EIF5B","9669"
"OFD1","8481"
"CENPX","201254"
"SELENOS","55829"
"GPAT3","84803"
"ANXA7","310"
"NRBF2","29982"
"HDLBP","3069"
"YPEL3","83719"
"RBM47","54502"
"SLC39A7","7922"
"MRPS10","55173"
"RAB4A","5867"
"RNPEP","6051"
"LPIN2","9663"
"ECHDC3","79746"
"ITGB8","3696"
"CCDC59","29080"
"MRPL48","51642"
"S100A4","6275"
"RPS27L","51065"
"FAAP20","199990"
"LINC01198","101929344"
"KLHL21","9903"
"G2E3","55632"
"MTCH2","23788"
"TOP1MT","116447"
"NFKB1","4790"
"LXN","56925"
"PSMD12","5718"
"AP2S1","1175"
"KIF22","3835"
"UBE2B","7320"
"SYCP2","10388"
"GAS2L1","10634"
"CANX","821"
"SP110","3431"
"RNASE1","6035"
"LRRC59","55379"
"ANKRD11","29123"
"CXCL10","3627"
"PLK3","1263"
"DAXX","1616"
"SOX11","6664"
"PRDM1","639"
"MFSD12","126321"
"PTP4A1","7803"
"IMPDH2","3615"
"MEA1","4201"
"RNF150","57484"
"IFNAR1","3454"
"TAF12","6883"
"PPP1CB","5500"
"SOCS3","9021"
"GSDMC","56169"
"SYAP1","94056"
"PLAUR","5329"
"CCDC124","115098"
"FARP1","10160"
"NAMPT","10135"
"LRRC75A","388341"
"MAP1LC3A","84557"
"EIF3M","10480"
"SNAI2","6591"
"CLDN8","9073"
"HIBADH","11112"
"U2SURP","23350"
"SAR1A","56681"
"RAB3D","9545"
"TGOLN2","10618"
"EIF3A","8661"
"ALDH9A1","223"
"REEP3","221035"
"UBE2J2","118424"
"PSME1","5720"
"PYCR2","29920"
"SRSF4","6429"
"FOXQ1","94234"
"TMEM100","55273"
"PAMR1","25891"
"CST7","8530"
"TFCP2L1","29842"
"NEDD8","4738"
"FAM120A","23196"
"MAGOHB","55110"
"SNF8","11267"
"MCTS1","28985"
"ZNF83","55769"
"UBAC2","337867"
"LYAR","55646"
"SUGP2","10147"
"NOSIP","51070"
"C3","718"
"LITAF","9516"
"G0S2","50486"
"TUBB6","84617"
"GTF2E2","2961"
"SNRPA","6626"
"GPM6B","2824"
"DECR1","1666"
"ISCU","23479"
"RPS19BP1","91582"
"EIF2S1","1965"
"WSB1","26118"
"PEG3","5178"
"KIF21A","55605"
"SAMD5","389432"
"KLF2","10365"
"CMTM8","152189"
"PIM3","415116"
"NCAPD3","23310"
"OPTN","10133"
"EXO1","9156"
"SLC38A2","54407"
"GABPB1-AS1","100129387"
"HLA-DRB5","3127"
"PFKFB3","5209"
"RHOH","399"
"ASF1A","25842"
"CHAF1B","8208"
"ISCA1","81689"
"BAZ1A","11177"
"EPHX1","2052"
"S100B","6285"
"ATP6V1D","51382"
"IER3IP1","51124"
"DDX6","1656"
"ACYP1","97"
"ZNF292","23036"
"PHIP","55023"
"TPGS2","25941"
"CDH1","999"
"LIMS1","3987"
"IFRD1","3475"
"SDHA","6389"
"FKBP2","2286"
"HM13","81502"
"NDUFB11","54539"
"CHD1","1105"
"YWHAE","7531"
"COPS9","150678"
"RPL17","6139"
"NECTIN1","5818"
"WDR43","23160"
"FAM136A","84908"
"TFDP1","7027"
"SSNA1","8636"
"GABRB3","2562"
"YES1","7525"
"LINC01436","100996609"
"PER1","5187"
"SULT2B1","6820"
"CENPM","79019"
"CHMP3","51652"
"PLEKHA3","65977"
"PEX13","5194"
"EMD","2010"
"IGFBP7","3490"
"BRWD1","54014"
"ARV1","64801"
"NELFCD","51497"
"PALMD","54873"
"NWD1","284434"
"UBE2G2","7327"
"DYNLRB1","83658"
"ALKBH2","121642"
"SDCBP","6386"
"TAP2","6891"
"TCEA1","6917"
"DDX10","1662"
"ATP5MF","9551"
"FUNDC2","65991"
"RHOA","387"
"SLC16A1","6566"
"MAN2A1","4124"
"SUPT5H","6829"
"PART1","25859"
"KANK2","25959"
"PWP1","11137"
"KCTD1","284252"
"MCRS1","10445"
"HAUS8","93323"
"USP34","9736"
"BAALC","79870"
"C2orf76","130355"
"PRR15","222171"
"MTHFD2","10797"
"PHF6","84295"
"ANKRD28","23243"
"GLRA3","8001"
"TOR3A","64222"
"COX20","116228"
"DDA1","79016"
"CD37","951"
"CXCL3","2921"
"KDM5B","10765"
"EIF2S3","1968"
"TIMP2","7077"
"TTF2","8458"
"LMO7","4008"
"PPIH","10465"
"HENMT1","113802"
"NOCT","25819"
"PAFAH1B2","5049"
"PNKD","25953"
"MAP3K8","1326"
"RPIA","22934"
"SF3B4","10262"
"AP3B1","8546"
"RSL24D1","51187"
"PET100","100131801"
"TNPO2","30000"
"G3BP2","9908"
"FIP1L1","81608"
"RWDD1","51389"
"AXL","558"
"SSU72","29101"
"TOB1","10140"
"TSC22D3","1831"
"ACTR2","10097"
"ARMCX6","54470"
"COMMD2","51122"
"PHF14","9678"
"GLRX2","51022"
"NSG1","27065"
"MNAT1","4331"
"DDIT3","1649"
"NOP16","51491"
"PSMA1","5682"
"PRB1","5542"
"LRR1","122769"
"MEIS3","56917"
"MIR4458HG","100505738"
"SARAF","51669"
"ANKRD10","55608"
"VSIG2","23584"
"ID4","3400"
"TMEM176A","55365"
"JMJD1C","221037"
"CERS2","29956"
"AHNAK2","113146"
"PTPRM","5797"
"NOA1","84273"
"MSH6","2956"
"TTC14","151613"
"TLE4","7091"
"ETHE1","23474"
"TBC1D10C","374403"
"CD109","135228"
"WDR46","9277"
"NPY","4852"
"TMF1","7110"
"DNAJB6","10049"
"RELB","5971"
"ANXA11","311"
"SMOX","54498"
"U2AF2","11338"
"LUCAT1","100505994"
"GID8","54994"
"HSD17B10","3028"
"SDF4","51150"
"LINC00665","100506930"
"PDXK","8566"
"CENPU","79682"
"NRN1","51299"
"F3","2152"
"DDR1","780"
"BCL11A","53335"
"PPP3CA","5530"
"HOXB2","3212"
"KLHDC2","23588"
"ABCC8","6833"
"NDUFA6","4700"
"SETD5","55209"
"CPQ","10404"
"GNB2","2783"
"FRMD4B","23150"
"ANAPC5","51433"
"NRDC","4898"
"SMS","6611"
"FXYD1","5348"
"NAT1","9"
"FANCL","55120"
"SERTAD1","29950"
"CD247","919"
"GMFG","9535"
"METRNL","284207"
"TMEM9","252839"
"PAIP2","51247"
"FMO2","2327"
"CDC5L","988"
"C1orf56","54964"
"TMEM41A","90407"
"HAPLN3","145864"
"MPHOSPH8","54737"
"ZRANB2","9406"
"STARD10","10809"
"ARF3","377"
"AMMECR1","9949"
"SULF1","23213"
"LHFPL6","10186"
"A1BG","1"
"TKT","7086"
"FAM110C","642273"
"DDX3X","1654"
"TMEM87A","25963"
"EIF3J","8669"
"LDLR","3949"
"PAXBP1","94104"
"GSTO2","119391"
"ORMDL2","29095"
"ACAP2","23527"
"TENM2","57451"
"CHMP4C","92421"
"RNF8","9025"
"RSL1D1","26156"
"MTF1","4520"
"CAMLG","819"
"TOMM5","401505"
"ACTR6","64431"
"PDK1","5163"
"IAH1","285148"
"APOD","347"
"CCNB1IP1","57820"
"SOCS2","8835"
"UBA3","9039"
"GRHL1","29841"
"HDGF","3068"
"EIF4EBP1","1978"
"VOPP1","81552"
"PHLDA1","22822"
"GLI4","2738"
"EMB","133418"
"ATOH8","84913"
"STK3","6788"
"CSE1L","1434"
"MAN1A2","10905"
"EMILIN1","11117"
"PFDN6","10471"
"GAR1","54433"
"NFE2L2","4780"
"TMEM69","51249"
"CHI3L2","1117"
"TUFM","7284"
"GLRX3","10539"
"TPGS1","91978"
"NXT1","29107"
"CITED1","4435"
"HSD17B4","3295"
"ALB","213"
"USP14","9097"
"MYCBP2","23077"
"FAIM","55179"
"IRX1","79192"
"GCNT2","2651"
"ECHDC1","55862"
"DLGAP1","9229"
"CARD19","84270"
"TNFRSF11B","4982"
"B4GALNT3","283358"
"TLE3","7090"
"CXCL16","58191"
"PDPN","10630"
"NBL1","4681"
"DHTKD1","55526"
"RAP1B","5908"
"CASC8","727677"
"TMEM108","66000"
"TIMM13","26517"
"ELL2","22936"
"MCM6","4175"
"OSR2","116039"
"HLCS","3141"
"CAPZA1","829"
"TRAF3IP3","80342"
"COA6","388753"
"BOC","91653"
"IQGAP2","10788"
"ZC2HC1A","51101"
"SLC6A14","11254"
"SELENOW","6415"
"GOLGB1","2804"
"ARL8B","55207"
"PDCL3","79031"
"MOB4","25843"
"HPN","3249"
"SDF2L1","23753"
"GGNBP2","79893"
"IFI27L2","83982"
"SBDS","51119"
"RIF1","55183"
"DLL1","28514"
"PRRC1","133619"
"PRDM2","7799"
"ST3GAL1","6482"
"GRAMD2B","65983"
"MUC6","4588"
"EIF4E","1977"
"TM2D1","83941"
"RPAIN","84268"
"NFE2L3","9603"
"ADAM10","102"
"ADAR","103"
"OS9","10956"
"ABT1","29777"
"HMGCS2","3158"
"DIMT1","27292"
"KEAP1","9817"
"SPG21","51324"
"RFTN1","23180"
"RAB5B","5869"
"SLCO3A1","28232"
"LRRC41","10489"
"DAZAP2","9802"
"ATP5ME","521"
"TPBG","7162"
"CSF3R","1441"
"SMC3","9126"
"NMB","4828"
"SLC4A8","9498"
"FGFBP1","9982"
"ENO2","2026"
"HERC5","51191"
"GFOD1","54438"
"NOSTRIN","115677"
"GLYATL2","219970"
"CNFN","84518"
"CBX4","8535"
"FGF13","2258"
"RTL8A","26071"
"CENPL","91687"
"IKZF1","10320"
"CCNG2","901"
"CRYBB2","1415"
"TRAF4","9618"
"TBX3","6926"
"C1GALT1","56913"
"SLC5A6","8884"
"FBLN1","2192"
"RALGDS","5900"
"UBALD2","283991"
"ANXA4","307"
"SORBS1","10580"
"CCDC68","80323"
"CCDC74A","90557"
"SLC28A3","64078"
"EIF3I","8668"
"CAVIN3","112464"
"FN1","2335"
"VMA21","203547"
"OSTF1","26578"
"SECTM1","6398"
"PBX1","5087"
"RAI14","26064"
"GTF2F2","2963"
"ECSIT","51295"
"COPS3","8533"
"SLC35E1","79939"
"NKTR","4820"
"RALBP1","10928"
"EXPH5","23086"
"TOMM22","56993"
"IGSF21","84966"
"DNTTIP1","116092"
"CYB5R3","1727"
"HOXB7","3217"
"RSRC2","65117"
"RAP2B","5912"
"SNX2","6643"
"MPHOSPH10","10199"
"VKORC1","79001"
"CDC25B","994"
"KLK8","11202"
"AIFM1","9131"
"XXYLT1","152002"
