"Database","Temporal_Cluster","ID","Description","GeneRatio","BgRatio","pvalue","p.adjust","qvalue","geneID","Count"
"Reactome","1","R-HSA-72766","Translation","17/43","344/10039",1.56743257134772e-14,9.02841161096288e-12,6.89670331392998e-12,"RPS27/RPL34/RPL37/UBC/RPS15/RPL36/RPS28/MT-ND1/MT-CO1/MT-CO2/MT-ATP6/MT-CO3/MT-ND3/MT-ND4L/MT-ND4/MT-ND5/MT-CYB",17
"Reactome","1","R-HSA-5419276","Mitochondrial translation termination","10/43","100/10039",8.87907154569646e-12,2.55717260516058e-09,1.95339574005322e-09,"MT-ND1/MT-CO1/MT-CO2/MT-ATP6/MT-CO3/MT-ND3/MT-ND4L/MT-ND4/MT-ND5/MT-CYB",10
"Reactome","1","R-HSA-5368287","Mitochondrial translation","10/43","109/10039",2.12832821030179e-11,4.08639016377944e-09,3.12154804177596e-09,"MT-ND1/MT-CO1/MT-CO2/MT-ATP6/MT-CO3/MT-ND3/MT-ND4L/MT-ND4/MT-ND5/MT-CYB",10
"Reactome","1","R-HSA-1428517","Aerobic respiration and respiratory electron transport","10/43","247/10039",6.36507352702448e-08,9.16570587891525e-06,7.00158087972693e-06,"UBC/MT-ND1/MT-CO1/MT-CO2/MT-ATP6/MT-CO3/MT-ND3/MT-ND4/MT-ND5/MT-CYB",10
"Reactome","1","R-HSA-877300","Interferon gamma signaling","7/43","93/10039",1.14434150798405e-07,1.09141331740514e-05,8.33718506351146e-06,"HLA-A/HLA-DRA/HLA-DRB1/HLA-DQA1/HLA-DPA1/B2M/MT2A",7
"Reactome","1","R-HSA-913531","Interferon Signaling","10/43","265/10039",1.23312752472598e-07,1.09141331740514e-05,8.33718506351146e-06,"HLA-A/HLA-DRA/HLA-DRB1/HLA-DQA1/HLA-DPA1/ACTB/UBC/B2M/MT2A/ACTG1",10
"Reactome","1","R-HSA-9954716","ZNF598 and the Ribosome-associated Quality Trigger (RQT) complex dissociate a ribosome stalled on a no-go mRNA","7/43","95/10039",1.32637035101319e-07,1.09141331740514e-05,8.33718506351146e-06,"RPS27/RPL34/RPL37/UBC/RPS15/RPL36/RPS28",7
"Reactome","1","R-HSA-611105","Respiratory electron transport","8/43","153/10039",2.23608708064645e-07,1.60998269806544e-05,1.22984789435555e-05,"MT-ND1/MT-CO1/MT-CO2/MT-CO3/MT-ND3/MT-ND4/MT-ND5/MT-CYB",8
"Reactome","1","R-HSA-2408522","Selenoamino acid metabolism","7/43","107/10039",3.01365398783578e-07,1.9287385522149e-05,1.4733419496086e-05,"RPS27/RPL34/RPL37/NNMT/RPS15/RPL36/RPS28",7
"Reactome","1","R-HSA-202430","Translocation of ZAP-70 to Immunological synapse","4/43","17/10039",6.6689958746041e-07,3.84134162377196e-05,2.9343581848258e-05,"HLA-DRA/HLA-DRB1/HLA-DQA1/HLA-DPA1",4
"Reactome","1","R-HSA-202427","Phosphorylation of CD3 and TCR zeta chains","4/43","20/10039",1.34500179447509e-06,7.04291848743321e-05,5.38000717790037e-05,"HLA-DRA/HLA-DRB1/HLA-DQA1/HLA-DPA1",4
"Reactome","1","R-HSA-156902","Peptide chain elongation","6/43","88/10039",1.79482575993955e-06,7.40904227544297e-05,5.65968507151894e-05,"RPS27/RPL34/RPL37/RPS15/RPL36/RPS28",6
"Reactome","1","R-HSA-192823","Viral mRNA Translation","6/43","88/10039",1.79482575993955e-06,7.40904227544297e-05,5.65968507151894e-05,"RPS27/RPL34/RPL37/RPS15/RPL36/RPS28",6
"Reactome","1","R-HSA-9954714","PELO:HBS1L and ABCE1 dissociate a ribosome on a non-stop mRNA","6/43","89/10039",1.9184792300676e-06,7.40904227544297e-05,5.65968507151894e-05,"RPS27/RPL34/RPL37/RPS15/RPL36/RPS28",6
"Reactome","1","R-HSA-9948299","Ribosome-associated quality control","7/43","143/10039",2.1558994585356e-06,7.40904227544297e-05,5.65968507151894e-05,"RPS27/RPL34/RPL37/UBC/RPS15/RPL36/RPS28",7
"Reactome","1","R-HSA-2408557","Selenocysteine synthesis","6/43","91/10039",2.18669650490504e-06,7.40904227544297e-05,5.65968507151894e-05,"RPS27/RPL34/RPL37/RPS15/RPL36/RPS28",6
"Reactome","1","R-HSA-72764","Eukaryotic Translation Termination","6/43","91/10039",2.18669650490504e-06,7.40904227544297e-05,5.65968507151894e-05,"RPS27/RPL34/RPL37/RPS15/RPL36/RPS28",6
"Reactome","1","R-HSA-156842","Eukaryotic Translation Elongation","6/43","92/10039",2.33185054946385e-06,7.46192175828432e-05,5.70007912091163e-05,"RPS27/RPL34/RPL37/RPS15/RPL36/RPS28",6
"Reactome","1","R-HSA-975956","Nonsense Mediated Decay (NMD) independent of the Exon Junction Complex (EJC)","6/43","94/10039",2.64578880380185e-06,8.02091763678877e-05,6.12708986143587e-05,"RPS27/RPL34/RPL37/RPS15/RPL36/RPS28",6
"Reactome","1","R-HSA-72689","Formation of a pool of free 40S subunits","6/43","100/10039",3.80055219123633e-06,0.000104243717245339,7.96306173401897e-05,"RPS27/RPL34/RPL37/RPS15/RPL36/RPS28",6
"Reactome","1","R-HSA-9633012","Response of EIF2AK4 (GCN2) to amino acid deficiency","6/43","100/10039",3.80055219123633e-06,0.000104243717245339,7.96306173401897e-05,"RPS27/RPL34/RPL37/RPS15/RPL36/RPS28",6
"Reactome","1","R-HSA-9010553","Regulation of expression of SLITs and ROBOs","7/43","157/10039",4.01986764259698e-06,0.000105247443733448,8.03973528519396e-05,"RPS27/RPL34/RPL37/UBC/RPS15/RPL36/RPS28",7
"Reactome","1","R-HSA-156827","L13a-mediated translational silencing of Ceruloplasmin expression","6/43","110/10039",6.61555132734684e-06,0.000160621845608689,0.000122697243173304,"RPS27/RPL34/RPL37/RPS15/RPL36/RPS28",6
"Reactome","1","R-HSA-1799339","SRP-dependent cotranslational protein targeting to membrane","6/43","111/10039",6.97143427121045e-06,0.000160621845608689,0.000122697243173304,"RPS27/RPL34/RPL37/RPS15/RPL36/RPS28",6
"Reactome","1","R-HSA-72706","GTP hydrolysis and joining of the 60S ribosomal subunit","6/43","111/10039",6.97143427121045e-06,0.000160621845608689,0.000122697243173304,"RPS27/RPL34/RPL37/RPS15/RPL36/RPS28",6
"Reactome","1","R-HSA-927802","Nonsense-Mediated Decay (NMD)","6/43","114/10039",8.13349443020018e-06,0.000173514547844271,0.000132545835158818,"RPS27/RPL34/RPL37/RPS15/RPL36/RPS28",6
"Reactome","1","R-HSA-975957","Nonsense Mediated Decay (NMD) enhanced by the Exon Junction Complex (EJC)","6/43","114/10039",8.13349443020018e-06,0.000173514547844271,0.000132545835158818,"RPS27/RPL34/RPL37/RPS15/RPL36/RPS28",6
"Reactome","1","R-HSA-202433","Generation of second messenger molecules","4/43","32/10039",9.61694509945913e-06,0.000190515852598237,0.000145532942956987,"HLA-DRA/HLA-DRB1/HLA-DQA1/HLA-DPA1",4
"Reactome","1","R-HSA-72613","Eukaryotic Translation Initiation","6/43","118/10039",9.9227006561582e-06,0.000190515852598237,0.000145532942956987,"RPS27/RPL34/RPL37/RPS15/RPL36/RPS28",6
"Reactome","1","R-HSA-72737","Cap-dependent Translation Initiation","6/43","118/10039",9.9227006561582e-06,0.000190515852598237,0.000145532942956987,"RPS27/RPL34/RPL37/RPS15/RPL36/RPS28",6
"Reactome","1","R-HSA-202424","Downstream TCR signaling","5/43","78/10039",1.90077362668093e-05,0.000353176002892973,0.000269787224432132,"HLA-DRA/HLA-DRB1/HLA-DQA1/HLA-DPA1/UBC",5
"Reactome","1","R-HSA-168273","Influenza Viral RNA Transcription and Replication","6/43","133/10039",1.96876765301405e-05,0.000354378177542528,0.000270705552289431,"RPS27/RPL34/RPL37/RPS15/RPL36/RPS28",6
"Reactome","1","R-HSA-376176","Signaling by ROBO receptors","7/43","201/10039",2.03172057649531e-05,0.000354627591533727,0.000270896076866042,"RPS27/RPL34/RPL37/UBC/RPS15/RPL36/RPS28",7
"Reactome","1","R-HSA-977225","Amyloid fiber formation","4/43","46/10039",4.17827081744608e-05,0.00068960459324658,0.000526781286507804,"LTF/SAA1/UBC/B2M",4
"Reactome","1","R-HSA-9711097","Cellular response to starvation","6/43","152/10039",4.19030568813026e-05,0.00068960459324658,0.000526781286507804,"RPS27/RPL34/RPL37/RPS15/RPL36/RPS28",6
"Reactome","1","R-HSA-168255","Influenza Infection","6/43","154/10039",4.50943380474099e-05,0.000721509408758558,0.000551153020579454,"RPS27/RPL34/RPL37/RPS15/RPL36/RPS28",6
"Reactome","1","R-HSA-9837999","Mitochondrial protein degradation","5/43","96/10039",5.19923262778717e-05,0.000809394052325786,0.00061828712330442,"MT-ND1/MT-CO1/MT-CO2/MT-ATP6/MT-ND5",5
"Reactome","1","R-HSA-202403","TCR signaling","5/43","100/10039",6.3235871054157e-05,0.000958522677031432,0.000732204822732344,"HLA-DRA/HLA-DRB1/HLA-DQA1/HLA-DPA1/UBC",5
"Reactome","1","R-HSA-6791226","Major pathway of rRNA processing in the nucleolus and cytosol","6/43","181/10039",0.000110738528174854,0.00161165429283548,0.0012311248070271,"RPS27/RPL34/RPL37/RPS15/RPL36/RPS28",6
"Reactome","1","R-HSA-9764561","Regulation of CDH1 Function","4/43","59/10039",0.000111920437002464,0.00161165429283548,0.0012311248070271,"ACTB/ACTA2/UBC/ACTG1",4
"Reactome","1","R-HSA-9705683","SARS-CoV-2-host interactions","6/43","183/10039",0.000117646111052146,0.00165278438941551,0.00126254363080351,"RPS27/HLA-A/UBC/B2M/RPS15/RPS28",6
"Reactome","1","R-HSA-2132295","MHC class II antigen presentation","5/43","119/10039",0.000144468483452415,0.00198128205877598,0.00151347935045387,"CD74/HLA-DRA/HLA-DRB1/HLA-DQA1/HLA-DPA1",5
"Reactome","1","R-HSA-8868773","rRNA processing in the nucleus and cytosol","6/43","191/10039",0.000148785539373345,0.0019930342018383,0.00152245668195981,"RPS27/RPL34/RPL37/RPS15/RPL36/RPS28",6
"Reactome","1","R-HSA-6799198","Complex I biogenesis","4/43","67/10039",0.000183861889640031,0.00240691928256041,0.00183861889640031,"MT-ND1/MT-ND3/MT-ND4/MT-ND5",4
"Reactome","1","R-HSA-9635486","Infection with Mycobacterium tuberculosis","3/43","27/10039",0.000199308556570017,0.00255114952409621,0.00194879477535127,"LTF/UBC/B2M",3
"Reactome","1","R-HSA-72312","rRNA processing","6/43","207/10039",0.000230570152902435,0.00288713930590876,0.00220545363645808,"RPS27/RPL34/RPL37/RPS15/RPL36/RPS28",6
"Reactome","1","R-HSA-1236974","ER-Phagosome pathway","4/43","81/10039",0.000382129797972119,0.00468312263046682,0.00357738534271771,"HLA-A/PSMB9/UBC/B2M",4
"Reactome","1","R-HSA-9735869","SARS-CoV-1 modulates host translation machinery","3/43","35/10039",0.000435455421623038,0.00511882291540551,0.0039102119492681,"RPS27/RPS15/RPS28",3
"Reactome","1","R-HSA-9913351","Formation of the dystrophin-glycoprotein complex (DGC)","3/43","35/10039",0.000435455421623038,0.00511882291540551,0.0039102119492681,"ACTB/ACTA2/ACTG1",3
"Reactome","1","R-HSA-389948","Co-inhibition by PD-1","5/43","153/10039",0.000464711242630458,0.00535347351510287,0.00408945893514803,"HLA-DRA/HLA-DRB1/HLA-DQA1/HLA-DPA1/UBC",5
"Reactome","1","R-HSA-71291","Metabolism of amino acids and derivatives","7/43","339/10039",0.000531560392461828,0.00600350560898065,0.00458601122908244,"RPS27/RPL34/RPL37/NNMT/RPS15/RPL36/RPS28",7
"Reactome","1","R-HSA-9692914","SARS-CoV-1-host interactions","4/43","91/10039",0.000595120224515752,0.00659210094848217,0.00503563266897944,"RPS27/UBC/RPS15/RPS28",4
"Reactome","1","R-HSA-1236975","Antigen processing-Cross presentation","4/43","96/10039",0.000728322433728043,0.00791535324202552,0.00604645039321394,"HLA-A/PSMB9/UBC/B2M",4
"Reactome","1","R-HSA-164940","Nef mediated downregulation of MHC class I complex cell surface expression","2/43","10/10039",0.000789090870282411,0.00841696928301239,0.00642962931341224,"HLA-A/B2M",2
"Reactome","1","R-HSA-9954709","Ribosome Quality Control (RQC) complex extracts and degrades nascent peptide","4/43","103/10039",0.000948545286202303,0.00971948051360911,0.00742460317011807,"RPL34/RPL37/UBC/RPL36",4
"Reactome","1","R-HSA-1236977","Endosomal/Vacuolar pathway","2/43","11/10039",0.000961823592492569,0.00971948051360911,0.00742460317011807,"HLA-A/B2M",2
"Reactome","1","R-HSA-196025","Formation of annular gap junctions","2/43","11/10039",0.000961823592492569,0.00971948051360911,0.00742460317011807,"ACTB/ACTG1",2
"Reactome","1","R-HSA-9864848","Complex IV assembly","3/43","47/10039",0.00104093060048615,0.0103375176875865,0.00789671490023973,"MT-CO1/MT-CO2/MT-CO3",3
"Reactome","1","R-HSA-190873","Gap junction degradation","2/43","12/10039",0.00115105273752489,0.011184113637821,0.00854342014000217,"ACTB/ACTG1",2
"Reactome","1","R-HSA-9754678","SARS-CoV-2 modulates host translation machinery","3/43","49/10039",0.00117571722463243,0.011184113637821,0.00854342014000217,"RPS27/RPS15/RPS28",3
"Reactome","1","R-HSA-9694516","SARS-CoV-2 Infection","6/43","282/10039",0.00118442870122757,0.011184113637821,0.00854342014000217,"RPS27/HLA-A/UBC/B2M/RPS15/RPS28",6
"Reactome","1","R-HSA-72695","Formation of the ternary complex, and subsequently, the 43S complex","3/43","50/10039",0.0012470456339957,0.0115854562126052,0.00885000127351787,"RPS27/RPS15/RPS28",3
"Reactome","1","R-HSA-9953170","GBP-mediated host defense","2/43","14/10039",0.00157844966865936,0.0144315398277428,0.0110240929239702,"ACTB/ACTG1",2
"Reactome","1","R-HSA-388841","Regulation of T cell activation by CD28 family","5/43","204/10039",0.00169527550868722,0.015257479578185,0.0116550191222247,"HLA-DRA/HLA-DRB1/HLA-DQA1/HLA-DPA1/UBC",5
"Reactome","1","R-HSA-114608","Platelet degranulation","4/43","121/10039",0.00172382716338429,0.0152757607093746,0.0116689838752167,"TIMP1/CLU/A2M/LGALS3BP",4
"Reactome","1","R-HSA-72649","Translation initiation complex formation","3/43","57/10039",0.00182329343163797,0.0154443678915217,0.0117977810282457,"RPS27/RPS15/RPS28",3
"Reactome","1","R-HSA-72702","Ribosomal scanning and start codon recognition","3/43","57/10039",0.00182329343163797,0.0154443678915217,0.0117977810282457,"RPS27/RPS15/RPS28",3
"Reactome","1","R-HSA-9707564","Cytoprotection by HMOX1","3/43","57/10039",0.00182329343163797,0.0154443678915217,0.0117977810282457,"MT-CO1/MT-CO2/MT-CO3",3
"Reactome","1","R-HSA-72662","Activation of the mRNA upon binding of the cap-binding complex and eIFs, and subsequent binding to 43S","3/43","58/10039",0.00191703723065994,0.0160030934037699,0.0122245852389909,"RPS27/RPS15/RPS28",3
"Reactome","1","R-HSA-76005","Response to elevated platelet cytosolic Ca2+","4/43","126/10039",0.001999805568402,0.0164555429628507,0.0125702064299554,"TIMP1/CLU/A2M/LGALS3BP",4
"Reactome","1","R-HSA-446353","Cell-extracellular matrix interactions","2/43","18/10039",0.00262518999461078,0.0205575485313859,0.0157036829059198,"ACTB/ACTG1",2
"Reactome","1","R-HSA-5213460","RIPK1-mediated regulated necrosis","2/43","18/10039",0.00262518999461078,0.0205575485313859,0.0157036829059198,"BIRC3/UBC",2
"Reactome","1","R-HSA-5675482","Regulation of necroptotic cell death","2/43","18/10039",0.00262518999461078,0.0205575485313859,0.0157036829059198,"BIRC3/UBC",2
"Reactome","1","R-HSA-9678108","SARS-CoV-1 Infection","4/43","136/10039",0.00264107394326833,0.0205575485313859,0.0157036829059198,"RPS27/UBC/RPS15/RPS28",4
"Reactome","1","R-HSA-168927","TICAM1, RIP1-mediated IKK complex recruitment","2/43","19/10039",0.0029260801222149,0.0224722953386104,0.0171663367169941,"BIRC3/UBC",2
"Reactome","1","R-HSA-9764265","Regulation of CDH1 Expression and Function","4/43","142/10039",0.0030870847403016,0.0230929975378406,0.0176404842302949,"ACTB/ACTA2/UBC/ACTG1",4
"Reactome","1","R-HSA-9764274","Regulation of Expression and Function of Type I Classical Cadherins","4/43","142/10039",0.0030870847403016,0.0230929975378406,0.0176404842302949,"ACTB/ACTA2/UBC/ACTG1",4
"Reactome","1","R-HSA-164938","Nef-mediates down modulation of cell surface receptors by recruiting them to clathrin adapters","2/43","21/10039",0.00357397863571284,0.0260583758755772,0.0199057037938437,"HLA-A/B2M",2
"Reactome","1","R-HSA-5357956","TNFR1-induced NF-kappa-B signaling pathway","2/43","21/10039",0.00357397863571284,0.0260583758755772,0.0199057037938437,"BIRC3/UBC",2
"Reactome","1","R-HSA-9759476","Regulation of Homotypic Cell-Cell Adhesion","4/43","158/10039",0.00452326352869114,0.0325674974065762,0.0248779494078013,"ACTB/ACTA2/UBC/ACTG1",4
"Reactome","1","R-HSA-3000171","Non-integrin membrane-ECM interactions","3/43","79/10039",0.00461608879040645,0.0327277856214688,0.0250003917941776,"ACTB/ACTA2/ACTG1",3
"Reactome","1","R-HSA-937041","IKK complex recruitment mediated by RIP1","2/43","24/10039",0.00465916392527855,0.0327277856214688,0.0250003917941776,"BIRC3/UBC",2
"Reactome","1","R-HSA-5628897","TP53 Regulates Metabolic Genes","3/43","80/10039",0.00478173948427382,0.0331841197944785,0.02534898039856,"MT-CO1/MT-CO2/MT-CO3",3
"Reactome","1","R-HSA-164952","The role of Nef in HIV-1 replication and disease pathogenesis","2/43","28/10039",0.00631224106535299,0.0429887345217401,0.0328386166485515,"HLA-A/B2M",2
"Reactome","1","R-HSA-9679506","SARS-CoV Infections","6/43","395/10039",0.0063438236707429,0.0429887345217401,0.0328386166485515,"RPS27/HLA-A/UBC/B2M/RPS15/RPS28",6
"Reactome","1","R-HSA-983170","Antigen Presentation: Folding, assembly and peptide loading of class I MHC","2/43","29/10039",0.00676148110513817,0.0452861990297626,0.0345936242588464,"HLA-A/B2M",2
"Reactome","1","R-HSA-418990","Adherens junctions interactions","4/43","179/10039",0.00701565531302821,0.0464484765552213,0.0354814751463496,"ACTB/ACTA2/UBC/ACTG1",4
"Reactome","1","R-HSA-445095","Interaction between L1 and Ankyrins","2/43","30/10039",0.00722485967207814,0.0467586423721012,0.0357184073675773,"ACTB/ACTG1",2
"Reactome","1","R-HSA-5626467","RHO GTPases activate IQGAPs","2/43","30/10039",0.00722485967207814,0.0467586423721012,0.0357184073675773,"ACTB/ACTG1",2
"Reactome","2","R-HSA-72766","Translation","80/373","344/10039",1.18453543909253e-42,1.33970958161365e-39,8.79049983747612e-40,"PSMB2/MRPS15/RPL5/PSMA5/PSMB4/MRPL9/SSR2/MRPS14/RPS7/RPS27A/RPL31/EEF1B2/RPL32/RPL24/MRPL3/SSR3/RPL22L1/MRPL47/PSMD2/EIF4G1/EIF4A2/RPL39L/RPL35A/SRP72/MRPL36/RPS23/SRP19/SSR1/RPS18/RPS10/RPL10A/MRPL14/EEF1A1/PSMB1/MRPS33/RPL10/RPL7/EIF3H/RPL8/RPS6/SEC61B/RPL7A/RPLP2/RPS25/PPA1/MRPS16/CHCHD1/RPS24/RPS26/RPL41/TSFM/RPL6/RPL21/PSMB5/PSMA3/UBB/RPL23A/RPL27/MRPL58/SEC11C/RPN2/FARSA/GADD45GIP1/MRPL34/RPL18A/UBA52/MRPS12/RPS16/PSMC4/RPL18/RPL13A/RPS11/RPS9/RPL28/RPS5/EIF3D/EIF3L/RBX1/MRPL39/MRPS6",80
"Reactome","2","R-HSA-1799339","SRP-dependent cotranslational protein targeting to membrane","44/373","111/10039",1.90557208134009e-34,1.07760101199782e-31,7.07067535444612e-32,"RPL5/SSR2/RPS7/RPS27A/RPL31/RPL32/RPL24/SSR3/RPL22L1/RPL39L/RPL35A/SRP72/RPS23/SRP19/SSR1/RPS18/RPS10/RPL10A/RPL10/RPL7/RPL8/RPS6/SEC61B/RPL7A/RPLP2/RPS25/RPS24/RPS26/RPL41/RPL6/RPL21/RPL23A/RPL27/SEC11C/RPN2/RPL18A/UBA52/RPS16/RPL18/RPL13A/RPS11/RPS9/RPL28/RPS5",44
"Reactome","2","R-HSA-9010553","Regulation of expression of SLITs and ROBOs","49/373","157/10039",1.54947790043497e-32,5.84153168463983e-30,3.83291901686545e-30,"PSMB2/MAGOH/RPL5/PSMA5/PSMB4/RPS7/RPS27A/RPL31/RPL32/RPL24/RPL22L1/PSMD2/EIF4G1/RPL39L/NCBP2/RPL35A/RPS23/RPS18/RPS10/RPL10A/PSMB1/RPL10/RPL7/RPL8/RPS6/RPL7A/RPLP2/RPS25/RPS24/RPS26/RPL41/RPL6/RPL21/PSMB5/PSMA3/UBB/RPL23A/RPL27/RPL18A/UBA52/RPS16/PSMC4/RPL18/RPL13A/RPS11/RPS9/RPL28/RPS5/RBX1",49
"Reactome","2","R-HSA-9948299","Ribosome-associated quality control","46/373","143/10039",3.11778073158467e-31,8.81552501855564e-29,5.78430372570313e-29,"PSMB2/RPL5/PSMA5/PSMB4/RPS7/RPS27A/RPL31/RPL32/RPL24/RPL22L1/PSMD2/RPL39L/RPL35A/RPS23/RPS18/RPS10/RPL10A/PSMB1/RPL10/RPL7/RPL8/RPS6/RPL7A/RPLP2/RPS25/RPS24/RPS26/RPL41/RPL6/RPL21/PSMB5/PSMA3/UBB/RPL23A/RPL27/RPL18A/UBA52/RPS16/PSMC4/RPL18/RPL13A/RPS11/RPS9/RPL28/RPS5/RBX1",46
"Reactome","2","R-HSA-156827","L13a-mediated translational silencing of Ceruloplasmin expression","41/373","110/10039",7.37897919266309e-31,1.66912509338039e-28,1.09519585912157e-28,"RPL5/RPS7/RPS27A/RPL31/RPL32/RPL24/RPL22L1/EIF4G1/EIF4A2/RPL39L/RPL35A/RPS23/RPS18/RPS10/RPL10A/RPL10/RPL7/EIF3H/RPL8/RPS6/RPL7A/RPLP2/RPS25/RPS24/RPS26/RPL41/RPL6/RPL21/RPL23A/RPL27/RPL18A/UBA52/RPS16/RPL18/RPL13A/RPS11/RPS9/RPL28/RPS5/EIF3D/EIF3L",41
"Reactome","2","R-HSA-72706","GTP hydrolysis and joining of the 60S ribosomal subunit","41/373","111/10039",1.13196169155332e-30,1.92870497857302e-28,1.26551911200519e-28,"RPL5/RPS7/RPS27A/RPL31/RPL32/RPL24/RPL22L1/EIF4G1/EIF4A2/RPL39L/RPL35A/RPS23/RPS18/RPS10/RPL10A/RPL10/RPL7/EIF3H/RPL8/RPS6/RPL7A/RPLP2/RPS25/RPS24/RPS26/RPL41/RPL6/RPL21/RPL23A/RPL27/RPL18A/UBA52/RPS16/RPL18/RPL13A/RPS11/RPS9/RPL28/RPS5/EIF3D/EIF3L",41
"Reactome","2","R-HSA-156842","Eukaryotic Translation Elongation","38/373","92/10039",1.19371660919639e-30,1.92870497857302e-28,1.26551911200519e-28,"RPL5/RPS7/RPS27A/RPL31/EEF1B2/RPL32/RPL24/RPL22L1/RPL39L/RPL35A/RPS23/RPS18/RPS10/RPL10A/EEF1A1/RPL10/RPL7/RPL8/RPS6/RPL7A/RPLP2/RPS25/RPS24/RPS26/RPL41/RPL6/RPL21/RPL23A/RPL27/RPL18A/UBA52/RPS16/RPL18/RPL13A/RPS11/RPS9/RPL28/RPS5",38
"Reactome","2","R-HSA-72689","Formation of a pool of free 40S subunits","39/373","100/10039",2.78318494797955e-30,3.73159718348837e-28,2.44848621560733e-28,"RPL5/RPS7/RPS27A/RPL31/RPL32/RPL24/RPL22L1/RPL39L/RPL35A/RPS23/RPS18/RPS10/RPL10A/RPL10/RPL7/EIF3H/RPL8/RPS6/RPL7A/RPLP2/RPS25/RPS24/RPS26/RPL41/RPL6/RPL21/RPL23A/RPL27/RPL18A/UBA52/RPS16/RPL18/RPL13A/RPS11/RPS9/RPL28/RPS5/EIF3D/EIF3L",39
"Reactome","2","R-HSA-975956","Nonsense Mediated Decay (NMD) independent of the Exon Junction Complex (EJC)","38/373","94/10039",3.16971927471047e-30,3.73159718348837e-28,2.44848621560733e-28,"RPL5/RPS7/RPS27A/RPL31/RPL32/RPL24/RPL22L1/EIF4G1/RPL39L/NCBP2/RPL35A/RPS23/RPS18/RPS10/RPL10A/RPL10/RPL7/RPL8/RPS6/RPL7A/RPLP2/RPS25/RPS24/RPS26/RPL41/RPL6/RPL21/RPL23A/RPL27/RPL18A/UBA52/RPS16/RPL18/RPL13A/RPS11/RPS9/RPL28/RPS5",38
"Reactome","2","R-HSA-156902","Peptide chain elongation","37/373","88/10039",3.29937858840705e-30,3.73159718348837e-28,2.44848621560733e-28,"RPL5/RPS7/RPS27A/RPL31/RPL32/RPL24/RPL22L1/RPL39L/RPL35A/RPS23/RPS18/RPS10/RPL10A/EEF1A1/RPL10/RPL7/RPL8/RPS6/RPL7A/RPLP2/RPS25/RPS24/RPS26/RPL41/RPL6/RPL21/RPL23A/RPL27/RPL18A/UBA52/RPS16/RPL18/RPL13A/RPS11/RPS9/RPL28/RPS5",37
"Reactome","2","R-HSA-376176","Signaling by ROBO receptors","52/373","201/10039",5.05518855652724e-30,5.19765296130209e-28,3.41043821277675e-28,"PSMB2/MAGOH/RPL5/PSMA5/PSMB4/RPS7/RPS27A/RPL31/CXCR4/RPL32/RPL24/RPL22L1/PSMD2/EIF4G1/RPL39L/NCBP2/RPL35A/RPS23/RPS18/RPS10/RPL10A/PSMB1/RPL10/RPL7/RPL8/RPS6/RPL7A/RPLP2/RPS25/RPS24/RPS26/RPL41/RPL6/RPL21/PSMB5/PSMA3/PFN1/UBB/RPL23A/RPL27/RPL18A/UBA52/PAK4/RPS16/PSMC4/RPL18/RPL13A/RPS11/RPS9/RPL28/RPS5/RBX1",52
"Reactome","2","R-HSA-72613","Eukaryotic Translation Initiation","41/373","118/10039",1.96783158744568e-29,1.71201348107774e-27,1.12333706003984e-27,"RPL5/RPS7/RPS27A/RPL31/RPL32/RPL24/RPL22L1/EIF4G1/EIF4A2/RPL39L/RPL35A/RPS23/RPS18/RPS10/RPL10A/RPL10/RPL7/EIF3H/RPL8/RPS6/RPL7A/RPLP2/RPS25/RPS24/RPS26/RPL41/RPL6/RPL21/RPL23A/RPL27/RPL18A/UBA52/RPS16/RPL18/RPL13A/RPS11/RPS9/RPL28/RPS5/EIF3D/EIF3L",41
"Reactome","2","R-HSA-72737","Cap-dependent Translation Initiation","41/373","118/10039",1.96783158744568e-29,1.71201348107774e-27,1.12333706003984e-27,"RPL5/RPS7/RPS27A/RPL31/RPL32/RPL24/RPL22L1/EIF4G1/EIF4A2/RPL39L/RPL35A/RPS23/RPS18/RPS10/RPL10A/RPL10/RPL7/EIF3H/RPL8/RPS6/RPL7A/RPLP2/RPS25/RPS24/RPS26/RPL41/RPL6/RPL21/RPL23A/RPL27/RPL18A/UBA52/RPS16/RPL18/RPL13A/RPS11/RPS9/RPL28/RPS5/EIF3D/EIF3L",41
"Reactome","2","R-HSA-927802","Nonsense-Mediated Decay (NMD)","40/373","114/10039",6.34101632721269e-29,4.74640655854887e-27,3.11435303995249e-27,"MAGOH/RPL5/RPS7/RPS27A/RPL31/RPL32/RPL24/RPL22L1/EIF4G1/RPL39L/NCBP2/RPL35A/RPS23/RPS18/RPS10/RPL10A/RPL10/RPL7/RPL8/RPS6/RPL7A/RPLP2/RPS25/RPS24/RPS26/RPL41/RPL6/RPL21/RPL23A/RPL27/RPL18A/UBA52/RPS16/RPL18/RPL13A/RPS11/PPP2R1A/RPS9/RPL28/RPS5",40
"Reactome","2","R-HSA-975957","Nonsense Mediated Decay (NMD) enhanced by the Exon Junction Complex (EJC)","40/373","114/10039",6.34101632721269e-29,4.74640655854887e-27,3.11435303995249e-27,"MAGOH/RPL5/RPS7/RPS27A/RPL31/RPL32/RPL24/RPL22L1/EIF4G1/RPL39L/NCBP2/RPL35A/RPS23/RPS18/RPS10/RPL10A/RPL10/RPL7/RPL8/RPS6/RPL7A/RPLP2/RPS25/RPS24/RPS26/RPL41/RPL6/RPL21/RPL23A/RPL27/RPL18A/UBA52/RPS16/RPL18/RPL13A/RPS11/PPP2R1A/RPS9/RPL28/RPS5",40
"Reactome","2","R-HSA-192823","Viral mRNA Translation","36/373","88/10039",6.71463350457842e-29,4.74640655854887e-27,3.11435303995249e-27,"RPL5/RPS7/RPS27A/RPL31/RPL32/RPL24/RPL22L1/RPL39L/RPL35A/RPS23/RPS18/RPS10/RPL10A/RPL10/RPL7/RPL8/RPS6/RPL7A/RPLP2/RPS25/RPS24/RPS26/RPL41/RPL6/RPL21/RPL23A/RPL27/RPL18A/UBA52/RPS16/RPL18/RPL13A/RPS11/RPS9/RPL28/RPS5",36
"Reactome","2","R-HSA-9954716","ZNF598 and the Ribosome-associated Quality Trigger (RQT) complex dissociate a ribosome stalled on a no-go mRNA","37/373","95/10039",9.59833679709871e-29,6.38571701030508e-27,4.18998603217002e-27,"RPL5/RPS7/RPS27A/RPL31/RPL32/RPL24/RPL22L1/RPL39L/RPL35A/RPS23/RPS18/RPS10/RPL10A/RPL10/RPL7/RPL8/RPS6/RPL7A/RPLP2/RPS25/RPS24/RPS26/RPL41/RPL6/RPL21/UBB/RPL23A/RPL27/RPL18A/UBA52/RPS16/RPL18/RPL13A/RPS11/RPS9/RPL28/RPS5",37
"Reactome","2","R-HSA-9954714","PELO:HBS1L and ABCE1 dissociate a ribosome on a non-stop mRNA","36/373","89/10039",1.09045389502667e-28,6.85168530708425e-27,4.49573097072399e-27,"RPL5/RPS7/RPS27A/RPL31/RPL32/RPL24/RPL22L1/RPL39L/RPL35A/RPS23/RPS18/RPS10/RPL10A/RPL10/RPL7/RPL8/RPS6/RPL7A/RPLP2/RPS25/RPS24/RPS26/RPL41/RPL6/RPL21/RPL23A/RPL27/RPL18A/UBA52/RPS16/RPL18/RPL13A/RPS11/RPS9/RPL28/RPS5",36
"Reactome","2","R-HSA-2408557","Selenocysteine synthesis","36/373","91/10039",2.81237592214641e-28,1.5903985839738e-26,1.0435394869017e-26,"RPL5/RPS7/RPS27A/RPL31/RPL32/RPL24/RPL22L1/RPL39L/RPL35A/RPS23/RPS18/RPS10/RPL10A/RPL10/RPL7/RPL8/RPS6/RPL7A/RPLP2/RPS25/RPS24/RPS26/RPL41/RPL6/RPL21/RPL23A/RPL27/RPL18A/UBA52/RPS16/RPL18/RPL13A/RPS11/RPS9/RPL28/RPS5",36
"Reactome","2","R-HSA-72764","Eukaryotic Translation Termination","36/373","91/10039",2.81237592214641e-28,1.5903985839738e-26,1.0435394869017e-26,"RPL5/RPS7/RPS27A/RPL31/RPL32/RPL24/RPL22L1/RPL39L/RPL35A/RPS23/RPS18/RPS10/RPL10A/RPL10/RPL7/RPL8/RPS6/RPL7A/RPLP2/RPS25/RPS24/RPS26/RPL41/RPL6/RPL21/RPL23A/RPL27/RPL18A/UBA52/RPS16/RPL18/RPL13A/RPS11/RPS9/RPL28/RPS5",36
"Reactome","2","R-HSA-9633012","Response of EIF2AK4 (GCN2) to amino acid deficiency","36/373","100/10039",1.43726319178777e-26,7.74068890434269e-25,5.07905037699437e-25,"RPL5/RPS7/RPS27A/RPL31/RPL32/RPL24/RPL22L1/RPL39L/RPL35A/RPS23/RPS18/RPS10/RPL10A/RPL10/RPL7/RPL8/RPS6/RPL7A/RPLP2/RPS25/RPS24/RPS26/RPL41/RPL6/RPL21/RPL23A/RPL27/RPL18A/UBA52/RPS16/RPL18/RPL13A/RPS11/RPS9/RPL28/RPS5",36
"Reactome","2","R-HSA-168273","Influenza Viral RNA Transcription and Replication","40/373","133/10039",5.63760587312698e-26,2.8982419284121e-24,1.90168045002609e-24,"RPL5/PARP1/RPS7/RPS27A/RPL31/SEC13/RPL32/RPL24/RPL22L1/POLR2H/RPL39L/RPL35A/RPS23/RPS18/RPS10/RPL10A/RPL10/RPL7/RPL8/RPS6/RPL7A/RPLP2/RPS25/RPS24/RPS26/RPL41/RPL6/RPL21/RPL23A/RPL27/RPL18A/UBA52/RPS16/RPL18/RPL13A/RPS11/RPS9/RPL28/RPS5/POLR2F",40
"Reactome","2","R-HSA-2408522","Selenoamino acid metabolism","36/373","107/10039",2.22919818378895e-25,1.09618397646318e-23,7.19260741222522e-24,"RPL5/RPS7/RPS27A/RPL31/RPL32/RPL24/RPL22L1/RPL39L/RPL35A/RPS23/RPS18/RPS10/RPL10A/RPL10/RPL7/RPL8/RPS6/RPL7A/RPLP2/RPS25/RPS24/RPS26/RPL41/RPL6/RPL21/RPL23A/RPL27/RPL18A/UBA52/RPS16/RPL18/RPL13A/RPS11/RPS9/RPL28/RPS5",36
"Reactome","2","R-HSA-9711097","Cellular response to starvation","41/373","152/10039",1.46737227876139e-24,6.91499186366304e-23,4.53726954617008e-23,"RPL5/LAMTOR5/LAMTOR2/RPS7/RPS27A/RPL31/SEC13/RPL32/RPL24/RPL22L1/RPL39L/RPL35A/RPS23/RPS18/RPS10/RPL10A/RPL10/RPL7/RPL8/RRAGA/RPS6/ATP6V1G1/RPL7A/RPLP2/RPS25/RPS24/RPS26/RPL41/RPL6/RPL21/RPL23A/RPL27/RPL18A/UBA52/RPS16/RPL18/RPL13A/RPS11/RPS9/RPL28/RPS5",41
"Reactome","2","R-HSA-168255","Influenza Infection","41/373","154/10039",2.55612753830629e-24,1.15639209832977e-22,7.58766279791973e-23,"RPL5/PARP1/RPS7/RPS27A/RPL31/SEC13/RPL32/RPL24/RPL22L1/POLR2H/RPL39L/RPL35A/RPS23/RPS18/RPS10/RPL10A/RPL10/RPL7/RPL8/RPS6/RPL7A/RPLP2/RPS25/RPS24/RPS26/RPL41/RPL6/RPL21/RPL23A/RPL27/CALR/RPL18A/UBA52/RPS16/RPL18/RPL13A/RPS11/RPS9/RPL28/RPS5/POLR2F",41
"Reactome","2","R-HSA-9954709","Ribosome Quality Control (RQC) complex extracts and degrades nascent peptide","34/373","103/10039",1.04289006168182e-23,4.53657176831592e-22,2.97667001411208e-22,"PSMB2/RPL5/PSMA5/PSMB4/RPS27A/RPL31/RPL32/RPL24/RPL22L1/PSMD2/RPL39L/RPL35A/RPL10A/PSMB1/RPL10/RPL7/RPL8/RPL7A/RPLP2/RPL41/RPL6/RPL21/PSMB5/PSMA3/UBB/RPL23A/RPL27/RPL18A/UBA52/PSMC4/RPL18/RPL13A/RPL28/RBX1",34
"Reactome","2","R-HSA-6791226","Major pathway of rRNA processing in the nucleolus and cytosol","40/373","181/10039",1.69635756584047e-20,7.04008445339405e-19,4.61934900613598e-19,"UTP11/RPL5/RPS7/RPS27A/RPL31/RPL32/RPL24/RPL22L1/RPL39L/RPL35A/RPS23/RPS18/RPS10/RPL10A/RPL10/RPL7/EXOSC4/RPL8/RPS6/EXOSC3/RPL7A/RPLP2/RPS25/RPS24/RPS26/RPL41/RPL6/RPL21/RPL23A/RPL27/RPL18A/UBA52/RPS16/FBL/RPL18/RPL13A/RPS11/RPS9/RPL28/RPS5",40
"Reactome","2","R-HSA-8868773","rRNA processing in the nucleus and cytosol","41/373","191/10039",1.74290331295343e-20,7.04008445339405e-19,4.61934900613598e-19,"UTP11/RPL5/RPS7/RPS27A/RPL31/RPL32/RPL24/RPL22L1/RPL39L/RPL35A/RPS23/RPS18/RPS10/RPL10A/RPL10/RPL7/EXOSC4/RPL8/RPS6/EXOSC3/RPL7A/RPLP2/RPS25/RPS24/RPS26/RPL41/RPL6/RPL21/NOP10/RPL23A/RPL27/RPL18A/UBA52/RPS16/FBL/RPL18/RPL13A/RPS11/RPS9/RPL28/RPS5",41
"Reactome","2","R-HSA-72312","rRNA processing","42/373","207/10039",5.58741870509775e-20,2.17909329498812e-18,1.42981132017928e-18,"UTP11/RPL5/RPS7/RPS27A/RPL31/RPL32/TRMT10C/RPL24/RPL22L1/RPL39L/RPL35A/RPS23/RPS18/RPS10/RPL10A/RPL10/RPL7/EXOSC4/RPL8/RPS6/EXOSC3/RPL7A/RPLP2/RPS25/RPS24/RPS26/RPL41/RPL6/RPL21/NOP10/RPL23A/RPL27/RPL18A/UBA52/RPS16/FBL/RPL18/RPL13A/RPS11/RPS9/RPL28/RPS5",42
"Reactome","2","R-HSA-71291","Metabolism of amino acids and derivatives","53/373","339/10039",1.48367577219295e-19,5.59345766116741e-18,3.67014533121413e-18,"PSMB2/RPL5/PSMA5/PHGDH/PSMB4/ADI1/RPS7/ODC1/RPS27A/RPL31/RPL32/RPL24/RPL22L1/PSMD2/RPL39L/RPL35A/RPS23/RPS18/RPS10/RPL10A/PSMB1/RPL10/RPL7/RPL8/RPS6/GRHPR/RPL7A/RPLP2/SLC3A2/RPS25/PCBD1/RPS24/OAT/RPS26/RPL41/RPL6/RPL21/PSMB5/PSMA3/NQO1/RPL23A/RPL27/RPL18A/UBA52/RPS16/PSMC4/RPL18/RPL13A/RPS11/RPS9/RPL28/RPS5/ASPG",53
"Reactome","2","R-HSA-9735869","SARS-CoV-1 modulates host translation machinery","15/373","35/10039",4.43492427220356e-13,1.61803204898782e-11,1.06167117551902e-11,"RPS7/RPS27A/RPS23/RPS18/RPS10/EEF1A1/RPS6/RPS25/RPS24/HNRNPA1/RPS26/RPS16/RPS11/RPS9/RPS5",15
"Reactome","2","R-HSA-72649","Translation initiation complex formation","18/373","57/10039",9.99185705120141e-13,3.42448191663903e-11,2.24697263830845e-11,"RPS7/RPS27A/EIF4G1/EIF4A2/RPS23/RPS18/RPS10/EIF3H/RPS6/RPS25/RPS24/RPS26/RPS16/RPS11/RPS9/RPS5/EIF3D/EIF3L",18
"Reactome","2","R-HSA-72702","Ribosomal scanning and start codon recognition","18/373","57/10039",9.99185705120141e-13,3.42448191663903e-11,2.24697263830845e-11,"RPS7/RPS27A/EIF4G1/EIF4A2/RPS23/RPS18/RPS10/EIF3H/RPS6/RPS25/RPS24/RPS26/RPS16/RPS11/RPS9/RPS5/EIF3D/EIF3L",18
"Reactome","2","R-HSA-72662","Activation of the mRNA upon binding of the cap-binding complex and eIFs, and subsequent binding to 43S","18/373","58/10039",1.4002116380925e-12,4.65776283141946e-11,3.05618948871583e-11,"RPS7/RPS27A/EIF4G1/EIF4A2/RPS23/RPS18/RPS10/EIF3H/RPS6/RPS25/RPS24/RPS26/RPS16/RPS11/RPS9/RPS5/EIF3D/EIF3L",18
"Reactome","2","R-HSA-72695","Formation of the ternary complex, and subsequently, the 43S complex","16/373","50/10039",1.4888889191004e-11,4.81123819286443e-10,3.15689229463393e-10,"RPS7/RPS27A/RPS23/RPS18/RPS10/EIF3H/RPS6/RPS25/RPS24/RPS26/RPS16/RPS11/RPS9/RPS5/EIF3D/EIF3L",16
"Reactome","2","R-HSA-9929491","SPOP-mediated proteasomal degradation of PD-L1(CD274)","15/373","46/10039",4.80659833435461e-11,1.51007297670974e-09,9.90833867169591e-10,"PSMB2/PSMA5/PSMB4/RPS27A/PSMD2/CSNK2B/PSMB1/CCND1/CDK4/PSMB5/PSMA3/UBB/UBA52/PSMC4/RBX1",15
"Reactome","2","R-HSA-9909615","Regulation of PD-L1(CD274) Post-translational modification","19/373","86/10039",2.39402869879066e-10,7.31796340089794e-09,4.80167918249621e-09,"PSMB2/PSMA5/PSMB4/OST4/ERLEC1/RPS27A/PSMD2/CSNK2B/PSMB1/TMEM258/CCND1/CDK4/PSMB5/PSMA3/UBB/RPN2/UBA52/PSMC4/RBX1",19
"Reactome","2","R-HSA-9918487","Dengue Virus Genome Translation and Replication","18/373","81/10039",6.48411786582778e-10,1.92987823848716e-08,1.26628894609656e-08,"YBX1/OST4/RPS27A/SUMO1/EIF4G1/DNAJB11/EIF4A2/TMEM258/VIM/P4HA1/NACA/MAP1LC3B/UBB/SEC11C/RPN2/DPM1/CALR/UBA52",18
"Reactome","2","R-HSA-9692914","SARS-CoV-1-host interactions","19/373","91/10039",6.70876618568498e-10,1.94554219384864e-08,1.27656684504937e-08,"RPS7/YWHAQ/RPS27A/RPS23/RPS18/RPS10/EEF1A1/RPS6/RPS25/RPS24/PCBP2/HNRNPA1/RPS26/UBB/UBA52/RPS16/RPS11/RPS9/RPS5",19
"Reactome","2","R-HSA-75815","Ubiquitin-dependent degradation of Cyclin D","13/373","39/10039",7.06296105565552e-10,1.9970522384866e-08,1.3103651432203e-08,"PSMB2/PSMA5/PSMB4/RPS27A/PSMD2/PSMB1/CCND1/CDK4/PSMB5/PSMA3/UBB/UBA52/PSMC4",13
"Reactome","2","R-HSA-187577","SCF(Skp2)-mediated degradation of p27/p21","14/373","50/10039",2.08081018671144e-09,5.73999102724546e-08,3.76629314924664e-08,"PSMB2/PSMA5/PSMB4/CKS1B/RPS27A/PSMD2/PSMB1/CCND1/CDK4/PSMB5/PSMA3/UBB/UBA52/PSMC4",14
"Reactome","2","R-HSA-9909648","Regulation of PD-L1(CD274) expression","22/373","135/10039",4.28076431892528e-09,1.15274867731059e-07,7.56375650336421e-08,"PSMB2/PSMA5/PSMB4/OST4/DPY30/ERLEC1/RPS27A/PSMD2/CSNK2B/PSMB1/MYC/TMEM258/CCND1/CDK4/PSMB5/PSMA3/UBB/RPN2/UBA52/PSMC4/TEAD2/RBX1",22
"Reactome","2","R-HSA-69202","Cyclin E associated events during G1/S transition","16/373","73/10039",7.28649881545853e-09,1.91651864192642e-07,1.25752305138268e-07,"PSMB2/PSMA5/PSMB4/CKS1B/RPS27A/PSMD2/CCNH/PSMB1/MYC/CCND1/CDK4/PSMB5/PSMA3/UBB/UBA52/PSMC4",16
"Reactome","2","R-HSA-1428517","Aerobic respiration and respiratory electron transport","30/373","247/10039",9.15373531476207e-09,2.3529260547718e-07,1.54387162605437e-07,"SDHB/UQCRH/ATP5PB/NDUFS2/SDHC/RPS27A/MDH1/COX5B/ATP5MC3/NDUFB3/NDUFB5/HIGD2A/NDUFB9/CYC1/NDUFA8/ATP5MG/ATP5F1C/COX14/ATP5F1B/IDH2/COX4I1/UBB/ATP5PD/RAB5IF/NDUFB7/UBA52/UQCRFS1/ETFB/ATP5PF/ATP5PO",30
"Reactome","2","R-HSA-69656","Cyclin A:Cdk2-associated events at S phase entry","16/373","75/10039",1.10404173856205e-08,2.77482490291929e-07,1.82070041096198e-07,"PSMB2/PSMA5/PSMB4/CKS1B/RPS27A/PSMD2/CCNH/PSMB1/MYC/CCND1/CDK4/PSMB5/PSMA3/UBB/UBA52/PSMC4",16
"Reactome","2","R-HSA-5389840","Mitochondrial translation elongation","17/373","86/10039",1.29901969959778e-08,3.19389408748933e-07,2.09567251308109e-07,"MRPS15/MRPL9/MRPS14/MRPL3/MRPL47/MRPL36/MRPL14/MRPS33/MRPS16/CHCHD1/TSFM/MRPL58/GADD45GIP1/MRPL34/MRPS12/MRPL39/MRPS6",17
"Reactome","2","R-HSA-9754678","SARS-CoV-2 modulates host translation machinery","13/373","49/10039",1.62839334586344e-08,3.91853803015223e-07,2.57114738820543e-07,"RPS7/RPS27A/RPS23/RPS18/RPS10/RPS6/RPS25/RPS24/RPS26/RPS16/RPS11/RPS9/RPS5",13
"Reactome","2","R-HSA-180585","Vif-mediated degradation of APOBEC3G","12/373","41/10039",1.72999361661867e-08,4.07629745915774e-07,2.67466118358807e-07,"PSMB2/PSMA5/PSMB4/RPS27A/PSMD2/PSMB1/PSMB5/PSMA3/UBB/UBA52/PSMC4/RBX1",12
"Reactome","2","R-HSA-8854050","FBXL7 down-regulates AURKA during mitotic entry and in early mitosis","12/373","42/10039",2.34179488129478e-08,5.2971400214888e-07,3.47571661329015e-07,"PSMB2/PSMA5/PSMB4/RPS27A/PSMD2/PSMB1/PSMB5/PSMA3/UBB/UBA52/PSMC4/RBX1",12
"Reactome","2","R-HSA-9762114","GSK3B and BTRC:CUL1-mediated-degradation of NFE2L2","12/373","42/10039",2.34179488129478e-08,5.2971400214888e-07,3.47571661329015e-07,"PSMB2/PSMA5/PSMB4/RPS27A/PSMD2/PSMB1/PSMB5/PSMA3/UBB/UBA52/PSMC4/RBX1",12
"Reactome","2","R-HSA-9678108","SARS-CoV-1 Infection","21/373","136/10039",2.5943080830116e-08,5.75325968997278e-07,3.77499937775682e-07,"RPS7/YWHAQ/RPS27A/SUMO1/RPS23/RPS18/RPS10/EEF1A1/RPS6/RPS25/RPS24/PCBP2/HNRNPA1/RPS26/MAP1LC3B/UBB/UBA52/RPS16/RPS11/RPS9/RPS5",21
"Reactome","2","R-HSA-450408","AUF1 (hnRNP D0) binds and destabilizes mRNA","12/373","43/10039",3.1407549352129e-08,6.70225251269017e-07,4.39768069379363e-07,"PSMB2/PSMA5/PSMB4/RPS27A/PSMD2/EIF4G1/PSMB1/PSMB5/PSMA3/UBB/UBA52/PSMC4",12
"Reactome","2","R-HSA-5362768","Hh mutants are degraded by ERAD","12/373","43/10039",3.1407549352129e-08,6.70225251269017e-07,4.39768069379363e-07,"PSMB2/PSMA5/PSMB4/ERLEC1/RPS27A/PSMD2/PSMB1/PSMB5/PSMA3/UBB/UBA52/PSMC4",12
"Reactome","2","R-HSA-4641258","Degradation of DVL","12/373","44/10039",4.1755849457751e-08,8.28523960293269e-07,5.43635713161855e-07,"PSMB2/PSMA5/PSMB4/RPS27A/PSMD2/PSMB1/PSMB5/PSMA3/UBB/UBA52/PSMC4/RBX1",12
"Reactome","2","R-HSA-69541","Stabilization of p53","12/373","44/10039",4.1755849457751e-08,8.28523960293269e-07,5.43635713161855e-07,"PSMB2/PSMA5/PSMB4/RPS27A/PSMD2/PSMB1/CDKN2A/PSMB5/PSMA3/UBB/UBA52/PSMC4",12
"Reactome","2","R-HSA-9604323","Negative regulation of NOTCH4 signaling","12/373","44/10039",4.1755849457751e-08,8.28523960293269e-07,5.43635713161855e-07,"PSMB2/PSMA5/PSMB4/RPS27A/PSMD2/PSMB1/PSMB5/PSMA3/UBB/UBA52/PSMC4/RBX1",12
"Reactome","2","R-HSA-9929356","GSK3B-mediated proteasomal degradation of PD-L1(CD274)","12/373","44/10039",4.1755849457751e-08,8.28523960293269e-07,5.43635713161855e-07,"PSMB2/PSMA5/PSMB4/RPS27A/PSMD2/PSMB1/PSMB5/PSMA3/UBB/UBA52/PSMC4/RBX1",12
"Reactome","2","R-HSA-9013694","Signaling by NOTCH4","15/373","72/10039",4.48678514886921e-08,8.71472746036022e-07,5.71816544236954e-07,"PSMB2/PSMA5/APH1A/PSMB4/RPS27A/PSMD2/PSMB1/HEY1/PSMB5/PSMA3/UBB/UBA52/PSENEN/PSMC4/RBX1",15
"Reactome","2","R-HSA-389948","Co-inhibition by PD-1","22/373","153/10039",4.54614429850799e-08,8.71472746036022e-07,5.71816544236954e-07,"PSMB2/PSMA5/PSMB4/OST4/DPY30/ERLEC1/RPS27A/PSMD2/CSNK2B/PSMB1/MYC/TMEM258/CCND1/CDK4/PSMB5/PSMA3/UBB/RPN2/UBA52/PSMC4/TEAD2/RBX1",22
"Reactome","2","R-HSA-5387390","Hh mutants abrogate ligand secretion","12/373","45/10039",5.50552355798202e-08,1.0207782203406e-06,6.69783280134137e-07,"PSMB2/PSMA5/PSMB4/ERLEC1/RPS27A/PSMD2/PSMB1/PSMB5/PSMA3/UBB/UBA52/PSMC4",12
"Reactome","2","R-HSA-8941858","Regulation of RUNX3 expression and activity","12/373","45/10039",5.50552355798202e-08,1.0207782203406e-06,6.69783280134137e-07,"PSMB2/PSMA5/PSMB4/RPS27A/PSMD2/PSMB1/CDKN2A/PSMB5/PSMA3/UBB/UBA52/PSMC4",12
"Reactome","2","R-HSA-211733","Regulation of activated PAK-2p34 by proteasome mediated degradation","11/373","37/10039",5.76349249445832e-08,1.05137258245683e-06,6.89857760372346e-07,"PSMB2/PSMA5/PSMB4/RPS27A/PSMD2/PSMB1/PSMB5/PSMA3/UBB/UBA52/PSMC4",11
"Reactome","2","R-HSA-163210","Formation of ATP by chemiosmotic coupling","8/373","17/10039",6.1092021650055e-08,1.09674724581289e-06,7.1963033021368e-07,"ATP5PB/ATP5MC3/ATP5MG/ATP5F1C/ATP5F1B/ATP5PD/ATP5PF/ATP5PO",8
"Reactome","2","R-HSA-5610780","Degradation of GLI1 by the proteasome","12/373","46/10039",7.20215459340477e-08,1.23418740077891e-06,8.09811640885225e-07,"PSMB2/PSMA5/PSMB4/RPS27A/PSMD2/PSMB1/PSMB5/PSMA3/UBB/UBA52/PSMC4/RBX1",12
"Reactome","2","R-HSA-5610783","Degradation of GLI2 by the proteasome","12/373","46/10039",7.20215459340477e-08,1.23418740077891e-06,8.09811640885225e-07,"PSMB2/PSMA5/PSMB4/RPS27A/PSMD2/PSMB1/PSMB5/PSMA3/UBB/UBA52/PSMC4/RBX1",12
"Reactome","2","R-HSA-5610785","GLI3 is processed to GLI3R by the proteasome","12/373","46/10039",7.20215459340477e-08,1.23418740077891e-06,8.09811640885225e-07,"PSMB2/PSMA5/PSMB4/RPS27A/PSMD2/PSMB1/PSMB5/PSMA3/UBB/UBA52/PSMC4/RBX1",12
"Reactome","2","R-HSA-9839923","Dengue Virus Infection","34/373","334/10039",8.14733560761116e-08,1.37531889137436e-06,9.02415020167457e-07,"YBX1/SDC1/SF3B6/OST4/RPS27A/SUMO1/AP2M1/EIF4G1/POLR2H/DNAJB11/EIF4A2/NCBP2/SF3B5/DYNLT1/PUF60/TMEM258/SF3B2/RBM17/VIM/P4HA1/PCBP2/HNRNPA1/NACA/SRSF9/MAP1LC3B/UBB/SEC11C/RPN2/DPM1/CALR/UBA52/KDELR1/RPL18/POLR2F",34
"Reactome","2","R-HSA-5368286","Mitochondrial translation initiation","16/373","86/10039",8.58721379959811e-08,1.40755634889065e-06,9.23567616890414e-07,"MRPS15/MRPL9/MRPS14/MRPL3/MRPL47/MRPL36/MRPL14/MRPS33/MRPS16/CHCHD1/MRPL58/GADD45GIP1/MRPL34/MRPS12/MRPL39/MRPS6",16
"Reactome","2","R-HSA-9937383","Mitochondrial ribosome-associated quality control","16/373","86/10039",8.58721379959811e-08,1.40755634889065e-06,9.23567616890414e-07,"MRPS15/MRPL9/MRPS14/MRPL3/MRPL47/MRPL36/MRPL14/MRPS33/MRPS16/CHCHD1/MRPL58/GADD45GIP1/MRPL34/MRPS12/MRPL39/MRPS6",16
"Reactome","2","R-HSA-69206","G1/S Transition","19/373","121/10039",9.19136551136629e-08,1.48506205619361e-06,9.74422960227554e-07,"PSMB2/PSMA5/PSMB4/CKS1B/RPS27A/POLE4/PSMD2/CCNH/PSMB1/MYC/CCND1/CDK4/PSMB5/PSMA3/UBB/PCNA/UBA52/PSMC4/PPP2R1A",19
"Reactome","2","R-HSA-9759194","Nuclear events mediated by NFE2L2","16/373","87/10039",1.01707128215331e-07,1.62015157762732e-06,1.06306190351087e-06,"PSMB2/PRDX1/PSMA5/PSMB4/RPS27A/PSMD2/PSMB1/MYC/CDKN2A/PSMB5/PSMA3/NQO1/UBB/UBA52/PSMC4/RBX1",16
"Reactome","2","R-HSA-180534","Vpu mediated degradation of CD4","11/373","39/10039",1.05660381379748e-07,1.63701221014376e-06,1.0741250017696e-06,"PSMB2/PSMA5/PSMB4/RPS27A/PSMD2/PSMB1/PSMB5/PSMA3/UBB/UBA52/PSMC4",11
"Reactome","2","R-HSA-349425","Autodegradation of the E3 ubiquitin ligase COP1","11/373","39/10039",1.05660381379748e-07,1.63701221014376e-06,1.0741250017696e-06,"PSMB2/PSMA5/PSMB4/RPS27A/PSMD2/PSMB1/PSMB5/PSMA3/UBB/UBA52/PSMC4",11
"Reactome","2","R-HSA-5678895","Defective CFTR causes cystic fibrosis","12/373","48/10039",1.2056114637766e-07,1.81806208737511e-06,1.19292081678948e-06,"PSMB2/PSMA5/PSMB4/ERLEC1/RPS27A/PSMD2/PSMB1/PSMB5/PSMA3/UBB/UBA52/PSMC4",12
"Reactome","2","R-HSA-9932298","Degradation of CRY and PER proteins","12/373","48/10039",1.2056114637766e-07,1.81806208737511e-06,1.19292081678948e-06,"PSMB2/PSMA5/PSMB4/RPS27A/PSMD2/PSMB1/PSMB5/PSMA3/UBB/UBA52/PSMC4/RBX1",12
"Reactome","2","R-HSA-169911","Regulation of Apoptosis","11/373","40/10039",1.40938038394293e-07,2.09738054505191e-06,1.37619552725729e-06,"PSMB2/PSMA5/PSMB4/RPS27A/PSMD2/PSMB1/PSMB5/PSMA3/UBB/UBA52/PSMC4",11
"Reactome","2","R-HSA-69242","S Phase","21/373","150/10039",1.47679943619077e-07,2.1691690419893e-06,1.42329952496855e-06,"PSMB2/PSMA5/PSMB4/CKS1B/RPS27A/POLE4/PSMD2/RFC4/CCNH/PSMB1/MYC/CCND1/ANAPC16/CDK4/PSMB5/PSMA3/UBB/PCNA/UBA52/PSMC4/RBX1",21
"Reactome","2","R-HSA-9755511","KEAP1-NFE2L2 pathway","18/373","113/10039",1.60891374348112e-07,2.33292492804763e-06,1.5307478935954e-06,"PSMB2/PRDX1/PSMA5/PSMB4/RPS27A/PSMD2/CSNK2B/PSMB1/MYC/CDKN2A/PSMB5/PSMA3/NQO1/MAP1LC3B/UBB/UBA52/PSMC4/RBX1",18
"Reactome","2","R-HSA-8939902","Regulation of RUNX2 expression and activity","13/373","59/10039",1.79053653158646e-07,2.56341369268897e-06,1.68198301767949e-06,"PSMB2/PSMA5/PSMB4/RPS27A/PSMD2/PSMB1/DLX5/PSMB5/PSMA3/UBB/UBA52/PSMC4/RBX1",13
"Reactome","2","R-HSA-453279","Mitotic G1 phase and G1/S transition","20/373","139/10039",1.86036317330077e-07,2.63008843625397e-06,1.72573162786453e-06,"PSMB2/PSMA5/PSMB4/CKS1B/RPS27A/POLE4/PSMD2/CCNH/PSMB1/MYC/CDKN2A/CCND1/CDK4/PSMB5/PSMA3/UBB/PCNA/UBA52/PSMC4/PPP2R1A",20
"Reactome","2","R-HSA-157118","Signaling by NOTCH","22/373","166/10039",1.99739363587186e-07,2.78895333601367e-06,1.82997077750443e-06,"PSMB2/YBX1/PSMA5/APH1A/PSMB4/RPS27A/PSMD2/HDAC2/PSMB1/HEY1/MYC/MDK/CCND1/TMED2/PSMB5/PSMA3/UBB/NOTCH3/UBA52/PSENEN/PSMC4/RBX1",22
"Reactome","2","R-HSA-5689603","UCH proteinases","14/373","70/10039",2.1777544090279e-07,3.00370760562262e-06,1.97088171805477e-06,"PSMB2/PSMA5/PSMB4/RPS27A/ACTL6A/PSMD2/PSMB1/UCHL3/PSMB5/PSMA3/UBB/UBA52/PSMC4/TFPT",14
"Reactome","2","R-HSA-174113","SCF-beta-TrCP mediated degradation of Emi1","11/373","42/10039",2.44058933868735e-07,3.19194142713093e-06,2.0943912756548e-06,"PSMB2/PSMA5/PSMB4/RPS27A/PSMD2/PSMB1/PSMB5/PSMA3/UBB/UBA52/PSMC4",11
"Reactome","2","R-HSA-4641257","Degradation of AXIN","11/373","42/10039",2.44058933868735e-07,3.19194142713093e-06,2.0943912756548e-06,"PSMB2/PSMA5/PSMB4/RPS27A/PSMD2/PSMB1/PSMB5/PSMA3/UBB/UBA52/PSMC4",11
"Reactome","2","R-HSA-5358346","Hedgehog ligand biogenesis","12/373","51/10039",2.4835618531169e-07,3.19194142713093e-06,2.0943912756548e-06,"PSMB2/PSMA5/PSMB4/ERLEC1/RPS27A/PSMD2/PSMB1/PSMB5/PSMA3/UBB/UBA52/PSMC4",12
"Reactome","2","R-HSA-69601","Ubiquitin-Mediated Degradation of Phosphorylated Cdc25A","12/373","51/10039",2.4835618531169e-07,3.19194142713093e-06,2.0943912756548e-06,"PSMB2/PSMA5/PSMB4/RPS27A/PSMD2/PSMB1/PSMB5/PSMA3/UBB/UBA52/PSMC4/RBX1",12
"Reactome","2","R-HSA-69613","p53-Independent G1/S DNA Damage Checkpoint","12/373","51/10039",2.4835618531169e-07,3.19194142713093e-06,2.0943912756548e-06,"PSMB2/PSMA5/PSMB4/RPS27A/PSMD2/PSMB1/PSMB5/PSMA3/UBB/UBA52/PSMC4/RBX1",12
"Reactome","2","R-HSA-9918432","Maturation of DENV proteins","12/373","51/10039",2.4835618531169e-07,3.19194142713093e-06,2.0943912756548e-06,"OST4/RPS27A/SUMO1/DNAJB11/TMEM258/P4HA1/UBB/SEC11C/RPN2/DPM1/CALR/UBA52",12
"Reactome","2","R-HSA-5696399","Global Genome Nucleotide Excision Repair (GG-NER)","15/373","84/10039",3.82793819539454e-07,4.79715758172201e-06,3.1476533064489e-06,"PARP1/RPS27A/POLE4/SUMO1/ACTL6A/RFC4/CCNH/RAD23B/UBB/PCNA/RAD23A/UBA52/TFPT/RBX1/SUMO3",15
"Reactome","2","R-HSA-1234176","Oxygen-dependent proline hydroxylation of Hypoxia-inducible Factor Alpha","12/373","53/10039",3.90219714870403e-07,4.79715758172201e-06,3.1476533064489e-06,"PSMB2/PSMA5/PSMB4/RPS27A/PSMD2/PSMB1/PSMB5/PSMA3/UBB/UBA52/PSMC4/RBX1",12
"Reactome","2","R-HSA-69563","p53-Dependent G1 DNA Damage Response","12/373","53/10039",3.90219714870403e-07,4.79715758172201e-06,3.1476533064489e-06,"PSMB2/PSMA5/PSMB4/RPS27A/PSMD2/PSMB1/CDKN2A/PSMB5/PSMA3/UBB/UBA52/PSMC4",12
"Reactome","2","R-HSA-69580","p53-Dependent G1/S DNA damage checkpoint","12/373","53/10039",3.90219714870403e-07,4.79715758172201e-06,3.1476533064489e-06,"PSMB2/PSMA5/PSMB4/RPS27A/PSMD2/PSMB1/CDKN2A/PSMB5/PSMA3/UBB/UBA52/PSMC4",12
"Reactome","2","R-HSA-8852276","The role of GTSE1 in G2/M progression after G2 checkpoint","13/373","63/10039",4.0464880387107e-07,4.92105158256107e-06,3.22894631272331e-06,"PSMB2/PSMA5/PSMB4/RPS27A/PSMD2/PSMB1/TUBA1B/TUBA1C/PSMB5/PSMA3/UBB/UBA52/PSMC4",13
"Reactome","2","R-HSA-5696398","Nucleotide Excision Repair","17/373","108/10039",4.25125269018697e-07,5.115071055959e-06,3.35625212383182e-06,"PARP1/RPS27A/POLE4/SUMO1/ACTL6A/POLR2H/RFC4/CCNH/RAD23B/UBB/PCNA/RAD23A/UBA52/TFPT/POLR2F/RBX1/SUMO3",17
"Reactome","2","R-HSA-8878159","Transcriptional regulation by RUNX3","15/373","85/10039",4.49325486488139e-07,5.32846656631012e-06,3.49627151495987e-06,"PSMB2/PSMA5/PSMB4/RPS27A/PSMD2/PSMB1/MYC/CDKN2A/CCND1/PSMB5/PSMA3/UBB/UBA52/PSMC4/TEAD2",15
"Reactome","2","R-HSA-8949613","Cristae formation","9/373","28/10039",4.5228363427566e-07,5.32846656631012e-06,3.49627151495987e-06,"ATP5PB/ATP5MC3/MTX2/ATP5MG/ATP5F1C/ATP5F1B/ATP5PD/ATP5PF/ATP5PO",9
"Reactome","2","R-HSA-174084","Autodegradation of Cdh1 by Cdh1:APC/C","12/373","54/10039",4.8512824722314e-07,5.61847378121408e-06,3.68655964982635e-06,"PSMB2/PSMA5/PSMB4/RPS27A/PSMD2/PSMB1/ANAPC16/PSMB5/PSMA3/UBB/UBA52/PSMC4",12
"Reactome","2","R-HSA-5368287","Mitochondrial translation","17/373","109/10039",4.86835040282033e-07,5.61847378121408e-06,3.68655964982635e-06,"MRPS15/MRPL9/MRPS14/MRPL3/MRPL47/MRPL36/MRPL14/MRPS33/MRPS16/CHCHD1/TSFM/MRPL58/GADD45GIP1/MRPL34/MRPS12/MRPL39/MRPS6",17
"Reactome","2","R-HSA-450531","Regulation of mRNA stability by proteins that bind AU-rich elements","14/373","75/10039",5.33478250540614e-07,6.09458486223672e-06,3.99895977279249e-06,"PSMB2/PSMA5/PSMB4/RPS27A/PSMD2/EIF4G1/PSMB1/EXOSC4/EXOSC3/PSMB5/PSMA3/UBB/UBA52/PSMC4",14
"Reactome","2","R-HSA-174154","APC/C:Cdc20 mediated degradation of Securin","12/373","55/10039",6.00006575482008e-07,6.58842171718593e-06,4.3229906562577e-06,"PSMB2/PSMA5/PSMB4/RPS27A/PSMD2/PSMB1/ANAPC16/PSMB5/PSMA3/UBB/UBA52/PSMC4",12
"Reactome","2","R-HSA-5658442","Regulation of RAS by GAPs","12/373","55/10039",6.00006575482008e-07,6.58842171718593e-06,4.3229906562577e-06,"PSMB2/PSMA5/PSMB4/RPS27A/PSMD2/PSMB1/PSMB5/PSMA3/UBB/UBA52/PSMC4/RBX1",12
"Reactome","2","R-HSA-8948751","Regulation of PTEN stability and activity","12/373","55/10039",6.00006575482008e-07,6.58842171718593e-06,4.3229906562577e-06,"PSMB2/PSMA5/PSMB4/RPS27A/PSMD2/CSNK2B/PSMB1/PSMB5/PSMA3/UBB/UBA52/PSMC4",12
"Reactome","2","R-HSA-9931269","AMPK-induced ERAD and lysosome mediated degradation of PD-L1(CD274)","12/373","55/10039",6.00006575482008e-07,6.58842171718593e-06,4.3229906562577e-06,"PSMB2/PSMA5/PSMB4/ERLEC1/RPS27A/PSMD2/PSMB1/PSMB5/PSMA3/UBB/UBA52/PSMC4",12
"Reactome","2","R-HSA-9711123","Cellular response to chemical stress","23/373","192/10039",6.65214685387648e-07,7.16662168946058e-06,4.70237637030081e-06,"PSMB2/PRDX1/PSMA5/PSMB4/RPS27A/COX5B/PSMD2/GPX3/CSNK2B/PSMB1/MYC/CDKN2A/PSMB5/PSMA3/NQO1/COX4I1/MAP1LC3B/UBB/PRDX2/UBA52/PSMC4/RBX1/SOD1",23
"Reactome","2","R-HSA-5676590","NIK-->noncanonical NF-kB signaling","11/373","46/10039",6.6533623111703e-07,7.16662168946058e-06,4.70237637030081e-06,"PSMB2/PSMA5/PSMB4/RPS27A/PSMD2/PSMB1/PSMB5/PSMA3/UBB/UBA52/PSMC4",11
"Reactome","2","R-HSA-8939236","RUNX1 regulates transcription of genes involved in differentiation of HSCs","12/373","56/10039",7.38412293735606e-07,7.85383969999831e-06,5.15329423286222e-06,"PSMB2/PSMA5/PSMB4/RPS27A/PSMD2/CCNH/PSMB1/PSMB5/PSMA3/UBB/UBA52/PSMC4",12
"Reactome","2","R-HSA-5419276","Mitochondrial translation termination","16/373","100/10039",7.43024622369425e-07,7.85383969999831e-06,5.15329423286222e-06,"MRPS15/MRPL9/MRPS14/MRPL3/MRPL47/MRPL36/MRPL14/MRPS33/MRPS16/CHCHD1/MRPL58/GADD45GIP1/MRPL34/MRPS12/MRPL39/MRPS6",16
"Reactome","2","R-HSA-350562","Regulation of ornithine decarboxylase (ODC)","10/373","38/10039",8.28307872671575e-07,8.59464407331698e-06,5.6393727690339e-06,"PSMB2/PSMA5/PSMB4/ODC1/PSMD2/PSMB1/PSMB5/PSMA3/NQO1/PSMC4",10
"Reactome","2","R-HSA-9924644","Developmental Lineages of the Mammary Gland","10/373","38/10039",8.28307872671575e-07,8.59464407331698e-06,5.6393727690339e-06,"EPCAM/KIT/DLX5/ALDH1A1/VIM/KRT5/KRT8/KRT19/KRT14/SLPI",10
"Reactome","2","R-HSA-5607761","Dectin-1 mediated noncanonical NF-kB signaling","11/373","47/10039",8.40059512588977e-07,8.63733917034666e-06,5.66738714234668e-06,"PSMB2/PSMA5/PSMB4/RPS27A/PSMD2/PSMB1/PSMB5/PSMA3/UBB/UBA52/PSMC4",11
"Reactome","2","R-HSA-69615","G1/S DNA Damage Checkpoints","13/373","67/10039",8.56968230827116e-07,8.73181143302224e-06,5.7293750851884e-06,"PSMB2/PSMA5/PSMB4/RPS27A/PSMD2/PSMB1/CDKN2A/PSMB5/PSMA3/UBB/UBA52/PSMC4/RBX1",13
"Reactome","2","R-HSA-9734779","Developmental Cell Lineages of the Integumentary System","13/373","68/10039",1.02440155485366e-06,1.03446264155312e-05,6.78762308432173e-06,"EPCAM/KIT/DLX5/FABP5/AQP3/ALDH1A1/CALML5/VIM/KRT5/KRT8/KRT19/KRT14/SLPI",13
"Reactome","2","R-HSA-68949","Orc1 removal from chromatin","12/373","58/10039",1.10269053232624e-06,1.10366636465573e-05,7.24170307675827e-06,"PSMB2/PSMA5/PSMB4/RPS27A/PSMD2/PSMB1/PSMB5/PSMA3/UBB/UBA52/PSMC4/RBX1",12
"Reactome","2","R-HSA-195253","Degradation of beta-catenin by the destruction complex","13/373","69/10039",1.22037293265446e-06,1.21073840950193e-05,7.9442559327922e-06,"PSMB2/PSMA5/PSMB4/RPS27A/PSMD2/PSMB1/PSMB5/PSMA3/UBB/UBA52/PSMC4/PPP2R1A/RBX1",13
"Reactome","2","R-HSA-8878166","Transcriptional regulation by RUNX2","16/373","104/10039",1.27906917167747e-06,1.25793672449323e-05,8.25394751517266e-06,"PSMB2/PSMA5/PSMB4/RPS27A/PSMD2/PSMB1/DLX5/HEY1/CCND1/CDK4/PSMB5/PSMA3/UBB/UBA52/PSMC4/RBX1",16
"Reactome","2","R-HSA-1236974","ER-Phagosome pathway","14/373","81/10039",1.41635123808893e-06,1.38094245713671e-05,9.06104920918964e-06,"PSMB2/PSMA5/PSMB4/S100A1/RPS27A/PSMD2/PSMB1/SEC61B/PSMB5/PSMA3/UBB/CALR/UBA52/PSMC4",14
"Reactome","2","R-HSA-174184","Cdc20:Phospho-APC/C mediated degradation of Cyclin A","12/373","60/10039",1.61789239130937e-06,1.55070872421263e-05,1.01749699899474e-05,"PSMB2/PSMA5/PSMB4/RPS27A/PSMD2/PSMB1/ANAPC16/PSMB5/PSMA3/UBB/UBA52/PSMC4",12
"Reactome","2","R-HSA-69017","CDK-mediated phosphorylation and removal of Cdc6","12/373","60/10039",1.61789239130937e-06,1.55070872421263e-05,1.01749699899474e-05,"PSMB2/PSMA5/PSMB4/RPS27A/PSMD2/PSMB1/ANAPC16/PSMB5/PSMA3/UBB/UBA52/PSMC4",12
"Reactome","2","R-HSA-388841","Regulation of T cell activation by CD28 family","23/373","204/10039",1.93621877470026e-06,1.82045595866784e-05,1.19449155461941e-05,"PSMB2/PSMA5/PSMB4/OST4/DPY30/ERLEC1/RPS27A/PSMD2/CSNK2B/PSMB1/MYC/TMEM258/CCND1/CDK4/PSMB5/PSMA3/UBB/RPN2/UBA52/PSMC4/TEAD2/PPP2R1A/RBX1",23
"Reactome","2","R-HSA-174178","APC/C:Cdh1 mediated degradation of Cdc20 and other APC/C:Cdh1 targeted proteins in late mitosis/early G1","12/373","61/10039",1.9476142440213e-06,1.82045595866784e-05,1.19449155461941e-05,"PSMB2/PSMA5/PSMB4/RPS27A/PSMD2/PSMB1/ANAPC16/PSMB5/PSMA3/UBB/UBA52/PSMC4",12
"Reactome","2","R-HSA-179419","APC:Cdc20 mediated degradation of cell cycle proteins prior to satisfation of the cell cycle checkpoint","12/373","61/10039",1.9476142440213e-06,1.82045595866784e-05,1.19449155461941e-05,"PSMB2/PSMA5/PSMB4/RPS27A/PSMD2/PSMB1/ANAPC16/PSMB5/PSMA3/UBB/UBA52/PSMC4",12
"Reactome","2","R-HSA-1169091","Activation of NF-kappaB in B cells","11/373","51/10039",2.0095581883003e-06,1.8478132609493e-05,1.21244203915423e-05,"PSMB2/PSMA5/PSMB4/RPS27A/PSMD2/PSMB1/PSMB5/PSMA3/UBB/UBA52/PSMC4",11
"Reactome","2","R-HSA-4608870","Asymmetric localization of PCP proteins","11/373","51/10039",2.0095581883003e-06,1.8478132609493e-05,1.21244203915423e-05,"PSMB2/PSMA5/PSMB4/RPS27A/PSMD2/PSMB1/PSMB5/PSMA3/UBB/UBA52/PSMC4",11
"Reactome","2","R-HSA-69239","Synthesis of DNA","16/373","108/10039",2.14176319175318e-06,1.95349529828455e-05,1.28178527180475e-05,"PSMB2/PSMA5/PSMB4/RPS27A/POLE4/PSMD2/RFC4/PSMB1/ANAPC16/PSMB5/PSMA3/UBB/PCNA/UBA52/PSMC4/RBX1",16
"Reactome","2","R-HSA-1234174","Cellular response to hypoxia","12/373","62/10039",2.33532127651151e-06,2.11299869098762e-05,1.38644336837105e-05,"PSMB2/PSMA5/PSMB4/RPS27A/PSMD2/PSMB1/PSMB5/PSMA3/UBB/UBA52/PSMC4/RBX1",12
"Reactome","2","R-HSA-9766229","Degradation of CDH1","11/373","52/10039",2.46495011053003e-06,2.21258617064243e-05,1.4517876590841e-05,"PSMB2/PSMA5/PSMB4/RPS27A/PSMD2/PSMB1/PSMB5/PSMA3/UBB/UBA52/PSMC4",11
"Reactome","2","R-HSA-176409","APC/C:Cdc20 mediated degradation of mitotic proteins","12/373","63/10039",2.78959715242692e-06,2.48427903889358e-05,1.6300588416585e-05,"PSMB2/PSMA5/PSMB4/RPS27A/PSMD2/PSMB1/ANAPC16/PSMB5/PSMA3/UBB/UBA52/PSMC4",12
"Reactome","2","R-HSA-5696395","Formation of Incision Complex in GG-NER","10/373","43/10039",2.84509023516986e-06,2.51390394998212e-05,1.64949721693647e-05,"PARP1/RPS27A/SUMO1/CCNH/RAD23B/UBB/RAD23A/UBA52/RBX1/SUMO3",10
"Reactome","2","R-HSA-72187","mRNA 3'-end processing","19/373","151/10039",3.02918719127584e-06,2.65582225839765e-05,1.74261686646223e-05,"YBX1/MAGOH/SF3B6/RPS27A/PRPF40A/POLR2H/NCBP2/FYTTD1/SF3B5/PUF60/SF3B2/RBM17/PCBP2/HNRNPA1/SRSF9/UBB/DDX39A/UBA52/POLR2F",19
"Reactome","2","R-HSA-176814","Activation of APC/C and APC/C:Cdc20 mediated degradation of mitotic proteins","12/373","64/10039",3.32005359492039e-06,2.86639741668318e-05,1.88078568454711e-05,"PSMB2/PSMA5/PSMB4/RPS27A/PSMD2/PSMB1/ANAPC16/PSMB5/PSMA3/UBB/UBA52/PSMC4",12
"Reactome","2","R-HSA-5619084","ABC transporter disorders","12/373","64/10039",3.32005359492039e-06,2.86639741668318e-05,1.88078568454711e-05,"PSMB2/PSMA5/PSMB4/ERLEC1/RPS27A/PSMD2/PSMB1/PSMB5/PSMA3/UBB/UBA52/PSMC4",12
"Reactome","2","R-HSA-6807070","PTEN Regulation","17/373","125/10039",3.45974758996777e-06,2.96437463958602e-05,1.94507340584312e-05,"PSMB2/PSMA5/LAMTOR5/PSMB4/LAMTOR2/RPS27A/PSMD2/CSNK2B/HDAC2/PSMB1/MAF1/RRAGA/PSMB5/PSMA3/UBB/UBA52/PSMC4",17
"Reactome","2","R-HSA-162909","Host Interactions of HIV factors","16/373","113/10039",3.93690799230958e-06,3.34785183406175e-05,2.19669183583558e-05,"PSMB2/PSMA5/PSMB4/RPS27A/SEC13/AP2M1/PSMD2/HMGA1/PSMB1/PSIP1/PSMB5/PSMA3/UBB/UBA52/PSMC4/RBX1",16
"Reactome","2","R-HSA-9679506","SARS-CoV Infections","34/373","395/10039",4.02251899788445e-06,3.39512610940844e-05,2.22771083543483e-05,"RPS7/YWHAQ/SDC1/OST4/RPS27A/SUMO1/SEC13/AP2M1/RPS23/RPS18/RPS10/EEF1A1/HDAC2/GJA1/RPS6/TMEM258/FXYD6/RPS25/RPS24/PCBP2/HNRNPA1/RPS26/SAP18/MAP1LC3B/UBB/RPN2/UBA52/FXYD3/RPS16/RPS11/RPS9/RPS5/COMT/RBX1",34
"Reactome","2","R-HSA-9764265","Regulation of CDH1 Expression and Function","18/373","142/10039",4.96632496392468e-06,4.13008348102854e-05,2.70995286344187e-05,"PSMB2/PSMA5/PSMB4/OST4/RPS27A/PSMD2/CSNK2B/HDAC2/PSMB1/MYC/TMEM258/PSMB5/PSMA3/UBB/SEC11C/RPN2/UBA52/PSMC4",18
"Reactome","2","R-HSA-9764274","Regulation of Expression and Function of Type I Classical Cadherins","18/373","142/10039",4.96632496392468e-06,4.13008348102854e-05,2.70995286344187e-05,"PSMB2/PSMA5/PSMB4/OST4/RPS27A/PSMD2/CSNK2B/HDAC2/PSMB1/MYC/TMEM258/PSMB5/PSMA3/UBB/SEC11C/RPN2/UBA52/PSMC4",18
"Reactome","2","R-HSA-4086400","PCP/CE pathway","13/373","78/10039",5.14136400505354e-06,4.2444399195004e-05,2.78498780143123e-05,"PSMB2/PSMA5/PSMB4/RPS27A/AP2M1/PSMD2/PSMB1/PSMB5/PSMA3/PFN1/UBB/UBA52/PSMC4",13
"Reactome","2","R-HSA-351202","Metabolism of polyamines","10/373","46/10039",5.47528045081168e-06,4.48734941294784e-05,2.9443727824731e-05,"PSMB2/PSMA5/PSMB4/ODC1/PSMD2/PSMB1/PSMB5/PSMA3/NQO1/PSMC4",10
"Reactome","2","R-HSA-69052","Switching of origins to a post-replicative state","13/373","79/10039",5.95036442803217e-06,4.8416274590679e-05,3.17683220125913e-05,"PSMB2/PSMA5/PSMB4/RPS27A/PSMD2/PSMB1/ANAPC16/PSMB5/PSMA3/UBB/UBA52/PSMC4/RBX1",13
"Reactome","2","R-HSA-176408","Regulation of APC/C activators between G1/S and early anaphase","12/373","68/10039",6.43722872397225e-06,5.20036120486615e-05,3.41221522586499e-05,"PSMB2/PSMA5/PSMB4/RPS27A/PSMD2/PSMB1/ANAPC16/PSMB5/PSMA3/UBB/UBA52/PSMC4",12
"Reactome","2","R-HSA-5696394","DNA Damage Recognition in GG-NER","9/373","38/10039",7.6748383391452e-06,6.15620011459094e-05,4.03938859955011e-05,"PARP1/RPS27A/ACTL6A/RAD23B/UBB/RAD23A/UBA52/TFPT/RBX1",9
"Reactome","2","R-HSA-5632684","Hedgehog 'on' state","12/373","70/10039",8.79478559549526e-06,7.00486092148249e-05,4.59623709771991e-05,"PSMB2/PSMA5/PSMB4/RPS27A/PSMD2/PSMB1/PSMB5/PSMA3/UBB/UBA52/PSMC4/RBX1",12
"Reactome","2","R-HSA-9764561","Regulation of CDH1 Function","11/373","59/10039",9.04074801020455e-06,7.15040978988905e-05,4.691738937942e-05,"PSMB2/PSMA5/PSMB4/RPS27A/PSMD2/PSMB1/PSMB5/PSMA3/UBB/UBA52/PSMC4",11
"Reactome","2","R-HSA-9927418","Developmental Lineage of Mammary Gland Luminal Epithelial Cells","7/373","22/10039",9.71862169443374e-06,7.6331674558365e-05,5.00850021533318e-05,"EPCAM/KIT/ALDH1A1/KRT5/KRT8/KRT19/SLPI",7
"Reactome","2","R-HSA-418990","Adherens junctions interactions","20/373","179/10039",1.04409218306587e-05,8.14391902791375e-05,5.34362968465652e-05,"PSMB2/PSMA5/PSMB4/NECTIN4/OST4/RPS27A/PSMD2/CSNK2B/HDAC2/PSMB1/MYC/TMEM258/CADM1/PSMB5/PSMA3/UBB/SEC11C/RPN2/UBA52/PSMC4",20
"Reactome","2","R-HSA-1236975","Antigen processing-Cross presentation","14/373","96/10039",1.12012661103537e-05,8.67714518548632e-05,5.6935058455655e-05,"PSMB2/PSMA5/PSMB4/S100A1/RPS27A/PSMD2/PSMB1/SEC61B/PSMB5/PSMA3/UBB/CALR/UBA52/PSMC4",14
"Reactome","2","R-HSA-389958","Cooperation of Prefoldin and TriC/CCT  in actin and tubulin folding","8/373","31/10039",1.25428004415234e-05,9.65027707439654e-05,6.33202600162833e-05,"CCT4/CCT5/TCP1/TUBA1B/TUBA1C/CCT2/PFDN4/CCT8",8
"Reactome","2","R-HSA-5687128","MAPK6/MAPK4 signaling","12/373","73/10039",1.37451237525031e-05,0.000104333791705241,6.84585817415377e-05,"PSMB2/PSMA5/PSMB4/RPS27A/PSMD2/PSMB1/MYC/PSMB5/PSMA3/UBB/UBA52/PSMC4",12
"Reactome","2","R-HSA-68867","Assembly of the pre-replicative complex","12/373","73/10039",1.37451237525031e-05,0.000104333791705241,6.84585817415377e-05,"PSMB2/PSMA5/PSMB4/RPS27A/PSMD2/PSMB1/ANAPC16/PSMB5/PSMA3/UBB/UBA52/PSMC4",12
"Reactome","2","R-HSA-611105","Respiratory electron transport","18/373","153/10039",1.4236031993665e-05,0.000106928433780241,7.01610552515889e-05,"SDHB/UQCRH/NDUFS2/SDHC/MDH1/COX5B/NDUFB3/NDUFB5/HIGD2A/NDUFB9/CYC1/NDUFA8/COX14/COX4I1/RAB5IF/NDUFB7/UQCRFS1/ETFB",18
"Reactome","2","R-HSA-5610787","Hedgehog 'off' state","14/373","98/10039",1.42760331572205e-05,0.000106928433780241,7.01610552515889e-05,"PSMB2/PSMA5/PSMB4/RPS27A/PSMD2/PSMB1/TUBA1B/TUBA1C/PSMB5/PSMA3/UBB/UBA52/PSMC4/RBX1",14
"Reactome","2","R-HSA-9907900","Proteasome assembly","10/373","51/10039",1.45397359272274e-05,0.000108187114037462,7.09869378718513e-05,"PSMB2/PSMA5/PSMD4/PSMB4/PSMD2/PSMB1/PSMB5/PSMA3/PSMC4/PSMG1",10
"Reactome","2","R-HSA-69306","DNA Replication","16/373","125/10039",1.47338409818285e-05,0.000108914863728419,7.14644505826563e-05,"PSMB2/PSMA5/PSMB4/RPS27A/POLE4/PSMD2/RFC4/PSMB1/ANAPC16/PSMB5/PSMA3/UBB/PCNA/UBA52/PSMC4/RBX1",16
"Reactome","2","R-HSA-390450","Folding of actin by CCT/TriC","5/373","10/10039",1.4891750424689e-05,0.00010936733591119,7.17613400506204e-05,"CCT4/CCT5/TCP1/CCT2/CCT8",5
"Reactome","2","R-HSA-9770562","mRNA Polyadenylation","16/373","127/10039",1.8044475128471e-05,0.000131577288387584,8.63343927714151e-05,"YBX1/SF3B6/RPS27A/PRPF40A/POLR2H/NCBP2/SF3B5/PUF60/SF3B2/RBM17/PCBP2/HNRNPA1/SRSF9/UBB/UBA52/POLR2F",16
"Reactome","2","R-HSA-174143","APC/C-mediated degradation of cell cycle proteins","12/373","75/10039",1.82649286267469e-05,0.000131577288387584,8.63343927714151e-05,"PSMB2/PSMA5/PSMB4/RPS27A/PSMD2/PSMB1/ANAPC16/PSMB5/PSMA3/UBB/UBA52/PSMC4",12
"Reactome","2","R-HSA-453276","Regulation of mitotic cell cycle","12/373","75/10039",1.82649286267469e-05,0.000131577288387584,8.63343927714151e-05,"PSMB2/PSMA5/PSMB4/RPS27A/PSMD2/PSMB1/ANAPC16/PSMB5/PSMA3/UBB/UBA52/PSMC4",12
"Reactome","2","R-HSA-389960","Formation of tubulin folding intermediates by CCT/TriC","7/373","24/10039",1.84926236719449e-05,0.000132374413752973,8.68574263072695e-05,"CCT4/CCT5/TCP1/TUBA1B/TUBA1C/CCT2/CCT8",7
"Reactome","2","R-HSA-2871837","FCERI mediated NF-kB activation","11/373","64/10039",2.03318188008238e-05,0.000144624446941709,9.4895281394113e-05,"PSMB2/PSMA5/PSMB4/RPS27A/PSMD2/PSMB1/PSMB5/PSMA3/UBB/UBA52/PSMC4",11
"Reactome","2","R-HSA-446728","Cell junction organization","23/373","235/10039",2.07294573738372e-05,0.000146531351811312,9.6146496372074e-05,"PSMB2/PSMA5/PSMB4/NECTIN4/OST4/RPS27A/PSMD2/CSNK2B/HDAC2/PSMB1/MYC/TMEM258/CADM1/KRT5/PSMB5/PSMA3/CLDN7/UBB/KRT14/SEC11C/RPN2/UBA52/PSMC4",23
"Reactome","2","R-HSA-9759476","Regulation of Homotypic Cell-Cell Adhesion","18/373","158/10039",2.2173240303511e-05,0.000155763570082428,0.000102204213232921,"PSMB2/PSMA5/PSMB4/OST4/RPS27A/PSMD2/CSNK2B/HDAC2/PSMB1/MYC/TMEM258/PSMB5/PSMA3/UBB/SEC11C/RPN2/UBA52/PSMC4",18
"Reactome","2","R-HSA-9013507","NOTCH3 Activation and Transmission of Signal to the Nucleus","7/373","25/10039",2.48707191587998e-05,0.000173634465238288,0.000113930194976958,"YBX1/APH1A/RPS27A/UBB/NOTCH3/UBA52/PSENEN",7
"Reactome","2","R-HSA-69002","DNA Replication Pre-Initiation","13/373","90/10039",2.55946501504059e-05,0.000177592327117234,0.000116527144695099,"PSMB2/PSMA5/PSMB4/RPS27A/POLE4/PSMD2/PSMB1/ANAPC16/PSMB5/PSMA3/UBB/UBA52/PSMC4",13
"Reactome","2","R-HSA-5689877","Josephin domain DUBs","5/373","11/10039",2.64705864892199e-05,0.00018255020316651,0.000119780253369063,"RPS27A/RAD23B/UBB/RAD23A/UBA52",5
"Reactome","2","R-HSA-1168372","Downstream signaling events of B Cell Receptor (BCR)","11/373","67/10039",3.17950134632783e-05,0.000217940365011926,0.000143001495959242,"PSMB2/PSMA5/PSMB4/RPS27A/PSMD2/PSMB1/PSMB5/PSMA3/UBB/UBA52/PSMC4",11
"Reactome","2","R-HSA-421270","Cell-cell junction organization","21/373","209/10039",3.21061179398524e-05,0.000218747104758874,0.000143530837968269,"PSMB2/PSMA5/PSMB4/NECTIN4/OST4/RPS27A/PSMD2/CSNK2B/HDAC2/PSMB1/MYC/TMEM258/CADM1/PSMB5/PSMA3/CLDN7/UBB/SEC11C/RPN2/UBA52/PSMC4",21
"Reactome","2","R-HSA-162906","HIV Infection","21/373","211/10039",3.70055496791424e-05,0.000250618423276108,0.000164443192712231,"PSMB2/PSMA5/PSMB4/RPS27A/CXCR4/SEC13/AP2M1/PSMD2/POLR2H/NCBP2/CCNH/HMGA1/PSMB1/PSIP1/PSMB5/PSMA3/UBB/UBA52/PSMC4/POLR2F/RBX1",21
"Reactome","2","R-HSA-389957","Prefoldin mediated transfer of substrate  to CCT/TriC","7/373","27/10039",4.30831710577582e-05,0.000290042062299551,0.00019031099997318,"CCT4/CCT5/TCP1/TUBA1C/CCT2/PFDN4/CCT8",7
"Reactome","2","R-HSA-9912633","Antigen processing: Ub, ATP-independent proteasomal degradation","6/373","19/10039",4.54464131521035e-05,0.000304141380325616,0.000199562262673516,"PSMB2/PSMA5/PSMB4/PSMB1/PSMB5/PSMA3",6
"Reactome","2","R-HSA-69231","Cyclin D associated events in G1","9/373","47/10039",4.77166140892685e-05,0.000315599359853583,0.000207080412021756,"CKS1B/RPS27A/CCNH/CDKN2A/CCND1/CDK4/UBB/UBA52/PPP2R1A",9
"Reactome","2","R-HSA-69236","G1 Phase","9/373","47/10039",4.77166140892685e-05,0.000315599359853583,0.000207080412021756,"CKS1B/RPS27A/CCNH/CDKN2A/CCND1/CDK4/UBB/UBA52/PPP2R1A",9
"Reactome","2","R-HSA-9705683","SARS-CoV-2-host interactions","19/373","183/10039",4.86713431868373e-05,0.000320042378746005,0.000209995697348349,"RPS7/YWHAQ/RPS27A/SEC13/RPS23/RPS18/RPS10/GJA1/RPS6/RPS25/RPS24/RPS26/MAP1LC3B/UBB/UBA52/RPS16/RPS11/RPS9/RPS5",19
"Reactome","2","R-HSA-5607764","CLEC7A (Dectin-1) signaling","12/373","84/10039",5.84597651737311e-05,0.000382184938794739,0.000250770516869367,"PSMB2/PSMA5/PSMB4/RPS27A/PSMD2/PSMB1/CLEC7A/PSMB5/PSMA3/UBB/UBA52/PSMC4",12
"Reactome","2","R-HSA-109581","Apoptosis","14/373","111/10039",5.93560541408083e-05,0.000385814351915254,0.000253151955047004,"PSMB2/PSMA5/PSMB4/YWHAQ/RPS27A/PSMD2/PSMB1/CDKN2A/VIM/PSMB5/PSMA3/UBB/UBA52/PSMC4",14
"Reactome","2","R-HSA-6782210","Gap-filling DNA repair synthesis and ligation in TC-NER","10/373","62/10039",8.50080042813215e-05,0.000548331891563552,0.000359787783100474,"RPS27A/POLE4/POLR2H/RFC4/CCNH/UBB/PCNA/UBA52/POLR2F/RBX1",10
"Reactome","2","R-HSA-9931295","PD-L1(CD274) glycosylation and translocation to plasma membrane","6/373","21/10039",8.53283933821266e-05,0.000548331891563552,0.000359787783100474,"OST4/RPS27A/TMEM258/UBB/RPN2/UBA52",6
"Reactome","2","R-HSA-110314","Recognition of DNA damage by PCNA-containing replication complex","7/373","30/10039",8.96948615084113e-05,0.000573134962519849,0.000376062309624918,"RPS27A/POLE4/RFC4/UBB/PCNA/UBA52/RBX1",7
"Reactome","2","R-HSA-6782135","Dual incision in TC-NER","10/373","63/10039",9.77627368521258e-05,0.000621177839212103,0.000407585626734173,"RPS27A/POLE4/POLR2H/RFC4/CCNH/UBB/PCNA/UBA52/POLR2F/RBX1",10
"Reactome","2","R-HSA-1236978","Cross-presentation of soluble exogenous antigens (endosomes)","8/373","41/10039",0.00010971507916207,0.000686012837821776,0.000450127088896042,"PSMB2/PSMA5/PSMB4/PSMD2/PSMB1/PSMB5/PSMA3/PSMC4",8
"Reactome","2","R-HSA-5696400","Dual Incision in GG-NER","8/373","41/10039",0.00010971507916207,0.000686012837821776,0.000450127088896042,"PARP1/RPS27A/POLE4/RFC4/UBB/PCNA/UBA52/RBX1",8
"Reactome","2","R-HSA-5358351","Signaling by Hedgehog","15/373","132/10039",0.000109786316220815,0.000686012837821776,0.000450127088896042,"PSMB2/PSMA5/PSMB4/ERLEC1/RPS27A/PSMD2/PSMB1/TUBA1B/TUBA1C/PSMB5/PSMA3/UBB/UBA52/PSMC4/RBX1",15
"Reactome","2","R-HSA-2979096","NOTCH2 Activation and Transmission of Signal to the Nucleus","6/373","22/10039",0.000113682057765012,0.000706452787539716,0.000463538754912281,"APH1A/RPS27A/MDK/UBB/UBA52/PSENEN",6
"Reactome","2","R-HSA-382556","ABC-family proteins mediated transport","12/373","90/10039",0.000115968836406563,0.000716725431561875,0.000470279146773812,"PSMB2/PSMA5/PSMB4/ERLEC1/RPS27A/PSMD2/PSMB1/PSMB5/PSMA3/UBB/UBA52/PSMC4",12
"Reactome","2","R-HSA-9694516","SARS-CoV-2 Infection","24/373","282/10039",0.000130547339122967,0.000802440437761279,0.000526521018773979,"RPS7/YWHAQ/SDC1/OST4/RPS27A/SUMO1/SEC13/RPS23/RPS18/RPS10/GJA1/RPS6/TMEM258/RPS25/RPS24/RPS26/MAP1LC3B/UBB/RPN2/UBA52/RPS16/RPS11/RPS9/RPS5",24
"Reactome","2","R-HSA-202424","Downstream TCR signaling","11/373","78/10039",0.000133490245819125,0.000816094421737459,0.000535480075689802,"PSMB2/PSMA5/PSMB4/RPS27A/PSMD2/PSMB1/PSMB5/PSMA3/UBB/UBA52/PSMC4",11
"Reactome","2","R-HSA-205043","NRIF signals cell death from the nucleus","5/373","15/10039",0.000152089469554866,0.000924802097132007,0.000606808579718055,"APH1A/RPS27A/UBB/UBA52/PSENEN",5
"Reactome","2","R-HSA-9909396","Circadian clock","13/373","107/10039",0.000159485048580125,0.000964586042481931,0.000632912801851888,"PSMB2/PSMA5/PSMB4/RPS27A/PSMD2/CSNK2B/PSMB1/PSMB5/PSMA3/UBB/UBA52/PSMC4/RBX1",13
"Reactome","2","R-HSA-69481","G2/M Checkpoints","14/373","122/10039",0.00016676376878198,0.00100324373666181,0.000658278034665711,"PSMB2/PSMA5/PSMB4/YWHAQ/RPS27A/PSMD2/RFC4/PSMB1/PSMB5/PSMA3/UBB/BABAM1/UBA52/PSMC4",14
"Reactome","2","R-HSA-1500931","Cell-Cell communication","23/373","269/10039",0.000168011352305334,0.00100540126697002,0.000659693697439491,"PSMB2/PSMA5/PSMB4/NECTIN4/OST4/RPS27A/PSMD2/CSNK2B/HDAC2/PSMB1/MYC/TMEM258/CADM1/KRT5/PSMB5/PSMA3/CLDN7/UBB/KRT14/SEC11C/RPN2/UBA52/PSMC4",23
"Reactome","2","R-HSA-72203","Processing of Capped Intron-Containing Pre-mRNA","24/373","287/10039",0.000170876842200794,0.00101716688699525,0.000667413704994789,"YBX1/MAGOH/SF3B6/RPS27A/PRPF40A/SEC13/POLR2H/NCBP2/FYTTD1/SF3B5/PUF60/SF3B2/RBM17/PCBP2/HNRNPA1/SRSF9/SAP18/UBB/DDX39A/LSM4/UBA52/RBM42/PRPF31/POLR2F",24
"Reactome","2","R-HSA-5688426","Deubiquitination","20/373","218/10039",0.000174790337468093,0.00103501503495505,0.000679124761173909,"PSMB2/PSMA5/PSMB4/RPS27A/ACTL6A/PSMD2/PSMB1/MYC/RAD23B/VDAC2/UCHL3/PSMB5/PSMA3/UBB/RAD23A/BABAM1/FKBP8/UBA52/PSMC4/TFPT",20
"Reactome","2","R-HSA-9734767","Developmental Cell Lineages","15/373","138/10039",0.00018132638675344,0.00106812574696948,0.000700850343537144,"EPCAM/CXCR4/KIT/DLX5/FABP5/CA2/AQP3/ALDH1A1/CALML5/VIM/KRT5/KRT8/KRT19/KRT14/SLPI",15
"Reactome","2","R-HSA-9824272","Somitogenesis","8/373","44/10039",0.000184628647824989,0.0010819430087568,0.0007099165351329,"PSMB2/PSMA5/PSMB4/PSMD2/PSMB1/PSMB5/PSMA3/PSMC4",8
"Reactome","2","R-HSA-110312","Translesion synthesis by REV1","5/373","16/10039",0.000214516943784699,0.00124419827395126,0.000816380271893188,"RPS27A/RFC4/UBB/PCNA/UBA52",5
"Reactome","2","R-HSA-8866427","VLDLR internalisation and degradation","5/373","16/10039",0.000214516943784699,0.00124419827395126,0.000816380271893188,"RPS27A/AP2M1/UBB/UBA52/NR1H2",5
"Reactome","2","R-HSA-9837999","Mitochondrial protein degradation","12/373","96/10039",0.000216500734492721,0.00124929760566973,0.000819726196656114,"COX5B/CHCHD2/ATP5MG/ATP5F1C/TFAM/ATP5F1B/IDH2/COX4I1/ATP5PD/ECH1/ATP5PF/ATP5PO",12
"Reactome","2","R-HSA-201681","TCF dependent signaling in response to WNT","16/373","156/10039",0.000219712232626673,0.00126139357919171,0.00082766296554531,"PSMB2/PSMA5/PSMB4/DPY30/RPS27A/PSMD2/CSNK2B/PSMB1/MYC/PSMB5/PSMA3/UBB/UBA52/PSMC4/PPP2R1A/RBX1",16
"Reactome","2","R-HSA-5696397","Gap-filling DNA repair synthesis and ligation in GG-NER","6/373","25/10039",0.000245492636759456,0.00140228369785326,0.000920107968715664,"RPS27A/POLE4/RFC4/UBB/PCNA/UBA52",6
"Reactome","2","R-HSA-2644602","Signaling by NOTCH1 PEST Domain Mutants in Cancer","9/373","58/10039",0.000260006988502177,0.00144861036451213,0.000950505195198521,"APH1A/RPS27A/HDAC2/HEY1/MYC/UBB/UBA52/PSENEN/RBX1",9
"Reactome","2","R-HSA-2644603","Signaling by NOTCH1 in Cancer","9/373","58/10039",0.000260006988502177,0.00144861036451213,0.000950505195198521,"APH1A/RPS27A/HDAC2/HEY1/MYC/UBB/UBA52/PSENEN/RBX1",9
"Reactome","2","R-HSA-2644606","Constitutive Signaling by NOTCH1 PEST Domain Mutants","9/373","58/10039",0.000260006988502177,0.00144861036451213,0.000950505195198521,"APH1A/RPS27A/HDAC2/HEY1/MYC/UBB/UBA52/PSENEN/RBX1",9
"Reactome","2","R-HSA-2894858","Signaling by NOTCH1 HD+PEST Domain Mutants in Cancer","9/373","58/10039",0.000260006988502177,0.00144861036451213,0.000950505195198521,"APH1A/RPS27A/HDAC2/HEY1/MYC/UBB/UBA52/PSENEN/RBX1",9
"Reactome","2","R-HSA-2894862","Constitutive Signaling by NOTCH1 HD+PEST Domain Mutants","9/373","58/10039",0.000260006988502177,0.00144861036451213,0.000950505195198521,"APH1A/RPS27A/HDAC2/HEY1/MYC/UBB/UBA52/PSENEN/RBX1",9
"Reactome","2","R-HSA-5668541","TNFR2 non-canonical NF-kB pathway","11/373","85/10039",0.000290236292689725,0.00160910415211803,0.00105581313904157,"PSMB2/PSMA5/PSMB4/RPS27A/PSMD2/PSMB1/PSMB5/PSMA3/UBB/UBA52/PSMC4",11
"Reactome","2","R-HSA-5655862","Translesion synthesis by POLK","5/373","17/10039",0.000294697497004167,0.00161797509277531,0.00106163380371966,"RPS27A/RFC4/UBB/PCNA/UBA52",5
"Reactome","2","R-HSA-5656121","Translesion synthesis by POLI","5/373","17/10039",0.000294697497004167,0.00161797509277531,0.00106163380371966,"RPS27A/RFC4/UBB/PCNA/UBA52",5
"Reactome","2","R-HSA-8878171","Transcriptional regulation by RUNX1","16/373","161/10039",0.000315402992812023,0.00172328881579902,0.00113073536706065,"PSMB2/PSMA5/PSMB4/DPY30/RPS27A/ACTL6A/PSMD2/CCNH/CSNK2B/PSMB1/CCND1/PSMB5/PSMA3/UBB/UBA52/PSMC4",16
"Reactome","2","R-HSA-9020702","Interleukin-1 signaling","12/373","101/10039",0.00034973456197247,0.00190168168072531,0.00124778778436534,"PSMB2/PSMA5/PSMB4/RPS27A/PSMD2/PSMB1/PSMB5/PSMA3/UBB/UBA52/PSMC4/RBX1",12
"Reactome","2","R-HSA-9927426","Developmental Lineage of Mammary Gland Alveolar Cells","5/373","18/10039",0.000395698924887998,0.00213112135261108,0.00139833454659669,"EPCAM/KIT/KRT8/KRT19/SLPI",5
"Reactome","2","R-HSA-9927432","Developmental Lineage of Mammary Gland Myoepithelial Cells","5/373","18/10039",0.000395698924887998,0.00213112135261108,0.00139833454659669,"EPCAM/ALDH1A1/VIM/KRT5/KRT14",5
"Reactome","2","R-HSA-9012852","Signaling by NOTCH3","8/373","49/10039",0.00039953384166985,0.00214157713236304,0.00140519510290469,"YBX1/APH1A/RPS27A/HEY1/UBB/NOTCH3/UBA52/PSENEN",8
"Reactome","2","R-HSA-6781827","Transcription-Coupled Nucleotide Excision Repair (TC-NER)","10/373","76/10039",0.000475593268258167,0.00253724521886786,0.00166481258253231,"RPS27A/POLE4/POLR2H/RFC4/CCNH/UBB/PCNA/UBA52/POLR2F/RBX1",10
"Reactome","2","R-HSA-9664873","Pexophagy","4/373","11/10039",0.000502803192070733,0.00265733836557009,0.00174361165966486,"RPS27A/MAP1LC3B/UBB/UBA52",4
"Reactome","2","R-HSA-9708530","Regulation of BACH1 activity","4/373","11/10039",0.000502803192070733,0.00265733836557009,0.00174361165966486,"RPS27A/UBB/UBA52/RBX1",4
"Reactome","2","R-HSA-72163","mRNA Splicing - Major Pathway","18/373","202/10039",0.000520183666055928,0.00272690963311608,0.00178926082306933,"YBX1/MAGOH/SF3B6/PRPF40A/POLR2H/NCBP2/SF3B5/PUF60/SF3B2/RBM17/PCBP2/HNRNPA1/SRSF9/SAP18/LSM4/RBM42/PRPF31/POLR2F",18
"Reactome","2","R-HSA-110320","Translesion Synthesis by POLH","5/373","19/10039",0.000520789107650817,0.00272690963311608,0.00178926082306933,"RPS27A/RFC4/UBB/PCNA/UBA52",5
"Reactome","2","R-HSA-1592230","Mitochondrial biogenesis","11/373","91/10039",0.000527739179061474,0.00273794959412169,0.0017965046897071,"ATP5PB/ATP5MC3/MTX2/ATP5MG/ATP5F1C/TFAM/ATP5F1B/IDH2/ATP5PD/ATP5PF/ATP5PO",11
"Reactome","2","R-HSA-391251","Protein folding","11/373","91/10039",0.000527739179061474,0.00273794959412169,0.0017965046897071,"CCT4/CCT5/TBCA/CSNK2B/TCP1/TUBA1B/TUBA1C/CCT2/PFDN4/TBCB/CCT8",11
"Reactome","2","R-HSA-5357801","Programmed Cell Death","14/373","137/10039",0.000557978787543445,0.00288161647813533,0.00189077166651348,"PSMB2/PSMA5/PSMB4/YWHAQ/RPS27A/PSMD2/PSMB1/CDKN2A/VIM/PSMB5/PSMA3/UBB/UBA52/PSMC4",14
"Reactome","2","R-HSA-9646399","Aggrephagy","7/373","40/10039",0.000596419621160594,0.00305518080010182,0.00200465583700664,"RPS27A/HSF1/VIM/TUBA1B/TUBA1C/UBB/UBA52",7
"Reactome","2","R-HSA-9612973","Autophagy","15/373","154/10039",0.000596989351744033,0.00305518080010182,0.00200465583700664,"LAMTOR5/LAMTOR2/RPS27A/CSNK2B/EEF1A1/HSF1/RRAGA/VIM/VDAC2/TUBA1B/TUBA1C/ATG101/MAP1LC3B/UBB/UBA52",15
"Reactome","2","R-HSA-1632852","Macroautophagy","14/373","139/10039",0.000645749675670728,0.0032898328071333,0.00215862267116104,"LAMTOR5/LAMTOR2/RPS27A/CSNK2B/HSF1/RRAGA/VIM/VDAC2/TUBA1B/TUBA1C/ATG101/MAP1LC3B/UBB/UBA52",14
"Reactome","2","R-HSA-5628897","TP53 Regulates Metabolic Genes","10/373","80/10039",0.000719239938292915,0.00364780435071429,0.00239350557704274,"PRDX1/LAMTOR5/LAMTOR2/YWHAQ/COX5B/RRAGA/DDIT4/COX4I1/PRDX2/GPI",10
"Reactome","2","R-HSA-72172","mRNA Splicing","18/373","210/10039",0.000823161799339394,0.00415623212077167,0.00272711028446557,"YBX1/MAGOH/SF3B6/PRPF40A/POLR2H/NCBP2/SF3B5/PUF60/SF3B2/RBM17/PCBP2/HNRNPA1/SRSF9/SAP18/LSM4/RBM42/PRPF31/POLR2F",18
"Reactome","2","R-HSA-983705","Signaling by the B Cell Receptor (BCR)","11/373","96/10039",0.00083349730880592,0.00418971313893109,0.00274907884307917,"PSMB2/PSMA5/PSMB4/RPS27A/PSMD2/PSMB1/PSMB5/PSMA3/UBB/UBA52/PSMC4",11
"Reactome","2","R-HSA-2467813","Separation of Sister Chromatids","16/373","176/10039",0.000846464263054273,0.00423606673236453,0.00277949373755595,"PSMB2/PSMA5/PSMB4/RPS27A/SEC13/PSMD2/PSMB1/ANAPC16/TUBA1B/TUBA1C/PSMB5/PSMA3/UBB/UBA52/PSMC4/PPP2R1A",16
"Reactome","2","R-HSA-5689880","Ub-specific processing proteases","14/373","143/10039",0.00085676568515425,0.00425213968371856,0.00279003999908938,"PSMB2/PSMA5/PSMB4/RPS27A/PSMD2/PSMB1/MYC/VDAC2/PSMB5/PSMA3/UBB/FKBP8/UBA52/PSMC4",14
"Reactome","2","R-HSA-9613829","Chaperone Mediated Autophagy","5/373","21/10039",0.000857195267805334,0.00425213968371856,0.00279003999908938,"RPS27A/EEF1A1/VIM/UBB/UBA52",5
"Reactome","2","R-HSA-446203","Asparagine N-linked glycosylation","23/373","302/10039",0.000870800159640456,0.00430076410721989,0.0028219448979385,"OST4/RPS27A/RAB1A/SEC13/ARF4/TFG/RAD23B/TMEM258/FOLR1/TRAPPC4/TUBA1B/TUBA1C/MLEC/TMED2/TMED10/UBB/LMAN1/RPN2/DPM1/CALR/UBA52/COPE/KDELR1",23
"Reactome","2","R-HSA-3700989","Transcriptional Regulation by TP53","25/373","343/10039",0.000991601018951074,0.00487609022797246,0.00319944493528836,"MEAF6/PRDX1/LAMTOR5/LAMTOR2/YWHAQ/RPS27A/COX5B/POLR2H/RFC4/CCNH/CSNK2B/HDAC2/PERP/IGFBP3/RRAGA/CDKN2A/DDIT4/COX4I1/UBB/PCNA/PRDX2/UBA52/GPI/PPP2R1A/POLR2F",25
"Reactome","2","R-HSA-1980145","Signaling by NOTCH2","6/373","32/10039",0.00100825796913066,0.00491525759951198,0.00322514459272739,"APH1A/RPS27A/MDK/UBB/UBA52/PSENEN",6
"Reactome","2","R-HSA-5656169","Termination of translesion DNA synthesis","6/373","32/10039",0.00100825796913066,0.00491525759951198,0.00322514459272739,"RPS27A/POLE4/RFC4/UBB/PCNA/UBA52",6
"Reactome","2","R-HSA-1358803","Downregulation of ERBB2:ERBB3 signaling","4/373","13/10039",0.00102681949192432,0.00496296087763422,0.00325644508235109,"RPS27A/ERBB3/UBB/UBA52",4
"Reactome","2","R-HSA-9938206","Developmental Lineage of Mammary Stem Cells","4/373","13/10039",0.00102681949192432,0.00496296087763422,0.00325644508235109,"EPCAM/DLX5/ALDH1A1/KRT5",4
"Reactome","2","R-HSA-3858494","Beta-catenin independent WNT signaling","13/373","130/10039",0.00106768831015762,0.00513853395229052,0.0033716472952346,"PSMB2/PSMA5/PSMB4/RPS27A/AP2M1/PSMD2/PSMB1/PSMB5/PSMA3/PFN1/UBB/UBA52/PSMC4",13
"Reactome","2","R-HSA-9663891","Selective autophagy","10/373","85/10039",0.00115992766469129,0.00555880588460104,0.00364740857987224,"RPS27A/CSNK2B/HSF1/VIM/VDAC2/TUBA1B/TUBA1C/MAP1LC3B/UBB/UBA52",10
"Reactome","2","R-HSA-202403","TCR signaling","11/373","100/10039",0.00117287866310719,0.00559715513913179,0.00367257143011579,"PSMB2/PSMA5/PSMB4/RPS27A/PSMD2/PSMB1/PSMB5/PSMA3/UBB/UBA52/PSMC4",11
"Reactome","2","R-HSA-5654738","Signaling by FGFR2","9/373","71/10039",0.00118965444489354,0.0056518051209077,0.00370842999696582,"RPS27A/POLR2H/NCBP2/FGFBP2/HNRNPA1/UBB/UBA52/PPP2R1A/POLR2F",9
"Reactome","2","R-HSA-2559585","Oncogene Induced Senescence","6/373","33/10039",0.00119432486639871,0.0056518051209077,0.00370842999696582,"RPS27A/CDKN2A/CDK4/UBB/ID1/UBA52",6
"Reactome","2","R-HSA-5619115","Disorders of transmembrane transporters","14/373","148/10039",0.00119974986715328,0.00565382124895982,0.00370975287869763,"PSMB2/PSMA5/PSMB4/ERLEC1/RPS27A/SEC13/PSMD2/PSMB1/SLC3A2/PSMB5/PSMA3/UBB/UBA52/PSMC4",14
"Reactome","2","R-HSA-9793380","Formation of paraxial mesoderm","8/373","58/10039",0.00126979788612546,0.0059590929842651,0.00391005682340444,"PSMB2/PSMA5/PSMB4/PSMD2/PSMB1/PSMB5/PSMA3/PSMC4",8
"Reactome","2","R-HSA-5620922","BBSome-mediated cargo-targeting to cilium","5/373","23/10039",0.00133333255019401,0.00620575767189066,0.00407190577382188,"CCT4/CCT5/TCP1/CCT2/CCT8",5
"Reactome","2","R-HSA-73980","RNA Polymerase III Transcription Termination","5/373","23/10039",0.00133333255019401,0.00620575767189066,0.00407190577382188,"SSB/POLR2H/POLR1D/NFIX/POLR2F",5
"Reactome","2","R-HSA-532668","N-glycan trimming in the ER and Calnexin/Calreticulin cycle","6/373","34/10039",0.00140557476342942,0.00651518466163393,0.00427493618730692,"RPS27A/RAD23B/MLEC/UBB/CALR/UBA52",6
"Reactome","2","R-HSA-1257604","PIP3 activates AKT signaling","20/373","257/10039",0.00143781823275664,0.00661298993330186,0.00433911108285896,"PSMB2/PSMA5/LAMTOR5/PSMB4/LAMTOR2/RPS27A/PSMD2/KIT/CSNK2B/HDAC2/PSMB1/MAF1/RRAGA/ERBB3/PSMB5/PSMA3/UBB/UBA52/PSMC4/PPP2R1A",20
"Reactome","2","R-HSA-69275","G2/M Transition","16/373","185/10039",0.00143836916321155,0.00661298993330186,0.00433911108285896,"PSMB2/PSMA5/PSMB4/RPS27A/PSMD2/CCNH/PSMB1/TUBA1B/TUBA1C/PSMB5/PSMA3/UBB/UBA52/PSMC4/PPP2R1A/RBX1",16
"Reactome","2","R-HSA-1980143","Signaling by NOTCH1","9/373","74/10039",0.00160134381491777,0.00733246904725507,0.00481119705739199,"APH1A/RPS27A/HDAC2/HEY1/MYC/UBB/UBA52/PSENEN/RBX1",9
"Reactome","2","R-HSA-453274","Mitotic G2-G2/M phases","16/373","187/10039",0.00160903713081786,0.00733798788288306,0.00481481823950166,"PSMB2/PSMA5/PSMB4/RPS27A/PSMD2/CCNH/PSMB1/TUBA1B/TUBA1C/PSMB5/PSMA3/UBB/UBA52/PSMC4/PPP2R1A/RBX1",16
"Reactome","2","R-HSA-166208","mTORC1-mediated signalling","5/373","24/10039",0.00163354022747263,0.00741981525008651,0.00486850923850434,"LAMTOR5/LAMTOR2/EIF4G1/RRAGA/RPS6",5
"Reactome","2","R-HSA-8964043","Plasma lipoprotein clearance","6/373","35/10039",0.00164416202585955,0.0074381890049886,0.00488056517149887,"RPS27A/AP2M1/UBB/UBA52/LSR/NR1H2",6
"Reactome","2","R-HSA-5621481","C-type lectin receptors (CLRs)","12/373","121/10039",0.00176664182905626,0.00796044585124553,0.00522324382253999,"PSMB2/PSMA5/PSMB4/RPS27A/PSMD2/PSMB1/CLEC7A/PSMB5/PSMA3/UBB/UBA52/PSMC4",12
"Reactome","2","R-HSA-2122947","NOTCH1 Intracellular Domain Regulates Transcription","7/373","48/10039",0.00182568767452652,0.00816147335924703,0.00535514795315664,"RPS27A/HDAC2/HEY1/MYC/UBB/UBA52/RBX1",7
"Reactome","2","R-HSA-73893","DNA Damage Bypass","7/373","48/10039",0.00182568767452652,0.00816147335924703,0.00535514795315664,"RPS27A/POLE4/RFC4/UBB/PCNA/UBA52/RBX1",7
"Reactome","2","R-HSA-2173796","SMAD2/SMAD3:SMAD4 heterotrimer regulates transcription","6/373","36/10039",0.00191230240531233,0.00844849226721972,0.00554347531145228,"YBX1/RPS27A/MYC/UBB/JUNB/UBA52",6
"Reactome","2","R-HSA-6814122","Cooperation of PDCL (PhLP1) and TRiC/CCT in G-protein beta folding","6/373","36/10039",0.00191230240531233,0.00844849226721972,0.00554347531145228,"CCT4/CCT5/CSNK2B/TCP1/CCT2/CCT8",6
"Reactome","2","R-HSA-9725554","Differentiation of Keratinocytes in Interfollicular Epidermis in Mammalian Skin","6/373","36/10039",0.00191230240531233,0.00844849226721972,0.00554347531145228,"FABP5/AQP3/CALML5/KRT5/KRT19/KRT14",6
"Reactome","2","R-HSA-9758941","Gastrulation","11/373","108/10039",0.00219438959187112,0.00965702190041339,0.00633645161691232,"PSMB2/PSMA5/PSMB4/CXCR4/PSMD2/PSMB1/DLX5/PSMB5/PSMA3/PSMC4/TEAD2",11
"Reactome","2","R-HSA-2173793","Transcriptional activity of SMAD2/SMAD3:SMAD4 heterotrimer","7/373","50/10039",0.00232431530287714,0.0101498092955755,0.00665979389769716,"YBX1/PARP1/RPS27A/MYC/UBB/JUNB/UBA52",7
"Reactome","2","R-HSA-72165","mRNA Splicing - Minor Pathway","7/373","50/10039",0.00232431530287714,0.0101498092955755,0.00665979389769716,"YBX1/SF3B6/POLR2H/NCBP2/SF3B5/SF3B2/POLR2F",7
"Reactome","2","R-HSA-1295596","Spry regulation of FGF signaling","4/373","16/10039",0.0023924293690387,0.0104070677553184,0.00682859394806594,"RPS27A/UBB/UBA52/PPP2R1A",4
"Reactome","2","R-HSA-5205647","Mitophagy","6/373","38/10039",0.00254637414342493,0.0110342879548414,0.0072401442674514,"RPS27A/CSNK2B/VDAC2/MAP1LC3B/UBB/UBA52",6
"Reactome","2","R-HSA-6781823","Formation of TC-NER Pre-Incision Complex","7/373","51/10039",0.00260996822700521,0.0112666949035988,0.00739263800738719,"RPS27A/POLR2H/CCNH/UBB/UBA52/POLR2F/RBX1",7
"Reactome","2","R-HSA-110313","Translesion synthesis by Y family DNA polymerases bypasses lesions on DNA template","6/373","39/10039",0.00291698576612672,0.0125441479144081,0.00823083836349544,"RPS27A/POLE4/RFC4/UBB/PCNA/UBA52",6
"Reactome","2","R-HSA-5620920","Cargo trafficking to the periciliary membrane","8/373","66/10039",0.00294161244831034,0.012602135147875,0.00826888666690109,"CCT4/ARF4/CCT5/TCP1/TUBA1B/TUBA1C/CCT2/CCT8",8
"Reactome","2","R-HSA-2454202","Fc epsilon receptor (FCERI) signaling","11/373","113/10039",0.00313686876261059,0.0133879191340097,0.00878447856063741,"PSMB2/PSMA5/PSMB4/RPS27A/PSMD2/PSMB1/PSMB5/PSMA3/UBB/UBA52/PSMC4",11
"Reactome","2","R-HSA-1852241","Organelle biogenesis and maintenance","20/373","275/10039",0.0031842889827842,0.0135392136824396,0.00888375042684155,"ATP5PB/CCT4/ATP5MC3/MTX2/ARF4/CCT5/TCP1/ATP5MG/ATP5F1C/TFAM/TUBA1B/TUBA1C/ATP5F1B/CCT2/IDH2/ATP5PD/PPP2R1A/ATP5PF/CCT8/ATP5PO",20
"Reactome","2","R-HSA-68882","Mitotic Anaphase","17/373","219/10039",0.00328116108853313,0.0138988509031122,0.00911972626617723,"PSMB2/PSMA5/PSMB4/RPS27A/SUMO1/SEC13/PSMD2/PSMB1/ANAPC16/TUBA1B/TUBA1C/PSMB5/PSMA3/UBB/UBA52/PSMC4/PPP2R1A",17
"Reactome","2","R-HSA-69620","Cell Cycle Checkpoints","19/373","257/10039",0.00334093818885886,0.0140992578044753,0.00925122318596032,"PSMB2/PSMA5/PSMB4/YWHAQ/RPS27A/SEC13/PSMD2/RFC4/PSMB1/CDKN2A/ANAPC16/PSMB5/PSMA3/UBB/BABAM1/UBA52/PSMC4/PPP2R1A/RBX1",19
"Reactome","2","R-HSA-2555396","Mitotic Metaphase and Anaphase","17/373","220/10039",0.00343831840503422,0.0144562755245119,0.00948548024084963,"PSMB2/PSMA5/PSMB4/RPS27A/SUMO1/SEC13/PSMD2/PSMB1/ANAPC16/TUBA1B/TUBA1C/PSMB5/PSMA3/UBB/UBA52/PSMC4/PPP2R1A",17
"Reactome","2","R-HSA-204005","COPII-mediated vesicle transport","8/373","69/10039",0.00388949637053262,0.0162926681298977,0.0106904286207622,"RAB1A/SEC13/TFG/FOLR1/TRAPPC4/TMED2/TMED10/LMAN1",8
"Reactome","2","R-HSA-69278","Cell Cycle, Mitotic","30/373","483/10039",0.00393138870744408,0.016407382391584,0.0107656983443312,"PSMB2/PSMA5/PSMB4/CKS1B/RPS27A/RAB1A/POLE4/GORASP2/SUMO1/SEC13/PSMD2/RFC4/CCNH/CSNK2B/PSMB1/MYC/CDKN2A/CCND1/ANAPC16/TUBA1B/TUBA1C/CDK4/PSMB5/PSMA3/UBB/PCNA/UBA52/PSMC4/PPP2R1A/RBX1",30
"Reactome","2","R-HSA-199977","ER to Golgi Anterograde Transport","13/373","151/10039",0.00406476306704792,0.01690164348835,0.0110900075939194,"RAB1A/SEC13/ARF4/TFG/FOLR1/TRAPPC4/TUBA1B/TUBA1C/TMED2/TMED10/LMAN1/COPE/KDELR1",13
"Reactome","2","R-HSA-390466","Chaperonin-mediated protein folding","9/373","85/10039",0.00417511344724875,0.0172968985671734,0.0113493540786982,"CCT4/CCT5/CSNK2B/TCP1/TUBA1B/TUBA1C/CCT2/PFDN4/CCT8",9
"Reactome","2","R-HSA-190236","Signaling by FGFR","9/373","86/10039",0.004514650231903,0.0186352898258478,0.0122275390453001,"RPS27A/POLR2H/NCBP2/FGFBP2/HNRNPA1/UBB/UBA52/PPP2R1A/POLR2F",9
"Reactome","2","R-HSA-427413","NoRC negatively regulates rRNA expression","6/373","43/10039",0.00481276851724562,0.0197936043381993,0.0129875667163949,"POLR2H/CCNH/HDAC2/SAP18/POLR1D/POLR2F",6
"Reactome","2","R-HSA-446652","Interleukin-1 family signaling","12/373","137/10039",0.00494304558483441,0.0202557411465497,0.0132907976251268,"PSMB2/PSMA5/PSMB4/RPS27A/PSMD2/PSMB1/PSMB5/PSMA3/UBB/UBA52/PSMC4/RBX1",12
"Reactome","2","R-HSA-937042","IRAK2 mediated activation of TAK1 complex","3/373","10/10039",0.00502456892898653,0.0205154781901941,0.0134612239974748,"RPS27A/UBB/UBA52",3
"Reactome","2","R-HSA-2122948","Activated NOTCH1 Transmits Signal to the Nucleus","5/373","31/10039",0.00527738406508481,0.0213168620628962,0.0139870517514466,"APH1A/RPS27A/UBB/UBA52/PSENEN",5
"Reactome","2","R-HSA-5205685","PINK1-PRKN Mediated Mitophagy","5/373","31/10039",0.00527738406508481,0.0213168620628962,0.0139870517514466,"RPS27A/VDAC2/MAP1LC3B/UBB/UBA52",5
"Reactome","2","R-HSA-9768727","Regulation of CDH1 posttranslational processing and trafficking to plasma membrane","5/373","31/10039",0.00527738406508481,0.0213168620628962,0.0139870517514466,"OST4/CSNK2B/TMEM258/SEC11C/RPN2",5
"Reactome","2","R-HSA-195721","Signaling by WNT","18/373","250/10039",0.00556680482985939,0.0224058941728504,0.0147016197979055,"PSMB2/PSMA5/PSMB4/DPY30/RPS27A/AP2M1/PSMD2/CSNK2B/PSMB1/MYC/PSMB5/PSMA3/PFN1/UBB/UBA52/PSMC4/PPP2R1A/RBX1",18
"Reactome","2","R-HSA-5689901","Metalloprotease DUBs","4/373","20/10039",0.00566330917810599,0.0227134846824038,0.0149034452055421,"RPS27A/UBB/BABAM1/UBA52",4
"Reactome","2","R-HSA-6798695","Neutrophil degranulation","28/373","457/10039",0.00632558552350783,0.0252799902017221,0.0165874569242069,"CDA/PSMA5/ILF2/LAMTOR2/RAB10/ACTR1B/PTX3/PSMD2/S100P/CSNK2B/EEF1A1/DYNLT1/PSMB1/PRDX4/FABP5/ERP44/CALML5/COMMD3/PSAP/PGAM1/CD63/CCT2/MLEC/GRN/SLPI/GPI/CCT8/CSTB",28
"Reactome","2","R-HSA-9014325","TICAM1,TRAF6-dependent induction of TAK1 complex","3/373","11/10039",0.00672023108032997,0.0265500305583091,0.0174207934697826,"RPS27A/UBB/UBA52",3
"Reactome","2","R-HSA-9645460","Alpha-protein kinase 1 signaling pathway","3/373","11/10039",0.00672023108032997,0.0265500305583091,0.0174207934697826,"RPS27A/UBB/UBA52",3
"Reactome","2","R-HSA-9828211","Regulation of TBK1, IKKε-mediated activation of IRF3, IRF7 upon TLR3 ligation","3/373","11/10039",0.00672023108032997,0.0265500305583091,0.0174207934697826,"RPS27A/UBB/UBA52",3
"Reactome","2","R-HSA-5250941","Negative epigenetic regulation of rRNA expression","6/373","46/10039",0.00673727565891664,0.0265500305583091,0.0174207934697826,"POLR2H/CCNH/HDAC2/SAP18/POLR1D/POLR2F",6
"Reactome","2","R-HSA-389977","Post-chaperonin tubulin folding pathway","4/373","21/10039",0.00679415950994145,0.0266812305754992,0.0175068803161868,"TBCA/TUBA1B/TUBA1C/TBCB",4
"Reactome","2","R-HSA-9694635","Translation of Structural Proteins","7/373","61/10039",0.00716931851121609,0.0280570907826484,0.0184096505205148,"OST4/RPS27A/SUMO1/TMEM258/UBB/RPN2/UBA52",7
"Reactome","2","R-HSA-170834","Signaling by TGF-beta Receptor Complex","9/373","93/10039",0.00753213047552567,0.0292743627760121,0.0192083631226102,"YBX1/PARP1/RPS27A/MYC/BAMBI/UBB/JUNB/UBA52/LTBP4",9
"Reactome","2","R-HSA-381119","Unfolded Protein Response (UPR)","9/373","93/10039",0.00753213047552567,0.0292743627760121,0.0192083631226102,"PDIA6/SERP1/DNAJB11/SSR1/EXOSC4/EXOSC3/YIF1A/MYDGF/CALR",9
"Reactome","2","R-HSA-9006925","Intracellular signaling by second messengers","20/373","298/10039",0.00771577483879585,0.0298854155571168,0.0196093051959303,"PSMB2/PSMA5/LAMTOR5/PSMB4/LAMTOR2/RPS27A/PSMD2/KIT/CSNK2B/HDAC2/PSMB1/MAF1/RRAGA/ERBB3/PSMB5/PSMA3/UBB/UBA52/PSMC4/PPP2R1A",20
"Reactome","2","R-HSA-5663202","Diseases of signal transduction by growth factor receptors and second messengers","27/373","444/10039",0.00800731567895786,0.0309087850952264,0.0202807887683323,"PSMB2/PSMA5/APH1A/PSMB4/ERLEC1/RPS27A/TFG/PSMD2/POLR2H/NCBP2/KIT/HDAC2/PSMB1/HEY1/MYC/RPS6/ERBB3/PSMB5/PSMA3/UBB/JUNB/UBA52/PSENEN/PSMC4/PPP2R1A/POLR2F/RBX1",27
"Reactome","2","R-HSA-9833109","Evasion by RSV of host interferon responses","4/373","22/10039",0.00806488926243965,0.031025135223875,0.0203571318654492,"RPS27A/UBB/UBA52/RBX1",4
"Reactome","2","R-HSA-381038","XBP1(S) activates chaperone genes","6/373","48/10039",0.00829648828491298,0.0318078923736833,0.0208707377015652,"PDIA6/SERP1/DNAJB11/SSR1/YIF1A/MYDGF",6
"Reactome","2","R-HSA-209543","p75NTR recruits signalling complexes","3/373","12/10039",0.0087162395414657,0.0329701234829355,0.0216333352463768,"RPS27A/UBB/UBA52",3
"Reactome","2","R-HSA-209560","NF-kB is activated and signals survival","3/373","12/10039",0.0087162395414657,0.0329701234829355,0.0216333352463768,"RPS27A/UBB/UBA52",3
"Reactome","2","R-HSA-3134975","Regulation of innate immune responses to cytosolic DNA","3/373","12/10039",0.0087162395414657,0.0329701234829355,0.0216333352463768,"RPS27A/UBB/UBA52",3
"Reactome","2","R-HSA-3371511","HSF1 activation","3/373","12/10039",0.0087162395414657,0.0329701234829355,0.0216333352463768,"EEF1A1/HSF1/HSBP1",3
"Reactome","2","R-HSA-6804757","Regulation of TP53 Degradation","5/373","35/10039",0.00893349994989661,0.0336792948111102,0.0220986577707969,"RPS27A/CDKN2A/UBB/UBA52/PPP2R1A",5
"Reactome","2","R-HSA-9918481","Dengue Virus-Host Interactions","16/373","225/10039",0.0097371423416231,0.036587069728823,0.024006593288492,"YBX1/SDC1/SF3B6/POLR2H/NCBP2/SF3B5/DYNLT1/PUF60/SF3B2/RBM17/VIM/PCBP2/HNRNPA1/SRSF9/RPL18/POLR2F",16
"Reactome","2","R-HSA-6807878","COPI-mediated anterograde transport","9/373","97/10039",0.0098385521888642,0.0368457037271702,0.0241762958980455,"RAB1A/ARF4/FOLR1/TUBA1B/TUBA1C/TMED2/TMED10/COPE/KDELR1",9
"Reactome","2","R-HSA-390471","Association of TriC/CCT with target proteins during biosynthesis","5/373","36/10039",0.010065951166765,0.0374493117421423,0.0245723530906141,"CCT4/CCT5/TCP1/CCT2/CCT8",5
"Reactome","2","R-HSA-6806003","Regulation of TP53 Expression and Degradation","5/373","36/10039",0.010065951166765,0.0374493117421423,0.0245723530906141,"RPS27A/CDKN2A/UBB/UBA52/PPP2R1A",5
"Reactome","2","R-HSA-381070","IRE1alpha activates chaperones","6/373","50/10039",0.0100992119217197,0.0374498645359509,0.0245727158060825,"PDIA6/SERP1/DNAJB11/SSR1/YIF1A/MYDGF",6
"Reactome","2","R-HSA-73894","DNA Repair","19/373","286/10039",0.0102849582009137,0.0380140121739653,0.0249428810858072,"PARP1/RPS27A/POLE4/SUMO1/ACTL6A/POLR2H/RFC4/CCNH/RAD23B/PPP4C/UBB/PCNA/RAD23A/BABAM1/UBA52/TFPT/POLR2F/RBX1/SUMO3",19
"Reactome","2","R-HSA-3322077","Glycogen synthesis","3/373","13/10039",0.0110230655563281,0.0400626404052776,0.0262870877990793,"RPS27A/UBB/UBA52",3
"Reactome","2","R-HSA-9013973","TICAM1-dependent activation of IRF3/IRF7","3/373","13/10039",0.0110230655563281,0.0400626404052776,0.0262870877990793,"RPS27A/UBB/UBA52",3
"Reactome","2","R-HSA-9637687","Suppression of phagosomal maturation","3/373","13/10039",0.0110230655563281,0.0400626404052776,0.0262870877990793,"RPS27A/UBB/UBA52",3
"Reactome","2","R-HSA-975110","TRAF6 mediated IRF7 activation in TLR7/8 or 9 signaling","3/373","13/10039",0.0110230655563281,0.0400626404052776,0.0262870877990793,"RPS27A/UBB/UBA52",3
"Reactome","2","R-HSA-110373","Resolution of AP sites via the multiple-nucleotide patch replacement pathway","4/373","24/10039",0.0110517628704214,0.0400626404052776,0.0262870877990793,"PARP1/POLE4/RFC4/PCNA",4
"Reactome","2","R-HSA-174048","APC/C:Cdc20 mediated degradation of Cyclin B","4/373","24/10039",0.0110517628704214,0.0400626404052776,0.0262870877990793,"RPS27A/ANAPC16/UBB/UBA52",4
"Reactome","2","R-HSA-8951664","Neddylation","16/373","229/10039",0.0114056303796514,0.0412133161641717,0.0270421033047057,"PSMB2/PSMA5/PSMB4/RPS27A/PSMD2/PSMB1/DCUN1D5/COMMD3/COMMD6/UCHL3/PSMB5/PSMA3/UBB/UBA52/PSMC4/RBX1",16
"Reactome","2","R-HSA-2559582","Senescence-Associated Secretory Phenotype (SASP)","6/373","52/10039",0.0121642037466861,0.0438143771894966,0.0287487886068175,"RPS27A/CDKN2A/ANAPC16/CDK4/UBB/UBA52",6
"Reactome","2","R-HSA-9609507","Protein localization","12/373","155/10039",0.0127568146707119,0.045611491859872,0.0299279647831074,"RPS27A/MTX2/SERP1/DNAJC19/CHCHD2/CYC1/SEC61B/ATP5F1B/UBB/CYB5A/UBA52/ECH1",12
"Reactome","2","R-HSA-901042","Calnexin/calreticulin cycle","4/373","25/10039",0.0127796125361872,0.045611491859872,0.0299279647831074,"RPS27A/UBB/CALR/UBA52",4
"Reactome","2","R-HSA-174824","Plasma lipoprotein assembly, remodeling, and clearance","7/373","68/10039",0.0127841228289827,0.045611491859872,0.0299279647831074,"RPS27A/AP2M1/UBB/PLTP/UBA52/LSR/NR1H2",7
"Reactome","2","R-HSA-162594","Early Phase of HIV Life Cycle","3/373","14/10039",0.0136487048577231,0.0476440901052001,0.0312616534265588,"CXCR4/HMGA1/PSIP1",3
"Reactome","2","R-HSA-174490","Membrane binding and targetting of GAG proteins","3/373","14/10039",0.0136487048577231,0.0476440901052001,0.0312616534265588,"RPS27A/UBB/UBA52",3
"Reactome","2","R-HSA-174495","Synthesis And Processing Of GAG, GAGPOL Polyproteins","3/373","14/10039",0.0136487048577231,0.0476440901052001,0.0312616534265588,"RPS27A/UBB/UBA52",3
"Reactome","2","R-HSA-3229121","Glycogen storage diseases","3/373","14/10039",0.0136487048577231,0.0476440901052001,0.0312616534265588,"RPS27A/UBB/UBA52",3
"Reactome","2","R-HSA-937039","IRAK1 recruits IKK complex","3/373","14/10039",0.0136487048577231,0.0476440901052001,0.0312616534265588,"RPS27A/UBB/UBA52",3
"Reactome","2","R-HSA-975144","IRAK1 recruits IKK complex upon TLR7/8 or 9 stimulation","3/373","14/10039",0.0136487048577231,0.0476440901052001,0.0312616534265588,"RPS27A/UBB/UBA52",3
"Reactome","2","R-HSA-9956593","Enterobacterial factors antagonize host defense","3/373","14/10039",0.0136487048577231,0.0476440901052001,0.0312616534265588,"RPS27A/UBB/UBA52",3
