Temporal_Cluster,SYMBOL,ENTREZID,Mapping_Status
1,CD74,972,Mapped
1,MTRNR2L8,100463486,Mapped
1,HLA-DRA,3122,Mapped
1,TPM1,7168,Mapped
1,MTRNR2L12,100463498,Mapped
1,IGHA1,3493,Mapped
1,CLU,1191,Mapped
1,IGLC2,3538,Mapped
1,LTF,4057,Mapped
1,MT-ND4L,4539,Mapped
1,CEBPD,1052,Mapped
1,PSMB9,5698,Mapped
1,IFI16,3428,Mapped
1,MT2A,4502,Mapped
1,HLA-A,3105,Mapped
1,B2M,567,Mapped
1,HLA-DPA1,3113,Mapped
1,NNMT,4837,Mapped
1,HLA-DRB1,3123,Mapped
1,IGLC3,3539,Mapped
1,BIRC3,330,Mapped
1,MT-ND3,4537,Mapped
1,IGHG1,3500,Mapped
1,UBC,7316,Mapped
1,LGALS3BP,3959,Mapped
1,TIMP1,7076,Mapped
1,MT-ND5,4540,Mapped
1,MT-ATP6,4508,Mapped
1,SAA1,6288,Mapped
1,IGKC,3514,Mapped
1,TAGLN,6876,Mapped
1,A2M,2,Mapped
1,PMP22,5376,Mapped
1,IL32,9235,Mapped
1,MT-CO2,4513,Mapped
1,HLA-DQA1,3117,Mapped
1,RPL36,25873,Mapped
1,ACTA2,59,Mapped
1,RPS28,6234,Mapped
1,ACTB,60,Mapped
1,SMIM22,440335,Mapped
1,RPL34,6164,Mapped
1,MT-CYB,4519,Mapped
1,MT-CO3,4514,Mapped
1,PLAT,5327,Mapped
1,RPL37,6167,Mapped
1,RPS15,6209,Mapped
1,TMSB10,9168,Mapped
1,MT-ND4,4538,Mapped
1,MT-CO1,4512,Mapped
1,RPS27,6232,Mapped
1,ACTG1,71,Mapped
1,MT-ND1,4535,Mapped
2,MMADHC,27249,Mapped
2,PRDX2,7001,Mapped
2,ATP5PO,539,Mapped
2,TMEM147,10430,Mapped
2,PYM1,84305,Mapped
2,PIGP,51227,Mapped
2,KDELR1,10945,Mapped
2,VDAC2,7417,Mapped
2,TMEM167A,153339,Mapped
2,ERH,2079,Mapped
2,PSMD4,5710,Mapped
2,LSR,51599,Mapped
2,ETFB,2109,Mapped
2,TRIR,79002,Mapped
2,MTCH1,23787,Mapped
2,GHITM,27069,Mapped
2,ARL6IP6,151188,Mapped
2,SRP19,6728,Mapped
2,SOD1,6647,Mapped
2,HINT2,84681,Mapped
2,EIF3H,8667,Mapped
2,EXOSC4,54512,Mapped
2,BABAM1,29086,Mapped
2,SRP72,6731,Mapped
2,ATP5F1C,509,Mapped
2,CBR3,874,Mapped
2,TMEM14A,28978,Mapped
2,PDCD6,10016,Mapped
2,RAD23A,5886,Mapped
2,MRPL36,64979,Mapped
2,COPE,11316,Mapped
2,GRHPR,9380,Mapped
2,TBCB,1155,Mapped
2,OCIAD2,132299,Mapped
2,REXO2,25996,Mapped
2,PSMA5,5686,Mapped
2,ATG101,60673,Mapped
2,SLC9A3R1,NA,Unmapped
2,EBPL,84650,Mapped
2,MRPS6,64968,Mapped
2,RAB10,10890,Mapped
2,ACP1,52,Mapped
2,NDUFB5,4711,Mapped
2,TRAPPC4,51399,Mapped
2,PPA1,5464,Mapped
2,MRPS16,51021,Mapped
2,PSMB5,5693,Mapped
2,ATP5PF,522,Mapped
2,SEC61B,10952,Mapped
2,NDUFA8,4702,Mapped
2,KRT19,3880,Mapped
2,ATP5PB,515,Mapped
2,STMP1,647087,Mapped
2,DNAJC19,131118,Mapped
2,SDHB,6390,Mapped
2,C19orf53,28974,Mapped
2,MTX2,10651,Mapped
2,HSF1,3297,Mapped
2,CBR1,873,Mapped
2,C1orf43,NA,Unmapped
2,EPCAM,4072,Mapped
2,EIF2D,1939,Mapped
2,ELOF1,84337,Mapped
2,SSB,6741,Mapped
2,AP2M1,1173,Mapped
2,NUDT5,11164,Mapped
2,FKBP8,23770,Mapped
2,RAD23B,5887,Mapped
2,ABRACL,58527,Mapped
2,GADD45GIP1,90480,Mapped
2,MAF1,84232,Mapped
2,SDHC,6391,Mapped
2,GPAA1,8733,Mapped
2,TSFM,10102,Mapped
2,SSR3,6747,Mapped
2,FIBP,9158,Mapped
2,NDUFB3,4709,Mapped
2,COMT,1312,Mapped
2,KIN,22944,Mapped
2,PSMC4,5704,Mapped
2,ATRAID,51374,Mapped
2,DNAJB11,51726,Mapped
2,TECR,9524,Mapped
2,DYNLT1,6993,Mapped
2,CUTA,51596,Mapped
2,PFDN4,5203,Mapped
2,HSPB11,NA,Unmapped
2,CBX5,23468,Mapped
2,PSMB1,5689,Mapped
2,RER1,11079,Mapped
2,CSNK2B,1460,Mapped
2,MRPS14,63931,Mapped
2,MRPS33,51650,Mapped
2,PPIC,5480,Mapped
2,MAP3K13,9175,Mapped
2,NOP10,55505,Mapped
2,RPN2,6185,Mapped
2,HADHB,3032,Mapped
2,YEATS4,8089,Mapped
2,PARL,55486,Mapped
2,PIH1D1,55011,Mapped
2,NDUFB7,4713,Mapped
2,TFG,10342,Mapped
2,SFT2D1,113402,Mapped
2,CCT4,10575,Mapped
2,SF3B5,83443,Mapped
2,ANP32B,10541,Mapped
2,TMEM14B,81853,Mapped
2,OST4,100128731,Mapped
2,TMEM134,80194,Mapped
2,CYC1,1537,Mapped
2,ASNA1,NA,Unmapped
2,ADI1,55256,Mapped
2,TSTA3,NA,Unmapped
2,VPS72,6944,Mapped
2,PSMA3,5684,Mapped
2,CCT2,10576,Mapped
2,TCP1,6950,Mapped
2,HMGA1,3159,Mapped
2,MRPL9,65005,Mapped
2,IDH2,3418,Mapped
2,HDAC2,3066,Mapped
2,ATP5F1B,506,Mapped
2,UQCRFS1,7386,Mapped
2,LSM10,84967,Mapped
2,ILF2,3608,Mapped
2,CDC123,8872,Mapped
2,AHSA1,10598,Mapped
2,SSR2,6746,Mapped
2,STX10,8677,Mapped
2,PTRHD1,391356,Mapped
2,COMMD3,23412,Mapped
2,HMGN1,3150,Mapped
2,RPL22L1,200916,Mapped
2,NDUFB9,4715,Mapped
2,ERP44,23071,Mapped
2,BRK1,55845,Mapped
2,RAB1A,5861,Mapped
2,SMAGP,57228,Mapped
2,DPY30,84661,Mapped
2,CFAP298,56683,Mapped
2,PCMT1,5110,Mapped
2,PSMB2,5690,Mapped
2,TCTEX1D2,NA,Unmapped
2,SLC25A5,292,Mapped
2,CRIPT,9419,Mapped
2,SELENOF,9403,Mapped
2,TSPO,706,Mapped
2,MRPL34,64981,Mapped
2,DGUOK,1716,Mapped
2,SEC13,6396,Mapped
2,SHKBP1,92799,Mapped
2,EXOSC3,51010,Mapped
2,UROD,7389,Mapped
2,PSIP1,11168,Mapped
2,ARL1,400,Mapped
2,SF3B6,51639,Mapped
2,CDK4,1019,Mapped
2,NDUFS2,4720,Mapped
2,PSMB4,5692,Mapped
2,ALDH16A1,126133,Mapped
2,PLLP,51090,Mapped
2,ATP6V1G1,9550,Mapped
2,YBEY,54059,Mapped
2,COX14,84987,Mapped
2,CLIC1,1192,Mapped
2,LAMTOR5,10542,Mapped
2,UCHL3,7347,Mapped
2,MPZL2,10205,Mapped
2,MGST3,4259,Mapped
2,ACTR1B,10120,Mapped
2,FBL,2091,Mapped
2,PAK4,10298,Mapped
2,SYNCRIP,10492,Mapped
2,DDAH2,23564,Mapped
2,PCBD1,5092,Mapped
2,PUF60,22827,Mapped
2,CHCHD1,118487,Mapped
2,FKBP10,60681,Mapped
2,MRPL3,11222,Mapped
2,ATP5MC3,518,Mapped
2,CFL1,1072,Mapped
2,SAP18,10284,Mapped
2,MEAF6,64769,Mapped
2,MRPL58,3396,Mapped
2,OAT,4942,Mapped
2,CCT8,10694,Mapped
2,MAGEF1,64110,Mapped
2,EFNA4,1945,Mapped
2,MED10,84246,Mapped
2,FARSA,2193,Mapped
2,SPINT2,10653,Mapped
2,PSENEN,55851,Mapped
2,ISOC2,79763,Mapped
2,LINC00623,728855,Mapped
2,FXYD6,53826,Mapped
2,NCBP2-AS2,NA,Unmapped
2,MRPL14,64928,Mapped
2,SERP1,27230,Mapped
2,SRSF9,8683,Mapped
2,SLC3A2,6520,Mapped
2,PPP2R1A,5518,Mapped
2,CISD1,55847,Mapped
2,EI24,9538,Mapped
2,MLF2,8079,Mapped
2,ARPC3,10094,Mapped
2,LAMTOR2,28956,Mapped
2,MARCKSL1,65108,Mapped
2,EIF4G1,1981,Mapped
2,TSEN34,79042,Mapped
2,TFAM,7019,Mapped
2,ERG28,11161,Mapped
2,DHPS,1725,Mapped
2,WRB,NA,Unmapped
2,SUMO1,7341,Mapped
2,ECH1,1891,Mapped
2,TMEM14C,51522,Mapped
2,MRPL39,54148,Mapped
2,POLR2H,5437,Mapped
2,NQO1,1728,Mapped
2,CSRP2,1466,Mapped
2,CD63,967,Mapped
2,YWHAQ,10971,Mapped
2,SLPI,6590,Mapped
2,BASP1,10409,Mapped
2,APH1A,51107,Mapped
2,PFN1,5216,Mapped
2,WDR83OS,51398,Mapped
2,EBLN3P,100506710,Mapped
2,LSM4,25804,Mapped
2,EMP2,2013,Mapped
2,SPATC1L,84221,Mapped
2,DBI,1622,Mapped
2,MDH1,4190,Mapped
2,HAT1,8520,Mapped
2,MAGOH,4116,Mapped
2,SPATS2,65244,Mapped
2,MRPS12,6183,Mapped
2,THYN1,29087,Mapped
2,RBM17,84991,Mapped
2,TBCA,6902,Mapped
2,SDC1,6382,Mapped
2,DESI2,51029,Mapped
2,PDIA6,10130,Mapped
2,DPM1,8813,Mapped
2,UBXN4,23190,Mapped
2,GORASP2,26003,Mapped
2,RAB5IF,55969,Mapped
2,TEAD2,8463,Mapped
2,LAGE3,8270,Mapped
2,C6orf48,NA,Unmapped
2,PPP4C,5531,Mapped
2,PGAM1,5223,Mapped
2,UTP11,51118,Mapped
2,LARP6,55323,Mapped
2,MDFI,4188,Mapped
2,ERGIC3,51614,Mapped
2,YIPF3,25844,Mapped
2,CD9,928,Mapped
2,RTRAF,51637,Mapped
2,ATP5PD,10476,Mapped
2,DNASE2,1777,Mapped
2,COX4I1,1327,Mapped
2,LAPTM4A,9741,Mapped
2,EIF3D,8664,Mapped
2,RFXANK,8625,Mapped
2,GNL2,29889,Mapped
2,NAP1L1,4673,Mapped
2,PSMD2,5708,Mapped
2,SUMO3,6612,Mapped
2,ACTL6A,86,Mapped
2,GMPS,8833,Mapped
2,KRT8,3856,Mapped
2,MRPS15,64960,Mapped
2,PRDX4,10549,Mapped
2,PHGDH,26227,Mapped
2,MORF4L2,9643,Mapped
2,ATP5MG,10632,Mapped
2,CRABP1,1381,Mapped
2,LMCD1,29995,Mapped
2,SSR1,6745,Mapped
2,MAP1LC3B,81631,Mapped
2,ODC1,4953,Mapped
2,C1orf122,127687,Mapped
2,LMO4,8543,Mapped
2,PARP1,142,Mapped
2,HNRNPH3,3189,Mapped
2,TMEM123,114908,Mapped
2,TMEM205,374882,Mapped
2,FAM178B,51252,Mapped
2,PRPF31,26121,Mapped
2,PERP,64065,Mapped
2,TMEM258,746,Mapped
2,FADS2,9415,Mapped
2,NR1H2,7376,Mapped
2,MSRB2,22921,Mapped
2,SH3BGR,6450,Mapped
2,ARF4,378,Mapped
2,YIF1A,10897,Mapped
2,UBB,7314,Mapped
2,GRN,2896,Mapped
2,FDPS,2224,Mapped
2,SLIRP,81892,Mapped
2,PCNA,5111,Mapped
2,CHCHD2,51142,Mapped
2,CALR,811,Mapped
2,MDK,4192,Mapped
2,POLR1D,51082,Mapped
2,SF3B2,10992,Mapped
2,SIX1,6495,Mapped
2,CCNH,902,Mapped
2,UNC50,25972,Mapped
2,RASIP1,54922,Mapped
2,SMCO4,56935,Mapped
2,MYDGF,56005,Mapped
2,KIT,3815,Mapped
2,PRDX1,5052,Mapped
2,HSBP1,3281,Mapped
2,TFPT,29844,Mapped
2,CCND1,595,Mapped
2,TTYH1,57348,Mapped
2,MALL,7851,Mapped
2,TUBA1B,10376,Mapped
2,FABP5,2171,Mapped
2,KRT6B,3854,Mapped
2,NPW,283869,Mapped
2,SEC11C,90701,Mapped
2,PSMG1,8624,Mapped
2,TTC3,7267,Mapped
2,MBOAT7,79143,Mapped
2,NOTCH3,4854,Mapped
2,EIF3L,51386,Mapped
2,TMED10,10972,Mapped
2,CRABP2,1382,Mapped
2,PRPF40A,55660,Mapped
2,LMAN1,3998,Mapped
2,RPS7,6201,Mapped
2,MYC,4609,Mapped
2,POLR2F,5435,Mapped
2,COMMD6,170622,Mapped
2,S100A1,6271,Mapped
2,TMED2,10959,Mapped
2,PCBP2,5094,Mapped
2,CNPY2,10330,Mapped
2,FYTTD1,84248,Mapped
2,RBM42,79171,Mapped
2,RPS25,6230,Mapped
2,KRT16,3868,Mapped
2,CYB5A,1528,Mapped
2,MRPL47,57129,Mapped
2,DDX39A,10212,Mapped
2,ARL6IP5,10550,Mapped
2,TUBA1C,84790,Mapped
2,RBX1,9978,Mapped
2,CLDN7,1366,Mapped
2,VIM,7431,Mapped
2,TRMT10C,54931,Mapped
2,ANKRD35,148741,Mapped
2,HEXIM1,10614,Mapped
2,CDKN2A,1029,Mapped
2,CAPG,822,Mapped
2,ANAPC16,119504,Mapped
2,COX5B,1329,Mapped
2,S100P,6286,Mapped
2,NACA,4666,Mapped
2,MLEC,9761,Mapped
2,UQCRH,7388,Mapped
2,SEC63,11231,Mapped
2,HIGD2A,192286,Mapped
2,FAM213A,NA,Unmapped
2,NIPSNAP3A,25934,Mapped
2,FAM162A,26355,Mapped
2,FXYD3,5349,Mapped
2,HNRNPA1,3178,Mapped
2,CCT5,22948,Mapped
2,RPL39L,116832,Mapped
2,DNAJC9,23234,Mapped
2,H3F3A,NA,Unmapped
2,SMIM7,79086,Mapped
2,GTPBP4,23560,Mapped
2,MYO10,4651,Mapped
2,APLP2,334,Mapped
2,CCSER2,54462,Mapped
2,DCUN1D5,84259,Mapped
2,PAM,5066,Mapped
2,MFSD1,64747,Mapped
2,LURAP1L,286343,Mapped
2,ERLEC1,27248,Mapped
2,RPL23A,6147,Mapped
2,ASPG,374569,Mapped
2,HEY1,23462,Mapped
2,LAPTM4B,55353,Mapped
2,RPS16,6217,Mapped
2,SH3YL1,26751,Mapped
2,RPL35A,6165,Mapped
2,AP3S1,1176,Mapped
2,TMEM59,9528,Mapped
2,RPL8,6132,Mapped
2,CKS1B,1163,Mapped
2,AQP3,360,Mapped
2,PEPD,5184,Mapped
2,RHOBTB3,22836,Mapped
2,KANK2,25959,Mapped
2,CSTB,1476,Mapped
2,TMEM213,155006,Mapped
2,IGFBP5,3488,Mapped
2,FAM84A,NA,Unmapped
2,RPL31,6160,Mapped
2,TM9SF2,9375,Mapped
2,GCHFR,2644,Mapped
2,RFC4,5984,Mapped
2,RPS5,6193,Mapped
2,REEP5,7905,Mapped
2,RPS10,6204,Mapped
2,YBX1,4904,Mapped
2,EEF1B2,1933,Mapped
2,TMEM45A,55076,Mapped
2,RPL7,6129,Mapped
2,RPL24,6152,Mapped
2,EIF4A2,1974,Mapped
2,VCAN,1462,Mapped
2,IGFBP3,3486,Mapped
2,RPS23,6228,Mapped
2,CXADR,1525,Mapped
2,RPL27,6155,Mapped
2,RRAGA,10670,Mapped
2,EWSR1,2130,Mapped
2,KRT14,3861,Mapped
2,YIPF2,78992,Mapped
2,PPP1R16A,84988,Mapped
2,BAMBI,25805,Mapped
2,DDIT4,54541,Mapped
2,RABAC1,10567,Mapped
2,GPI,2821,Mapped
2,SERTAD4,56256,Mapped
2,THUMPD3-AS1,440944,Mapped
2,NDUFA4L2,NA,Unmapped
2,GMPR,2766,Mapped
2,C19orf48,NA,Unmapped
2,RPL13A,23521,Mapped
2,CACNA1A,773,Mapped
2,SELENBP1,8991,Mapped
2,KRT5,3852,Mapped
2,RPL5,6125,Mapped
2,RPS26,6231,Mapped
2,EEF1A1,1915,Mapped
2,NUCB2,4925,Mapped
2,RPL18A,6142,Mapped
2,LGALS1,3956,Mapped
2,SERTAD4-AS1,574036,Mapped
2,GAPDH,2597,Mapped
2,CALML5,51806,Mapped
2,PSAP,5660,Mapped
2,RPS11,6205,Mapped
2,TNNT1,7138,Mapped
2,COL8A1,1295,Mapped
2,RPS18,6222,Mapped
2,NFIX,4784,Mapped
2,RPL18,6141,Mapped
2,POLE4,56655,Mapped
2,FAM3B,54097,Mapped
2,UBA52,7311,Mapped
2,TET1,80312,Mapped
2,PTX3,5806,Mapped
2,RPLP2,6181,Mapped
2,RPS6,6194,Mapped
2,RBP4,5950,Mapped
2,CADM1,23705,Mapped
2,CLEC7A,64581,Mapped
2,HSPA14.1,NA,Unmapped
2,RPL28,6158,Mapped
2,RPL7A,6130,Mapped
2,PLTP,5360,Mapped
2,JUNB,3726,Mapped
2,MXRA8,54587,Mapped
2,CXCR4,7852,Mapped
2,PPP1R1B,84152,Mapped
2,DLX5,1749,Mapped
2,MAL,4118,Mapped
2,RPL32,6161,Mapped
2,FOLR1,2348,Mapped
2,CXCL14,9547,Mapped
2,RPS27A,6233,Mapped
2,RPS9,6203,Mapped
2,CHST9,83539,Mapped
2,NECTIN4,81607,Mapped
2,RPL6,6128,Mapped
2,RPL10A,4736,Mapped
2,AC020916.1,NA,Unmapped
2,RPS24,6229,Mapped
2,NEBL,10529,Mapped
2,CDA,978,Mapped
2,RPL21,6144,Mapped
2,GJA1,2697,Mapped
2,CALML3,810,Mapped
2,FGFBP2,83888,Mapped
2,RPL41,6171,Mapped
2,GPX3,2878,Mapped
2,RPL10,6134,Mapped
2,ID1,3397,Mapped
2,ALDH1A1,216,Mapped
2,AL139393.2,NA,Unmapped
2,ERBB3,2065,Mapped
2,CHST1,8534,Mapped
2,CA2,760,Mapped
2,HOOK2,29911,Mapped
2,DLX1,1745,Mapped
2,P4HA1,5033,Mapped
2,HSD17B1,3292,Mapped
2,TF,7018,Mapped
2,NCBP2,22916,Mapped
2,AC011503.1,NA,Unmapped
2,KIAA1324,NA,Unmapped
2,SCRG1,11341,Mapped
2,LTBP4,8425,Mapped
2,CTHRC1,115908,Mapped
